Workbook

Sheet Information
B2: Destiny 2 PvE Legendary Weapon Damage Generator
B3: Spreadsheet created and maintained by RokDC and Maeix - Contact at the bottom
B5: Update following the number crunching with EoF will probably take a bit of time as every weapon will need retesting. Still hope the new shooting range streamlines this process for faster and more reliable updates in the future!
A6: Version: | B6: 3.1
A7: Most recent version available: | B7: =IFERROR(__xludf.DUMMYFUNCTION("importrange(""https://docs.google.com/spreadsheets/d/1rY_iChu08CVnIMfHliZQwup10-GnmPtEu5FG0DNy8VM/edit"",""Information!B6"")"),"3.1") -> 3.1
B8: =IF(B6=B7,"","Update available! - In order to update the sheet, you need to create a new personal copy with the link below. Please check the changelog on the original sheet.")
A9: Link to the original sheet for updates: | B9: =HYPERLINK("https://docs.google.com/spreadsheets/d/1rY_iChu08CVnIMfHliZQwup10-GnmPtEu5FG0DNy8VM/edit?usp=sharing") -> https://docs.google.com/spreadsheets/d/1rY_iChu08CVnIMfHliZQwup10-GnmPtEu5FG0DNy8VM/edit?usp=sharing
A10: Hyperlink to share the sheet: | B10: https://destiny2.science/damage-generator
A11: Get started | B11: You can browse the public version of the spreadsheet. For full access to the sheet and all of its features you need to make a personal copy. (File > Create a copy; Google account required) Your personal copy will notify you about future updates. Please do not request access to the original spreadsheet.
A12: =IMAGE("https://cdn.icon-icons.com/icons2/272/PNG/512/Youtube_30038.png") | B12: =HYPERLINK("https://www.youtube.com/watch?v=khlzyX72jkc","You can find a tutorial on how to use this spreadsheet on YouTube (outdated)") -> You can find a tutorial on how to use this spreadsheet on YouTube (outdated)
A13: =IMAGE("https://encrypted-tbn3.gstatic.com/images?q=tbn:ANd9GcR8t3Q_kYYlM9FI7Y_IThJlk8MR9eyAzShqgzdzoXr3m7ymrwQ") | B13: =HYPERLINK("https://podcasts.google.com/feed/aHR0cHM6Ly9mZWVkcy5jYXB0aXZhdGUuZm0vcHZlLXBvZGNhc3QtdmVyc3VzLWVuZW1pZXMv/episode/YmI4NTVjYmQtMzhhMS00OTU3LWExYTMtOWJkMGU2MTFhNzQ2?sa=X&ved=0CAUQkfYCahcKEwjQh-mQlOqCAxUAAAAAHQAAAAAQAQ","RokDC and this spreadsheet on PvE: Podcast Versus Enemies") -> RokDC and this spreadsheet on PvE: Podcast Versus Enemies
A15: Spreadsheet Overview
A16: Database | B16: Central HUB - Includes all Special and and Heavy Legendary Weapons, their base data and various Damage metrics
A17: Main features | B17: - Select an encounter for discrete damage output
B18: - Apply global modifiers regarding magazine size, reserves or reload speed
B19: - Sort and Filter by many parameters
B20: - Apply Buffs and Debuffs to the calculations
B21: - Craft weapons by selecting Element and Perks
A22: Buffs/Debuffs | B22: Advanced buff/debuff stacking calculator, can be applied to the 'Database'
A23: Damage Chart | B23: Visualisation of Damage and DPS of all weapons in the database
A24: Selected Comparison | B24: Head-to-head comparison of all parameters of selected guns.
A25: Visual Comparison | B25: Visual comparison of the selected guns as a staircase diagram. Visual intervals dont always match the firerate which can cause inconsistent visual step lengths.
A27: Changelog
A28: 2024-11-09 v3.1 | B28: Addition of missing (Aggressive Glaive, Aggressive Sword) and new (Heavy Burst Shotgun) Archetypes
A29: 2024-10-27 v3.0 | B29: Rework of the spreadsheet including removal of any exotic weapons and addition of new features - See more in the v3.0 News above
A30: 2024-06-06 v2.7 | B30: Tentative Update of the Database based on the Patchnotes for Final Shape - In-game testing will take place after the Raid race; Visual comparisons have not been updated yet nor has the Scaling feature
A31: 2024-05-16 v2.6.5 | B31: Various Hotfixes (thanks to users crossboy and reichembach on Discord); Adjustements/corrections
A32: 2024-04-18 v2.6.4 | B32: Into the Light patch; GL Impact changes; Micro-Missile frame added; 1KV reserves
A33: 2024-03-15 v2.6.3 | B33: Implementing undocumented changes to special GLs; Unclear if intended from Bungie, might get rolled back/fixed at any time
A34: 2024-03-06 v2.6.2 | B34: Hotfix for Update 2.6.1; Anarchy ticks, Wendigo, Backend stuff
A35: 2024-03-06 v2.6.1 | B35: Midseason patch for Season of the Wish; Rocket and HGL Reserves, Spike Grenades; Misc;
A36: 2023-11-29 v2.6 | B36: Season of the Wish launch update; Swords; Glaives; New Exotic; Misc
A37: 2023-09-17 v2.5.1 | B37: Sword update; Updating combos and resulting damage values after the charge time changes; Adding in recently added sword archetypes; Addition of Crota's End encounters
A38: 2023-08-24 v2.5 | B38: Season of the Witch patch; New exotic weapons and reserve changes
A39: 2023-06-25 v2.4 | B39: Catch-up update for timelines and Buffs and Debuffs, now up to date with Lightfall and Season of the Deep sandbox changes
... A101: Disclaimer / Remarks | B101: All data got collected manually and therefore can include mistakes like false values or information. If you happen to notice one, please contact us! Some of the parameters are relatively hard to determine precisely and we obviously can't guarantee them to always be correct. As most of the data on timings got determined using frame counting on 60fps recordings, the general margin of error is 16.66ms. This is even more of an issue as some of the values listed in game turned out to be misleading or straight up wrong. (Example: Truth is listed as 15 RPM while it actually is 45 RPM). Even the slightest change in values or assumptions can cause significant movement among the rankings so judge the weapons with caution and common sense and don't blindly rely on this spreadsheet.
B102: Some (exotic) weapon mechanics exceed what the formulas can handle and therefore got slightly simplified. Read more on those cases in the 'How-To-Use'-tab
B103: The numbers in this spreadsheet require (almost) perfect conditions and execution in most cases. Consider them the theoretical ceiling. Ease-of-use is not a factor in this framework but will always be in praxis.
B104: The scope of this spreadsheet was to make weapons more comparable by applying coherent and consistent measures and calculations. The modifiers allow for indidividual settings and the assumptions made regarding several parameters try to be as close to actual Raid Boss encounters as possible.
A106: Contact | B106: For any questions/remarks/corrections please contact @maeix on Discord or visit the Destiny Science Discord server (Hivemind)

Sheet How To Use
A2: Features How to use this Spreadsheet
A3: Database Features | B3: 1. General functionalities
B4: Table | C4: All columns can be sorted and filtered to search for specific weapons and frames; A lot of columns are hidden by default - Expand them at your own risk
C5: Weapons are sorted by weapon type (e.g. Fusion Rifle, Shotgun, etc.) and frame (e.g. Adaptive Frame, Precision Frame, etc.)
C6: Special Weapons (Green background)
C7: Heavy Weapons (Purple background)
B8: Select | C8: The select feature allows for quick selection of weapons (toggle the box(es) and then filter by 'TRUE')
B9: 2. Global modifiers
B10: Raid Encounters | C10: The drop-down menu includes all dungeon and raid bosses to be selected
C11: Note: Durations are not 100% precise and are very loosely measured. In most situations you won't have the full duration to play with due to encounter design and damage setups.
B12: Custom | C12: The custom damage phase duration lets you enter a custom duration as long as you toggle the box.
B13: Encounter Damage | C13: The Encounter duration determines the 'Encounter damage' in the last column of the database. This is the discrete theoretical damage output for the given duration.
B14: 3. Perk selection
B15: Functionality | C15: Allows to assign an element and 2 perks to each weapon. If you want to create multiple weapons of the same frame, just copy the base entry in a new row.
C16: Not all perks are available as not everything works with the architecture of the spreadsheet and not all available perks realistically work with each weapon.
C17: Some Perks get simplified to be applicable universally. Perks that require weapon rotations (Envious Arsenal, BnS,...) do not take the rotation into account, the Damage per second is only for the time shooting the gun in question.
C18: The assigned element determines the application of selected element-specific buffs like Surges in the Buffs/Debuffs section
B19: 4. Damage scores
B20: TDO & DPS Scores | C20: TDO and DPS Scores are intended to be a tool for quick relative comparison. The highest current value in the database equals a score of 100. Selected perks, buffs and debuffs are considered.
B21: Damage Score | C21: Damage score is the average value of the TDO and DPS Score without any weighting. I promise
A22: Buffs/ Debuff selection | B22: 5. Buff/Debuff selection
B23: Functionality | C23: The Buff/Debuff tab offers an advanced buff/debuff stacking calculator that follows all stacking rules. Multipliers are calculated per weapon type and per element and can be applied to the Database.
C24: Buffs and Debuffs are opt-in
A25: Comparisons | B25: 5. Select
B26: Select | C26: Select up to 10 weapons from the 'Database'-tab for a head-to-head comparison on the 'Selected Comparison'-tab and the 'Visual Comparison'-tab. The current selection in the public version is for demonstration purposes.
B27: 5.1. Numeric Comparison
B28: Selected Comparison | C28: This sheet allows for a numeric comparison of the selected guns with the parameters and KPIs from the 'Database' Tab. Conditioned formatting is adjusted for a head-to-head comparison
B29: 5.2. Visual Comparison
B30: Graphs | C30: This sheet allows for a visual comparison of the selected guns using a staircase diagram. Please note that this diagram has fixed 0.5s intervals/steps which dont always match the weapon's firerate. This means that vertical lines which represent impacts can only occur every 0,5s. If an impact happens in between these intervals it'll only be displayed at the next 0,5s interval. Multiple shots going down between two interval borders can appear as 1 higher vertical step. This can cause inconsistent visual steps in the staircase function. The values at the 0.5s intervals should always have the correct values nonetheless. In a future update we will try to lower the intervals to 0,1s however this might stress the sheet and its scripts too much. This also has no impact on the accuracy of the Encounter damage value in the database.
A31: Methodology and Explanations How to read this Spreadsheet
A32: Methodology / Special Cases / Additional Notes | B32: 6. Methodology
B33: Parameters | C33: Basic parameters of the weapons used for calculations of the KPIs
B34: Base Impact | C34: Bodyshot damage on Kalli, Last Wish at the activity power cap without any buffs, debuffs or perks active. Values are verified by comparing them to converted bodyshot values from the enclave.
B35: Modified Impact | C35: Applies the weapon's crit multiplier, selected perks, global modifiers and all selected buffs and debuffs.
B36: Magazine | C36: Magazine size (base and max) is sourced from Mossy - It is the average magazine size of all weapons of that frame that have been released since S14
B37: Reserves | C37: Reserves (base and max) are sourced from Mossy - It is the average number of reserves of all weapons of that frame that have been released since S14
B38: RPM | C38: Rounds-per-minute. These are based on the ingame values but got corrected by our findings during the testing.
B39: Reload Speed | C39: Reload speed is calculated using the weapon type specific reload formulas sourced from D2Foundry [If you know who to credit for exactly, please lmk!]. Reload speed includes the base stat (once again, average of recently released weapons) as well as modifiers like loader mods and lunafactions boots as well as selected perks.
B40: KPIs | C40: Performance indicators for all weapons
B41: Time to empty mag | C41: Time it takes to empty one full magazine. The first shot in this model takes place on frame 0. Single shot weapons therefore have a value of 0
B42: Single mag damage | C42: Damage dealt by a single full magazine. Single shot weapons have their impact listed.
B43: Time to empty reserves | C43: Time it takes to empty the entire reserves including all requried reload periods. Marked green if reserves last for the entire encounter length
B44: Total damage | C44: Total damage dealt by shooting the entire reserves of a gun without picking up any ammo during the process.
... B48: Sustained DPS | C48: Damage per second value over infinite time and ammo reserves. This is a more robust measure than total reserves DPS but its undervaluing some weapons with a naturally benefitial reload/mag ratio
B49: Comparison of DPS Values | C49: =HYPERLINK("https://imgur.com/a/4qAQ6Ba", "Click this link for a visualization of the different DPS values") -> Click this link for a visualization of the different DPS values
B50: Encounter Damage | C50: Theoretical max damage output for the selected encounter duration. The damage is based on a discrete function that calculates the number of shots that can be fired and is therefore not based on a linear damage model. This allows to account for reload intervals and periods and the individual damage distribution over time for every weapon. Especially for weapons with highly concentrated damage spikes (f.e. Rocket Launchers) this can make a significant difference over a linear DPS x Length calculation.
B51: 7. Special mechanics
B52: 7.1. Weapon types
B53: Swords | C53: Swords are calculated by using Light Attacks only
B54: Glaives | C54: For Glaives only ranged attacks are considered in this sheet. Melee DPS is a bit higher but has infinite ammo and therefore doesnt really fit the metrics and the sheet's methods.
B55: Rocket Launchers | C55: Rocket Launchers actual RPM deviates from the ingame values
B56: Fusion and Linear Fusion | C56: Fusion Rifles and Linear Fusion Rifles have a charge time delay after every shot of about 512ms which is implemented via the RPM value
B57: 7.2. Perks
A58: Links | B58: Additional resources from the Destiny 2 community
B59: Damage Scaling | C59: Mossy's Damage Scaling Spreadsheet
C60: https://docs.google.com/spreadsheets/d/1b57Hb8m1L3daFfUckQQqvvN6VOpD03KEssvQLMFpC5I/edit#gid=1386975095
B61: Exotics and rotations | C61: Aegis' Damage spreadsheet
C62: https://docs.google.com/spreadsheets/d/1_5wtBjRYHHxuF4oJKDb_iOGZs-wTkzB6RYbnyNLbuz4/edit#gid=1313551887
B63: Buffs and Debuffs | C63: CourtRoom's comprehensive Destiny 2 data spreadsheet
C64: =HYPERLINK("https://docs.google.com/spreadsheets/d/1i1KUwgVkd8qhwYj481gkV9sZNJQCE-C3Q-dpQutPCi4/edit#gid=242217075") -> https://docs.google.com/spreadsheets/d/1i1KUwgVkd8qhwYj481gkV9sZNJQCE-C3Q-dpQutPCi4/edit#gid=242217075
B65: General information | C65: Destiny 2 data compendium
C66: https://docs.google.com/spreadsheets/d/1WaxvbLx7UoSZaBqdFr1u32F2uWVLo-CJunJB4nlGUE4/htmlview?pru=AAABe9E7ngw*TxEsfbPsk5ukmr0FbZfK8w#gid=1158705568
B67: Collection of Resources | C67: https://linktr.ee/destinyspreadsheets

Sheet Database
B2: Encounter Information | F2: Expand between columns J and AB ‹‹ | K2: ›› for all base values and more parameters
B3: PoH - Zulmak
B4: =IF(C5=TRUE,B5,VLOOKUP(B3,backend!$E$4:F57,2,FALSE)) -> 20 | C4: Damage phase duration in seconds
B5: 30 | C5: FALSE | D5: ✎ Custom Damage phase duration | F5: In order to use all functionalities like sorting, filtering or selecting perks, you need to make a copy. See 'Information - Get started' | H5: Selected modifiers, element and perks get applied to all subsequent damage calculations In order to craft multiple weapons of the same type add a row and copy that weapon's base entry Not all perks are available and not every perk work withs each weapon type. Learn more about the feature and its limitations under 'How To Use' | K5: You can finetune further parameters in this section. It is advised to only change columns in green unless you are very sure what you are doing. For the origins of the values in the green columns, have a look in 'How To Use' | AB5: Damage scores for a quick relative comparison between weapon types. Highest current value per category equals 100. Damage score is the average of TDO and DPS Score | AE5: Values appear in green, if the reserves last for the entire damage phase based on the selected encounter | AG5: Various Damage and DPS metrics based on all previously applied values, parameters and modifiers Optimized DPS: Ending Damage after the last full magazine has been fired Sustained DPS: Damage over a theoretical infinite supply of ammunition Encounter Damage: Discrete Damage that can be done for the duration of the selected Encounter | AN5: These are intermediate calculations, it is advised to not touch them :-)
B6: FALSE | C6: Master (-20 Power delta)
B7: Global Weapon Modifier
B8: FALSE | C8: Apply Buffs and Debuffs
B9: FALSE | C9: 3x Reserve mods (Chest)
B10: FALSE | C10: Max. Magazine size (Backup Mag + Perks)
B11: FALSE | C11: Lunafaction Boots
B12: FALSE | C12: 1x Loader mod (Arms)
B14: Ammo type | C14: ="Select: "&COUNTIF(C15:C57,TRUE)&"/10" -> Select: 0/10 | D14: Weapon type | E14: archetype_code | F14: Frame | G14: Archetype combined | H14: Element | I14: Weapon Perk 1 | J14: Weapon Perk 2 | K14: Damage (Base) | L14: Damage (Modified) | M14: Crit multiplier | N14: Magazine (Base) | O14: Magazine (Max) | P14: Magazine (Modified) | Q14: RPM | R14: RPM (Modified) | S14: Reserves (Base) | T14: Reserves (x3) | U14: Reserves (Modified) | V14: Reload Stat (Base) | W14: Reload Stat (Modified) | X14: Reload Speed (Calc) | Y14: Max Reload Measured | Z14: Reload Cap (VanHolden) | AA14: Reload Speed | AB14: TDO Score | AC14: DPS Score | AD14: Damage Score | AE14: Time to empty magazine | AF14: Time to empty reserves | AG14: Single Mag Damage | AH14: Single Mag DPS | AI14: Total Damage Output (TDO) | AJ14: Optimized Damage | AK14: TDO DPS | AL14: Optimized DPS | AM14: Sustained DPS | AN14: reloads | AO14: time to shoot | AP14: dead time | AQ14: full mags | AR14: full mag dmg | AS14: leftover time | AT14: leftover bullets | AU14: leftover dmg | AV14: Encounter Damage
B15: Special | C15: FALSE | D15: Fusion Rifle | E15: fr_adaptive | F15: Adaptive | G15: =D15&" - "& F15 -> Fusion Rifle - Adaptive | H15: Any | I15: - | J15: - | K15: =VLOOKUP(E15,backend!$BP$5:$BQ57,2,FALSE) -> 39074 | L15: =K15*M15*IF(B15="Special",VLOOKUP(I15,backend!$H$4:$M57,2,FALSE),VLOOKUP(I15,backend!$H$4:$M57,3,FALSE))*IF(B15="Special",VLOOKUP(J15,backend!$H$4:$M57,2,FALSE),VLOOKUP(J15,backend!$H$4:$M57,3,FALSE))*IF($B$8=TRUE,VLOOKUP(D15,BuffsDebuffs!$P$8:$X$27,MATCH(H15,BuffsDebuffs!$P$8:$X$8,0),FALSE),1)*IF($B$6=TRUE,backend!$BN$5,1) -> 39074 | M15: =VLOOKUP(E15,backend!$BP$5:$BS57,4,FALSE) -> 1 | N15: 6 | O15: 8 | P15: =MAX(IFNA(VLOOKUP(IF($B$10=TRUE,O15,N15),backend!$P$4:$Y57,MATCH(I15,backend!$P$3:$Y$3,0),FALSE),IF($B$10=TRUE,O15,N15)),IFNA(VLOOKUP(IF($B$10=TRUE,O15,N15),backend!$P$4:$Y57,MATCH(J15,backend!$P$3:$Y$3,0),FALSE),IF($B$10=TRUE,O15,N15))) -> 6 | Q15: 50 | R15: =Q15/VLOOKUP(I15,backend!$H$4:$N57,7,FALSE)/VLOOKUP(J15,backend!$H$4:$N57,7,FALSE) -> 50 | S15: 19 | T15: 25 | U15: =MAX(IFNA(VLOOKUP(IF($B$9=TRUE,T15,S15),backend!$AA$4:$AF57,MATCH(I15,backend!$AA$3:$AF$3,0),FALSE),IF($B$9=TRUE,T15,S15)),IFNA(VLOOKUP(IF($B$9=TRUE,T15,S15),backend!$AA$4:$AF57,MATCH(J15,backend!$AA$3:$AF$3,0),FALSE),IF($B$9=TRUE,T15,S15))) -> 19 | V15: =VLOOKUP(E15,backend!$BB$4:$BH57,7,FALSE) -> 33.6 | W15: =MIN(100,V15+VLOOKUP(I15,backend!$H$4:$N57,5,FALSE)+VLOOKUP(J15,backend!$H$4:$N57,5,FALSE)+IF($B$11=TRUE,100,0)+IF($B$12,10,0)) -> 33.6 | X15: =(VLOOKUP(D15,backend!$AV$4:$AZ57,2,FALSE)*W15^2+VLOOKUP(D15,backend!$AV$4:$AZ57,3,FALSE)*W15+VLOOKUP(D15,backend!$AV$4:$AZ57,4,FALSE))*VLOOKUP(I15,backend!$H$4:$N57,6,FALSE)*VLOOKUP(J15,backend!$H$4:$N57,6,FALSE)*IF($B$12=TRUE,0.85,1)*IF($B$11=TRUE,0.9,1)*IF(D15="Shotgun",P15,1)*IF(F15="Rapid-Fire",0.8,1)+IF(OR(D15="Fusion Rifle",D15="Linear Fusion Rifle"),0.516,0) -> 2.7485717 | Y15: 1.8 | Z15: =VLOOKUP(D15,backend!$AV$4:$AZ57,5,FALSE)*IF(D15="Shotgun",P15,1)+IF(OR(D15="Fusion Rifle",D15="Linear Fusion Rifle"),0.516,0) -> 1.583 | AA15: =MAX(X15,Z15) -> 2.7485717 | AB15: =AJ15/MAX(AJ$15:AJ57)*100 -> 34.110869 | AC15: =AL15/MAX(AL$15:AL57)*100 -> 57.93603 | AD15: =AVERAGE(AB15:AC15) -> 46.023449 | AE15: =60/R15*(P15-1) -> 6 | AF15: =ROUNDDOWN(U15/P15,0)*AE15+ROUNDDOWN((U15-1)/P15,0)*AA15+Max(0,((U15-ROUNDDOWN(U15/P15,0)*P15)-1)*(60/R15)) -> 26.245715 | AG15: =P15*L15 -> 234444 | AH15: =IF(ISERROR(AG15/AE15),"-",AG15/AE15) -> 39074 | AI15: =U15*L15 -> 742406 | AJ15: =ROUNDDOWN(U15/N15,0)*AG15 -> 703332 | AK15: =AI15/AF15 -> 28286.751 | AL15: =IF(P15=1,AK15,MAX(AK15,(ROUNDDOWN(U15/P15,0)*AG15)/(ROUNDDOWN(U15/P15,0)*AE15+(ROUNDDOWN(U15/P15,0)-1)*AA15))) -> 29932.66 | AM15: =IF(P15=U15,AH15,AG15/(AE15+AA15)) -> 26797.974 | AN15: =ROUNDDOWN(B$4/(AA15+AE15),0) -> 2 | AO15: =B$4-AN15*AA15 -> 14.502857 | AP15: =IF(AN15=AQ15,0,B$4-(AN15*AA15+AQ15*AE15)) -> 0 | AQ15: =MIN(AN15+1,IF(ISERROR(ROUNDDOWN(AO15/AE15,0)),AN15+1,ROUNDDOWN(AO15/AE15,0))) -> 2 | AR15: =AQ15*AG15 -> 468888 | AS15: =Max(0,AO15-AQ15*AE15)-AP15 -> 2.5028566 | AT15: =MIN(N15,IF(AN15<AQ15,0,ROUNDDOWN(IF(AS15=0,0,AS15*(R15/60)+1),0))) -> 3 | AU15: =AT15*L15 -> 117222 | AV15: =Min(AI15,AU15+AR15) -> 586110
B16: Special | C16: FALSE | D16: Fusion Rifle | E16: fr_aggressive | F16: Aggressive | G16: =D16&" - "& F16 -> Fusion Rifle - Aggressive | H16: Any | I16: - | J16: - | K16: =VLOOKUP(E16,backend!$BP$5:$BQ57,2,FALSE) -> 45164 | L16: =K16*M16*IF(B16="Special",VLOOKUP(I16,backend!$H$4:$M57,2,FALSE),VLOOKUP(I16,backend!$H$4:$M57,3,FALSE))*IF(B16="Special",VLOOKUP(J16,backend!$H$4:$M57,2,FALSE),VLOOKUP(J16,backend!$H$4:$M57,3,FALSE))*IF($B$8=TRUE,VLOOKUP(D16,BuffsDebuffs!$P$8:$X$27,MATCH(H16,BuffsDebuffs!$P$8:$X$8,0),FALSE),1)*IF($B$6=TRUE,backend!$BN$5,1) -> 45164 | M16: =VLOOKUP(E16,backend!$BP$5:$BS57,4,FALSE) -> 1 | N16: 7 | O16: 8 | P16: =MAX(IFNA(VLOOKUP(IF($B$10=TRUE,O16,N16),backend!$P$4:$Y57,MATCH(I16,backend!$P$3:$Y$3,0),FALSE),IF($B$10=TRUE,O16,N16)),IFNA(VLOOKUP(IF($B$10=TRUE,O16,N16),backend!$P$4:$Y57,MATCH(J16,backend!$P$3:$Y$3,0),FALSE),IF($B$10=TRUE,O16,N16))) -> 7 | Q16: 45 | R16: =Q16/VLOOKUP(I16,backend!$H$4:$N57,7,FALSE)/VLOOKUP(J16,backend!$H$4:$N57,7,FALSE) -> 45 | S16: 19 | T16: 25 | U16: =MAX(IFNA(VLOOKUP(IF($B$9=TRUE,T16,S16),backend!$AA$4:$AF57,MATCH(I16,backend!$AA$3:$AF$3,0),FALSE),IF($B$9=TRUE,T16,S16)),IFNA(VLOOKUP(IF($B$9=TRUE,T16,S16),backend!$AA$4:$AF57,MATCH(J16,backend!$AA$3:$AF$3,0),FALSE),IF($B$9=TRUE,T16,S16))) -> 19 | V16: =VLOOKUP(E16,backend!$BB$4:$BH57,7,FALSE) -> 34 | W16: =MIN(100,V16+VLOOKUP(I16,backend!$H$4:$N57,5,FALSE)+VLOOKUP(J16,backend!$H$4:$N57,5,FALSE)+IF($B$11=TRUE,100,0)+IF($B$12,10,0)) -> 34 | X16: =(VLOOKUP(D16,backend!$AV$4:$AZ57,2,FALSE)*W16^2+VLOOKUP(D16,backend!$AV$4:$AZ57,3,FALSE)*W16+VLOOKUP(D16,backend!$AV$4:$AZ57,4,FALSE))*VLOOKUP(I16,backend!$H$4:$N57,6,FALSE)*VLOOKUP(J16,backend!$H$4:$N57,6,FALSE)*IF($B$12=TRUE,0.85,1)*IF($B$11=TRUE,0.9,1)*IF(D16="Shotgun",P16,1)*IF(F16="Rapid-Fire",0.8,1)+IF(OR(D16="Fusion Rifle",D16="Linear Fusion Rifle"),0.516,0) -> 2.7423133 | Y16: 1.816 | Z16: =VLOOKUP(D16,backend!$AV$4:$AZ57,5,FALSE)*IF(D16="Shotgun",P16,1)+IF(OR(D16="Fusion Rifle",D16="Linear Fusion Rifle"),0.516,0) -> 1.583 | AA16: =MAX(X16,Z16) -> 2.7423133 | AB16: =AJ16/MAX(AJ$15:AJ58)*100 -> 30.665697 | AC16: =AL16/MAX(AL$15:AL58)*100 -> 65.298118 | AD16: =AVERAGE(AB16:AC16) -> 47.981908 | AE16: =60/R16*(P16-1) -> 8 | AF16: =ROUNDDOWN(U16/P16,0)*AE16+ROUNDDOWN((U16-1)/P16,0)*AA16+Max(0,((U16-ROUNDDOWN(U16/P16,0)*P16)-1)*(60/R16)) -> 26.81796 | AG16: =P16*L16 -> 316148 | AH16: =IF(ISERROR(AG16/AE16),"-",AG16/AE16) -> 39518.5 | AI16: =U16*L16 -> 858116 | AJ16: =ROUNDDOWN(U16/N16,0)*AG16 -> 632296 | AK16: =AI16/AF16 -> 31997.811 | AL16: =IF(P16=1,AK16,MAX(AK16,(ROUNDDOWN(U16/P16,0)*AG16)/(ROUNDDOWN(U16/P16,0)*AE16+(ROUNDDOWN(U16/P16,0)-1)*AA16))) -> 33736.284 | AM16: =IF(P16=U16,AH16,AG16/(AE16+AA16)) -> 29430.16 | AN16: =ROUNDDOWN(B$4/(AA16+AE16),0) -> 1 | AO16: =B$4-AN16*AA16 -> 17.257687 | AP16: =IF(AN16=AQ16,0,B$4-(AN16*AA16+AQ16*AE16)) -> 1.2576867 | AQ16: =MIN(AN16+1,IF(ISERROR(ROUNDDOWN(AO16/AE16,0)),AN16+1,ROUNDDOWN(AO16/AE16,0))) -> 2 | AR16: =AQ16*AG16 -> 632296 | AS16: =Max(0,AO16-AQ16*AE16)-AP16 -> 0 | AT16: =MIN(N16,IF(AN16<AQ16,0,ROUNDDOWN(IF(AS16=0,0,AS16*(R16/60)+1),0))) -> 0 | AU16: =AT16*L16 -> 0 | AV16: =Min(AI16,AU16+AR16) -> 632296
B17: Special | C17: FALSE | D17: Fusion Rifle | E17: fr_hi | F17: High-Impact | G17: =D17&" - "& F17 -> Fusion Rifle - High-Impact | H17: Any | I17: - | J17: - | K17: =VLOOKUP(E17,backend!$BP$5:$BQ57,2,FALSE) -> 49575 | L17: =K17*M17*IF(B17="Special",VLOOKUP(I17,backend!$H$4:$M57,2,FALSE),VLOOKUP(I17,backend!$H$4:$M57,3,FALSE))*IF(B17="Special",VLOOKUP(J17,backend!$H$4:$M57,2,FALSE),VLOOKUP(J17,backend!$H$4:$M57,3,FALSE))*IF($B$8=TRUE,VLOOKUP(D17,BuffsDebuffs!$P$8:$X$27,MATCH(H17,BuffsDebuffs!$P$8:$X$8,0),FALSE),1)*IF($B$6=TRUE,backend!$BN$5,1) -> 49575 | M17: =VLOOKUP(E17,backend!$BP$5:$BS57,4,FALSE) -> 1 | N17: 5 | O17: 8 | P17: =MAX(IFNA(VLOOKUP(IF($B$10=TRUE,O17,N17),backend!$P$4:$Y57,MATCH(I17,backend!$P$3:$Y$3,0),FALSE),IF($B$10=TRUE,O17,N17)),IFNA(VLOOKUP(IF($B$10=TRUE,O17,N17),backend!$P$4:$Y57,MATCH(J17,backend!$P$3:$Y$3,0),FALSE),IF($B$10=TRUE,O17,N17))) -> 5 | Q17: 39.56 | R17: =Q17/VLOOKUP(I17,backend!$H$4:$N57,7,FALSE)/VLOOKUP(J17,backend!$H$4:$N57,7,FALSE) -> 39.56 | S17: 18 | T17: 25 | U17: =MAX(IFNA(VLOOKUP(IF($B$9=TRUE,T17,S17),backend!$AA$4:$AF57,MATCH(I17,backend!$AA$3:$AF$3,0),FALSE),IF($B$9=TRUE,T17,S17)),IFNA(VLOOKUP(IF($B$9=TRUE,T17,S17),backend!$AA$4:$AF57,MATCH(J17,backend!$AA$3:$AF$3,0),FALSE),IF($B$9=TRUE,T17,S17))) -> 18 | V17: =VLOOKUP(E17,backend!$BB$4:$BH57,7,FALSE) -> 19 | W17: =MIN(100,V17+VLOOKUP(I17,backend!$H$4:$N57,5,FALSE)+VLOOKUP(J17,backend!$H$4:$N57,5,FALSE)+IF($B$11=TRUE,100,0)+IF($B$12,10,0)) -> 19 | X17: =(VLOOKUP(D17,backend!$AV$4:$AZ57,2,FALSE)*W17^2+VLOOKUP(D17,backend!$AV$4:$AZ57,3,FALSE)*W17+VLOOKUP(D17,backend!$AV$4:$AZ57,4,FALSE))*VLOOKUP(I17,backend!$H$4:$N57,6,FALSE)*VLOOKUP(J17,backend!$H$4:$N57,6,FALSE)*IF($B$12=TRUE,0.85,1)*IF($B$11=TRUE,0.9,1)*IF(D17="Shotgun",P17,1)*IF(F17="Rapid-Fire",0.8,1)+IF(OR(D17="Fusion Rifle",D17="Linear Fusion Rifle"),0.516,0) -> 2.9904794 | Y17: 2.034 | Z17: =VLOOKUP(D17,backend!$AV$4:$AZ57,5,FALSE)*IF(D17="Shotgun",P17,1)+IF(OR(D17="Fusion Rifle",D17="Linear Fusion Rifle"),0.516,0) -> 1.583 | AA17: =MAX(X17,Z17) -> 2.9904794 | AB17: =AJ17/MAX(AJ$15:AJ59)*100 -> 36.065037 | AC17: =AL17/MAX(AL$15:AL59)*100 -> 59.522376 | AD17: =AVERAGE(AB17:AC17) -> 47.793706 | AE17: =60/R17*(P17-1) -> 6.0667341 | AF17: =ROUNDDOWN(U17/P17,0)*AE17+ROUNDDOWN((U17-1)/P17,0)*AA17+Max(0,((U17-ROUNDDOWN(U17/P17,0)*P17)-1)*(60/R17)) -> 30.205008 | AG17: =P17*L17 -> 247875 | AH17: =IF(ISERROR(AG17/AE17),"-",AG17/AE17) -> 40858.062 | AI17: =U17*L17 -> 892350 | AJ17: =ROUNDDOWN(U17/N17,0)*AG17 -> 743625 | AK17: =AI17/AF17 -> 29543.115 | AL17: =IF(P17=1,AK17,MAX(AK17,(ROUNDDOWN(U17/P17,0)*AG17)/(ROUNDDOWN(U17/P17,0)*AE17+(ROUNDDOWN(U17/P17,0)-1)*AA17))) -> 30752.245 | AM17: =IF(P17=U17,AH17,AG17/(AE17+AA17)) -> 27367.689 | AN17: =ROUNDDOWN(B$4/(AA17+AE17),0) -> 2 | AO17: =B$4-AN17*AA17 -> 14.019041 | AP17: =IF(AN17=AQ17,0,B$4-(AN17*AA17+AQ17*AE17)) -> 0 | AQ17: =MIN(AN17+1,IF(ISERROR(ROUNDDOWN(AO17/AE17,0)),AN17+1,ROUNDDOWN(AO17/AE17,0))) -> 2 | AR17: =AQ17*AG17 -> 495750 | AS17: =Max(0,AO17-AQ17*AE17)-AP17 -> 1.885573 | AT17: =MIN(N17,IF(AN17<AQ17,0,ROUNDDOWN(IF(AS17=0,0,AS17*(R17/60)+1),0))) -> 2 | AU17: =AT17*L17 -> 99150 | AV17: =Min(AI17,AU17+AR17) -> 594900
B18: Special | C18: FALSE | D18: Fusion Rifle | E18: fr_precision | F18: Precision | G18: =D18&" - "& F18 -> Fusion Rifle - Precision | H18: Any | I18: - | J18: - | K18: =VLOOKUP(E18,backend!$BP$5:$BQ57,2,FALSE) -> 40523 | L18: =K18*M18*IF(B18="Special",VLOOKUP(I18,backend!$H$4:$M57,2,FALSE),VLOOKUP(I18,backend!$H$4:$M57,3,FALSE))*IF(B18="Special",VLOOKUP(J18,backend!$H$4:$M57,2,FALSE),VLOOKUP(J18,backend!$H$4:$M57,3,FALSE))*IF($B$8=TRUE,VLOOKUP(D18,BuffsDebuffs!$P$8:$X$27,MATCH(H18,BuffsDebuffs!$P$8:$X$8,0),FALSE),1)*IF($B$6=TRUE,backend!$BN$5,1) -> 40523 | M18: =VLOOKUP(E18,backend!$BP$5:$BS57,4,FALSE) -> 1 | N18: 6 | O18: 8 | P18: =MAX(IFNA(VLOOKUP(IF($B$10=TRUE,O18,N18),backend!$P$4:$Y57,MATCH(I18,backend!$P$3:$Y$3,0),FALSE),IF($B$10=TRUE,O18,N18)),IFNA(VLOOKUP(IF($B$10=TRUE,O18,N18),backend!$P$4:$Y57,MATCH(J18,backend!$P$3:$Y$3,0),FALSE),IF($B$10=TRUE,O18,N18))) -> 6 | Q18: 45.57 | R18: =Q18/VLOOKUP(I18,backend!$H$4:$N57,7,FALSE)/VLOOKUP(J18,backend!$H$4:$N57,7,FALSE) -> 45.57 | S18: 20 | T18: 28 | U18: =MAX(IFNA(VLOOKUP(IF($B$9=TRUE,T18,S18),backend!$AA$4:$AF57,MATCH(I18,backend!$AA$3:$AF$3,0),FALSE),IF($B$9=TRUE,T18,S18)),IFNA(VLOOKUP(IF($B$9=TRUE,T18,S18),backend!$AA$4:$AF57,MATCH(J18,backend!$AA$3:$AF$3,0),FALSE),IF($B$9=TRUE,T18,S18))) -> 20 | V18: =VLOOKUP(E18,backend!$BB$4:$BH57,7,FALSE) -> 30.8 | W18: =MIN(100,V18+VLOOKUP(I18,backend!$H$4:$N57,5,FALSE)+VLOOKUP(J18,backend!$H$4:$N57,5,FALSE)+IF($B$11=TRUE,100,0)+IF($B$12,10,0)) -> 30.8 | X18: =(VLOOKUP(D18,backend!$AV$4:$AZ57,2,FALSE)*W18^2+VLOOKUP(D18,backend!$AV$4:$AZ57,3,FALSE)*W18+VLOOKUP(D18,backend!$AV$4:$AZ57,4,FALSE))*VLOOKUP(I18,backend!$H$4:$N57,6,FALSE)*VLOOKUP(J18,backend!$H$4:$N57,6,FALSE)*IF($B$12=TRUE,0.85,1)*IF($B$11=TRUE,0.9,1)*IF(D18="Shotgun",P18,1)*IF(F18="Rapid-Fire",0.8,1)+IF(OR(D18="Fusion Rifle",D18="Linear Fusion Rifle"),0.516,0) -> 2.7929321 | Y18: 1.9 | Z18: =VLOOKUP(D18,backend!$AV$4:$AZ57,5,FALSE)*IF(D18="Shotgun",P18,1)+IF(OR(D18="Fusion Rifle",D18="Linear Fusion Rifle"),0.516,0) -> 1.583 | AA18: =MAX(X18,Z18) -> 2.7929321 | AB18: =AJ18/MAX(AJ$15:AJ60)*100 -> 35.375818 | AC18: =AL18/MAX(AL$15:AL60)*100 -> 55.7243 | AD18: =AVERAGE(AB18:AC18) -> 45.550059 | AE18: =60/R18*(P18-1) -> 6.5832785 | AF18: =ROUNDDOWN(U18/P18,0)*AE18+ROUNDDOWN((U18-1)/P18,0)*AA18+Max(0,((U18-ROUNDDOWN(U18/P18,0)*P18)-1)*(60/R18)) -> 29.445287 | AG18: =P18*L18 -> 243138 | AH18: =IF(ISERROR(AG18/AE18),"-",AG18/AE18) -> 36932.662 | AI18: =U18*L18 -> 810460 | AJ18: =ROUNDDOWN(U18/N18,0)*AG18 -> 729414 | AK18: =AI18/AF18 -> 27524.269 | AL18: =IF(P18=1,AK18,MAX(AK18,(ROUNDDOWN(U18/P18,0)*AG18)/(ROUNDDOWN(U18/P18,0)*AE18+(ROUNDDOWN(U18/P18,0)-1)*AA18))) -> 28789.969 | AM18: =IF(P18=U18,AH18,AG18/(AE18+AA18)) -> 25931.372 | AN18: =ROUNDDOWN(B$4/(AA18+AE18),0) -> 2 | AO18: =B$4-AN18*AA18 -> 14.414136 | AP18: =IF(AN18=AQ18,0,B$4-(AN18*AA18+AQ18*AE18)) -> 0 | AQ18: =MIN(AN18+1,IF(ISERROR(ROUNDDOWN(AO18/AE18,0)),AN18+1,ROUNDDOWN(AO18/AE18,0))) -> 2 | AR18: =AQ18*AG18 -> 486276 | AS18: =Max(0,AO18-AQ18*AE18)-AP18 -> 1.2475789 | AT18: =MIN(N18,IF(AN18<AQ18,0,ROUNDDOWN(IF(AS18=0,0,AS18*(R18/60)+1),0))) -> 1 | AU18: =AT18*L18 -> 40523 | AV18: =Min(AI18,AU18+AR18) -> 526799
B19: Special | C19: FALSE | D19: Fusion Rifle | E19: fr_rf | F19: Rapid-Fire | G19: =D19&" - "& F19 -> Fusion Rifle - Rapid-Fire | H19: Any | I19: - | J19: - | K19: =VLOOKUP(E19,backend!$BP$5:$BQ57,2,FALSE) -> 36900 | L19: =K19*M19*IF(B19="Special",VLOOKUP(I19,backend!$H$4:$M57,2,FALSE),VLOOKUP(I19,backend!$H$4:$M57,3,FALSE))*IF(B19="Special",VLOOKUP(J19,backend!$H$4:$M57,2,FALSE),VLOOKUP(J19,backend!$H$4:$M57,3,FALSE))*IF($B$8=TRUE,VLOOKUP(D19,BuffsDebuffs!$P$8:$X$27,MATCH(H19,BuffsDebuffs!$P$8:$X$8,0),FALSE),1)*IF($B$6=TRUE,backend!$BN$5,1) -> 36900 | M19: =VLOOKUP(E19,backend!$BP$5:$BS57,4,FALSE) -> 1 | N19: 7 | O19: 8 | P19: =MAX(IFNA(VLOOKUP(IF($B$10=TRUE,O19,N19),backend!$P$4:$Y57,MATCH(I19,backend!$P$3:$Y$3,0),FALSE),IF($B$10=TRUE,O19,N19)),IFNA(VLOOKUP(IF($B$10=TRUE,O19,N19),backend!$P$4:$Y57,MATCH(J19,backend!$P$3:$Y$3,0),FALSE),IF($B$10=TRUE,O19,N19))) -> 7 | Q19: 58.06 | R19: =Q19/VLOOKUP(I19,backend!$H$4:$N57,7,FALSE)/VLOOKUP(J19,backend!$H$4:$N57,7,FALSE) -> 58.06 | S19: 20 | T19: 26 | U19: =MAX(IFNA(VLOOKUP(IF($B$9=TRUE,T19,S19),backend!$AA$4:$AF57,MATCH(I19,backend!$AA$3:$AF$3,0),FALSE),IF($B$9=TRUE,T19,S19)),IFNA(VLOOKUP(IF($B$9=TRUE,T19,S19),backend!$AA$4:$AF57,MATCH(J19,backend!$AA$3:$AF$3,0),FALSE),IF($B$9=TRUE,T19,S19))) -> 20 | V19: =VLOOKUP(E19,backend!$BB$4:$BH57,7,FALSE) -> 45.8 | W19: =MIN(100,V19+VLOOKUP(I19,backend!$H$4:$N57,5,FALSE)+VLOOKUP(J19,backend!$H$4:$N57,5,FALSE)+IF($B$11=TRUE,100,0)+IF($B$12,10,0)) -> 45.8 | X19: =(VLOOKUP(D19,backend!$AV$4:$AZ57,2,FALSE)*W19^2+VLOOKUP(D19,backend!$AV$4:$AZ57,3,FALSE)*W19+VLOOKUP(D19,backend!$AV$4:$AZ57,4,FALSE))*VLOOKUP(I19,backend!$H$4:$N57,6,FALSE)*VLOOKUP(J19,backend!$H$4:$N57,6,FALSE)*IF($B$12=TRUE,0.85,1)*IF($B$11=TRUE,0.9,1)*IF(D19="Shotgun",P19,1)*IF(F19="Rapid-Fire",0.8,1)+IF(OR(D19="Fusion Rifle",D19="Linear Fusion Rifle"),0.516,0) -> 2.1564375 | Y19: 1.684 | Z19: =VLOOKUP(D19,backend!$AV$4:$AZ57,5,FALSE)*IF(D19="Shotgun",P19,1)+IF(OR(D19="Fusion Rifle",D19="Linear Fusion Rifle"),0.516,0) -> 1.583 | AA19: =MAX(X19,Z19) -> 2.1564375 | AB19: =AJ19/MAX(AJ$15:AJ61)*100 -> 25.054561 | AC19: =AL19/MAX(AL$15:AL61)*100 -> 68.686906 | AD19: =AVERAGE(AB19:AC19) -> 46.870733 | AE19: =60/R19*(P19-1) -> 6.2004823 | AF19: =ROUNDDOWN(U19/P19,0)*AE19+ROUNDDOWN((U19-1)/P19,0)*AA19+Max(0,((U19-ROUNDDOWN(U19/P19,0)*P19)-1)*(60/R19)) -> 21.880908 | AG19: =P19*L19 -> 258300 | AH19: =IF(ISERROR(AG19/AE19),"-",AG19/AE19) -> 41658.05 | AI19: =U19*L19 -> 738000 | AJ19: =ROUNDDOWN(U19/N19,0)*AG19 -> 516600 | AK19: =AI19/AF19 -> 33728.033 | AL19: =IF(P19=1,AK19,MAX(AK19,(ROUNDDOWN(U19/P19,0)*AG19)/(ROUNDDOWN(U19/P19,0)*AE19+(ROUNDDOWN(U19/P19,0)-1)*AA19))) -> 35487.101 | AM19: =IF(P19=U19,AH19,AG19/(AE19+AA19)) -> 30908.517 | AN19: =ROUNDDOWN(B$4/(AA19+AE19),0) -> 2 | AO19: =B$4-AN19*AA19 -> 15.687125 | AP19: =IF(AN19=AQ19,0,B$4-(AN19*AA19+AQ19*AE19)) -> 0 | AQ19: =MIN(AN19+1,IF(ISERROR(ROUNDDOWN(AO19/AE19,0)),AN19+1,ROUNDDOWN(AO19/AE19,0))) -> 2 | AR19: =AQ19*AG19 -> 516600 | AS19: =Max(0,AO19-AQ19*AE19)-AP19 -> 3.2861605 | AT19: =MIN(N19,IF(AN19<AQ19,0,ROUNDDOWN(IF(AS19=0,0,AS19*(R19/60)+1),0))) -> 4 | AU19: =AT19*L19 -> 147600 | AV19: =Min(AI19,AU19+AR19) -> 664200
B20: Special | C20: FALSE | D20: Glaive | E20: glaive_adaptive | F20: Adaptive | G20: =D20&" - "& F20 -> Glaive - Adaptive | H20: Any | I20: - | J20: - | K20: =VLOOKUP(E20,backend!$BP$5:$BQ57,2,FALSE) -> 23455 | L20: =K20*M20*IF(B20="Special",VLOOKUP(I20,backend!$H$4:$M57,2,FALSE),VLOOKUP(I20,backend!$H$4:$M57,3,FALSE))*IF(B20="Special",VLOOKUP(J20,backend!$H$4:$M57,2,FALSE),VLOOKUP(J20,backend!$H$4:$M57,3,FALSE))*IF($B$8=TRUE,VLOOKUP(D20,BuffsDebuffs!$P$8:$X$27,MATCH(H20,BuffsDebuffs!$P$8:$X$8,0),FALSE),1)*IF($B$6=TRUE,backend!$BN$5,1) -> 23455 | M20: =VLOOKUP(E20,backend!$BP$5:$BS57,4,FALSE) -> 1 | N20: 5 | O20: 7 | P20: =MAX(IFNA(VLOOKUP(IF($B$10=TRUE,O20,N20),backend!$P$4:$Y57,MATCH(I20,backend!$P$3:$Y$3,0),FALSE),IF($B$10=TRUE,O20,N20)),IFNA(VLOOKUP(IF($B$10=TRUE,O20,N20),backend!$P$4:$Y57,MATCH(J20,backend!$P$3:$Y$3,0),FALSE),IF($B$10=TRUE,O20,N20))) -> 5 | Q20: 66 | R20: =Q20/VLOOKUP(I20,backend!$H$4:$N57,7,FALSE)/VLOOKUP(J20,backend!$H$4:$N57,7,FALSE) -> 66 | S20: 27 | T20: 35 | U20: =MAX(IFNA(VLOOKUP(IF($B$9=TRUE,T20,S20),backend!$AA$4:$AF57,MATCH(I20,backend!$AA$3:$AF$3,0),FALSE),IF($B$9=TRUE,T20,S20)),IFNA(VLOOKUP(IF($B$9=TRUE,T20,S20),backend!$AA$4:$AF57,MATCH(J20,backend!$AA$3:$AF$3,0),FALSE),IF($B$9=TRUE,T20,S20))) -> 27 | V20: =VLOOKUP(E20,backend!$BB$4:$BH57,7,FALSE) -> 44.8 | W20: =MIN(100,V20+VLOOKUP(I20,backend!$H$4:$N57,5,FALSE)+VLOOKUP(J20,backend!$H$4:$N57,5,FALSE)+IF($B$11=TRUE,100,0)+IF($B$12,10,0)) -> 44.8 | X20: =(VLOOKUP(D20,backend!$AV$4:$AZ57,2,FALSE)*W20^2+VLOOKUP(D20,backend!$AV$4:$AZ57,3,FALSE)*W20+VLOOKUP(D20,backend!$AV$4:$AZ57,4,FALSE))*VLOOKUP(I20,backend!$H$4:$N57,6,FALSE)*VLOOKUP(J20,backend!$H$4:$N57,6,FALSE)*IF($B$12=TRUE,0.85,1)*IF($B$11=TRUE,0.9,1)*IF(D20="Shotgun",P20,1)*IF(F20="Rapid-Fire",0.8,1)+IF(OR(D20="Fusion Rifle",D20="Linear Fusion Rifle"),0.516,0) -> 2.716 | Y20: 1.35 | Z20: =VLOOKUP(D20,backend!$AV$4:$AZ57,5,FALSE)*IF(D20="Shotgun",P20,1)+IF(OR(D20="Fusion Rifle",D20="Linear Fusion Rifle"),0.516,0) -> 1.35 | AA20: =MAX(X20,Z20) -> 2.716 | AB20: =AJ20/MAX(AJ$15:AJ62)*100 -> 28.438576 | AC20: =AL20/MAX(AL$15:AL62)*100 -> 39.074664 | AD20: =AVERAGE(AB20:AC20) -> 33.75662 | AE20: =60/R20*(P20-1) -> 3.6363636 | AF20: =ROUNDDOWN(U20/P20,0)*AE20+ROUNDDOWN((U20-1)/P20,0)*AA20+Max(0,((U20-ROUNDDOWN(U20/P20,0)*P20)-1)*(60/R20)) -> 32.670909 | AG20: =P20*L20 -> 117275 | AH20: =IF(ISERROR(AG20/AE20),"-",AG20/AE20) -> 32250.625 | AI20: =U20*L20 -> 633285 | AJ20: =ROUNDDOWN(U20/N20,0)*AG20 -> 586375 | AK20: =AI20/AF20 -> 19383.758 | AL20: =IF(P20=1,AK20,MAX(AK20,(ROUNDDOWN(U20/P20,0)*AG20)/(ROUNDDOWN(U20/P20,0)*AE20+(ROUNDDOWN(U20/P20,0)-1)*AA20))) -> 20187.932 | AM20: =IF(P20=U20,AH20,AG20/(AE20+AA20)) -> 18461.632 | AN20: =ROUNDDOWN(B$4/(AA20+AE20),0) -> 3 | AO20: =B$4-AN20*AA20 -> 11.852 | AP20: =IF(AN20=AQ20,0,B$4-(AN20*AA20+AQ20*AE20)) -> 0 | AQ20: =MIN(AN20+1,IF(ISERROR(ROUNDDOWN(AO20/AE20,0)),AN20+1,ROUNDDOWN(AO20/AE20,0))) -> 3 | AR20: =AQ20*AG20 -> 351825 | AS20: =Max(0,AO20-AQ20*AE20)-AP20 -> 0.94290909 | AT20: =MIN(N20,IF(AN20<AQ20,0,ROUNDDOWN(IF(AS20=0,0,AS20*(R20/60)+1),0))) -> 2 | AU20: =AT20*L20 -> 46910 | AV20: =Min(AI20,AU20+AR20) -> 398735
B21: Special | C21: FALSE | D21: Glaive | E21: glaive_aggressive | F21: Aggressive | G21: Glaive - Aggressive | H21: Any | I21: - | J21: - | K21: =VLOOKUP(E21,backend!$BP$5:$BQ57,2,FALSE) -> 26918 | L21: =K21*M21*IF(B21="Special",VLOOKUP(I21,backend!$H$4:$M57,2,FALSE),VLOOKUP(I21,backend!$H$4:$M57,3,FALSE))*IF(B21="Special",VLOOKUP(J21,backend!$H$4:$M57,2,FALSE),VLOOKUP(J21,backend!$H$4:$M57,3,FALSE))*IF($B$8=TRUE,VLOOKUP(D21,BuffsDebuffs!$P$8:$X$27,MATCH(H21,BuffsDebuffs!$P$8:$X$8,0),FALSE),1)*IF($B$6=TRUE,backend!$BN$5,1) -> 26918 | M21: =VLOOKUP(E21,backend!$BP$5:$BS57,4,FALSE) -> 1 | N21: 5 | O21: 7 | P21: =MAX(IFNA(VLOOKUP(IF($B$10=TRUE,O21,N21),backend!$P$4:$Y57,MATCH(I21,backend!$P$3:$Y$3,0),FALSE),IF($B$10=TRUE,O21,N21)),IFNA(VLOOKUP(IF($B$10=TRUE,O21,N21),backend!$P$4:$Y57,MATCH(J21,backend!$P$3:$Y$3,0),FALSE),IF($B$10=TRUE,O21,N21))) -> 5 | Q21: 45 | R21: =Q21/VLOOKUP(I21,backend!$H$4:$N57,7,FALSE)/VLOOKUP(J21,backend!$H$4:$N57,7,FALSE) -> 45 | S21: 27 | T21: 34 | U21: =MAX(IFNA(VLOOKUP(IF($B$9=TRUE,T21,S21),backend!$AA$4:$AF57,MATCH(I21,backend!$AA$3:$AF$3,0),FALSE),IF($B$9=TRUE,T21,S21)),IFNA(VLOOKUP(IF($B$9=TRUE,T21,S21),backend!$AA$4:$AF57,MATCH(J21,backend!$AA$3:$AF$3,0),FALSE),IF($B$9=TRUE,T21,S21))) -> 27 | V21: =VLOOKUP(E21,backend!$BB$4:$BH57,7,FALSE) -> 36 | W21: =MIN(100,V21+VLOOKUP(I21,backend!$H$4:$N57,5,FALSE)+VLOOKUP(J21,backend!$H$4:$N57,5,FALSE)+IF($B$11=TRUE,100,0)+IF($B$12,10,0)) -> 36 | X21: =(VLOOKUP(D21,backend!$AV$4:$AZ57,2,FALSE)*W21^2+VLOOKUP(D21,backend!$AV$4:$AZ57,3,FALSE)*W21+VLOOKUP(D21,backend!$AV$4:$AZ57,4,FALSE))*VLOOKUP(I21,backend!$H$4:$N57,6,FALSE)*VLOOKUP(J21,backend!$H$4:$N57,6,FALSE)*IF($B$12=TRUE,0.85,1)*IF($B$11=TRUE,0.9,1)*IF(D21="Shotgun",P21,1)*IF(F21="Rapid-Fire",0.8,1)+IF(OR(D21="Fusion Rifle",D21="Linear Fusion Rifle"),0.516,0) -> 2.87 | Y21: 1.35 | Z21: =VLOOKUP(D21,backend!$AV$4:$AZ57,5,FALSE)*IF(D21="Shotgun",P21,1)+IF(OR(D21="Fusion Rifle",D21="Linear Fusion Rifle"),0.516,0) -> 1.35 | AA21: =MAX(X21,Z21) -> 2.87 | AB21: =AJ21/MAX(AJ$15:AJ63)*100 -> 32.637373 | AC21: =AL21/MAX(AL$15:AL63)*100 -> 34.145197 | AD21: =AVERAGE(AB21:AC21) -> 33.391285 | AE21: =60/R21*(P21-1) -> 5.3333333 | AF21: =ROUNDDOWN(U21/P21,0)*AE21+ROUNDDOWN((U21-1)/P21,0)*AA21+Max(0,((U21-ROUNDDOWN(U21/P21,0)*P21)-1)*(60/R21)) -> 42.35 | AG21: =P21*L21 -> 134590 | AH21: =IF(ISERROR(AG21/AE21),"-",AG21/AE21) -> 25235.625 | AI21: =U21*L21 -> 726786 | AJ21: =ROUNDDOWN(U21/N21,0)*AG21 -> 672950 | AK21: =AI21/AF21 -> 17161.417 | AL21: =IF(P21=1,AK21,MAX(AK21,(ROUNDDOWN(U21/P21,0)*AG21)/(ROUNDDOWN(U21/P21,0)*AE21+(ROUNDDOWN(U21/P21,0)-1)*AA21))) -> 17641.122 | AM21: =IF(P21=U21,AH21,AG21/(AE21+AA21)) -> 16406.745 | AN21: =ROUNDDOWN(B$4/(AA21+AE21),0) -> 2 | AO21: =B$4-AN21*AA21 -> 14.26 | AP21: =IF(AN21=AQ21,0,B$4-(AN21*AA21+AQ21*AE21)) -> 0 | AQ21: =MIN(AN21+1,IF(ISERROR(ROUNDDOWN(AO21/AE21,0)),AN21+1,ROUNDDOWN(AO21/AE21,0))) -> 2 | AR21: =AQ21*AG21 -> 269180 | AS21: =Max(0,AO21-AQ21*AE21)-AP21 -> 3.5933333 | AT21: =MIN(N21,IF(AN21<AQ21,0,ROUNDDOWN(IF(AS21=0,0,AS21*(R21/60)+1),0))) -> 3 | AU21: =AT21*L21 -> 80754 | AV21: =Min(AI21,AU21+AR21) -> 349934
B22: Special | C22: FALSE | D22: Glaive | E22: glaive_rf | F22: Rapid-Fire | G22: =D22&" - "& F22 -> Glaive - Rapid-Fire | H22: Any | I22: - | J22: - | K22: =VLOOKUP(E22,backend!$BP$5:$BQ57,2,FALSE) -> 18469 | L22: =K22*M22*IF(B22="Special",VLOOKUP(I22,backend!$H$4:$M57,2,FALSE),VLOOKUP(I22,backend!$H$4:$M57,3,FALSE))*IF(B22="Special",VLOOKUP(J22,backend!$H$4:$M57,2,FALSE),VLOOKUP(J22,backend!$H$4:$M57,3,FALSE))*IF($B$8=TRUE,VLOOKUP(D22,BuffsDebuffs!$P$8:$X$27,MATCH(H22,BuffsDebuffs!$P$8:$X$8,0),FALSE),1)*IF($B$6=TRUE,backend!$BN$5,1) -> 18469 | M22: =VLOOKUP(E22,backend!$BP$5:$BS57,4,FALSE) -> 1 | N22: 5 | O22: 7 | P22: =MAX(IFNA(VLOOKUP(IF($B$10=TRUE,O22,N22),backend!$P$4:$Y57,MATCH(I22,backend!$P$3:$Y$3,0),FALSE),IF($B$10=TRUE,O22,N22)),IFNA(VLOOKUP(IF($B$10=TRUE,O22,N22),backend!$P$4:$Y57,MATCH(J22,backend!$P$3:$Y$3,0),FALSE),IF($B$10=TRUE,O22,N22))) -> 5 | Q22: 80 | R22: =Q22/VLOOKUP(I22,backend!$H$4:$N57,7,FALSE)/VLOOKUP(J22,backend!$H$4:$N57,7,FALSE) -> 80 | S22: 30 | T22: 36 | U22: =MAX(IFNA(VLOOKUP(IF($B$9=TRUE,T22,S22),backend!$AA$4:$AF57,MATCH(I22,backend!$AA$3:$AF$3,0),FALSE),IF($B$9=TRUE,T22,S22)),IFNA(VLOOKUP(IF($B$9=TRUE,T22,S22),backend!$AA$4:$AF57,MATCH(J22,backend!$AA$3:$AF$3,0),FALSE),IF($B$9=TRUE,T22,S22))) -> 30 | V22: =VLOOKUP(E22,backend!$BB$4:$BH57,7,FALSE) -> 66 | W22: =MIN(100,V22+VLOOKUP(I22,backend!$H$4:$N57,5,FALSE)+VLOOKUP(J22,backend!$H$4:$N57,5,FALSE)+IF($B$11=TRUE,100,0)+IF($B$12,10,0)) -> 66 | X22: =(VLOOKUP(D22,backend!$AV$4:$AZ57,2,FALSE)*W22^2+VLOOKUP(D22,backend!$AV$4:$AZ57,3,FALSE)*W22+VLOOKUP(D22,backend!$AV$4:$AZ57,4,FALSE))*VLOOKUP(I22,backend!$H$4:$N57,6,FALSE)*VLOOKUP(J22,backend!$H$4:$N57,6,FALSE)*IF($B$12=TRUE,0.85,1)*IF($B$11=TRUE,0.9,1)*IF(D22="Shotgun",P22,1)*IF(F22="Rapid-Fire",0.8,1)+IF(OR(D22="Fusion Rifle",D22="Linear Fusion Rifle"),0.516,0) -> 1.876 | Y22: 1.35 | Z22: =VLOOKUP(D22,backend!$AV$4:$AZ57,5,FALSE)*IF(D22="Shotgun",P22,1)+IF(OR(D22="Fusion Rifle",D22="Linear Fusion Rifle"),0.516,0) -> 1.35 | AA22: =MAX(X22,Z22) -> 1.876 | AB22: =AJ22/MAX(AJ$15:AJ64)*100 -> 26.871817 | AC22: =AL22/MAX(AL$15:AL64)*100 -> 39.168291 | AD22: =AVERAGE(AB22:AC22) -> 33.020054 | AE22: =60/R22*(P22-1) -> 3 | AF22: =ROUNDDOWN(U22/P22,0)*AE22+ROUNDDOWN((U22-1)/P22,0)*AA22+Max(0,((U22-ROUNDDOWN(U22/P22,0)*P22)-1)*(60/R22)) -> 27.38 | AG22: =P22*L22 -> 92345 | AH22: =IF(ISERROR(AG22/AE22),"-",AG22/AE22) -> 30781.667 | AI22: =U22*L22 -> 554070 | AJ22: =ROUNDDOWN(U22/N22,0)*AG22 -> 554070 | AK22: =AI22/AF22 -> 20236.304 | AL22: =IF(P22=1,AK22,MAX(AK22,(ROUNDDOWN(U22/P22,0)*AG22)/(ROUNDDOWN(U22/P22,0)*AE22+(ROUNDDOWN(U22/P22,0)-1)*AA22))) -> 20236.304 | AM22: =IF(P22=U22,AH22,AG22/(AE22+AA22)) -> 18938.679 | AN22: =ROUNDDOWN(B$4/(AA22+AE22),0) -> 4 | AO22: =B$4-AN22*AA22 -> 12.496 | AP22: =IF(AN22=AQ22,0,B$4-(AN22*AA22+AQ22*AE22)) -> 0 | AQ22: =MIN(AN22+1,IF(ISERROR(ROUNDDOWN(AO22/AE22,0)),AN22+1,ROUNDDOWN(AO22/AE22,0))) -> 4 | AR22: =AQ22*AG22 -> 369380 | AS22: =Max(0,AO22-AQ22*AE22)-AP22 -> 0.496 | AT22: =MIN(N22,IF(AN22<AQ22,0,ROUNDDOWN(IF(AS22=0,0,AS22*(R22/60)+1),0))) -> 1 | AU22: =AT22*L22 -> 18469 | AV22: =Min(AI22,AU22+AR22) -> 387849
B23: Special | C23: FALSE | D23: Grenade Launcher | E23: gl_ad | F23: Aera Denial | G23: =D23&" - "& F23 -> Grenade Launcher - Aera Denial | H23: Any | I23: - | J23: - | K23: =VLOOKUP(E23,backend!$BP$5:$BQ57,2,FALSE) -> 51012 | L23: =K23*M23*IF(B23="Special",VLOOKUP(I23,backend!$H$4:$M57,2,FALSE),VLOOKUP(I23,backend!$H$4:$M57,3,FALSE))*IF(B23="Special",VLOOKUP(J23,backend!$H$4:$M57,2,FALSE),VLOOKUP(J23,backend!$H$4:$M57,3,FALSE))*IF($B$8=TRUE,VLOOKUP(D23,BuffsDebuffs!$P$8:$X$27,MATCH(H23,BuffsDebuffs!$P$8:$X$8,0),FALSE),1)*IF($B$6=TRUE,backend!$BN$5,1) -> 51012 | M23: =VLOOKUP(E23,backend!$BP$5:$BS57,4,FALSE) -> 1 | N23: 1 | O23: 1 | P23: =MAX(IFNA(VLOOKUP(IF($B$10=TRUE,O23,N23),backend!$P$4:$Y57,MATCH(I23,backend!$P$3:$Y$3,0),FALSE),IF($B$10=TRUE,O23,N23)),IFNA(VLOOKUP(IF($B$10=TRUE,O23,N23),backend!$P$4:$Y57,MATCH(J23,backend!$P$3:$Y$3,0),FALSE),IF($B$10=TRUE,O23,N23))) -> 1 | Q23: 10 | R23: =Q23/VLOOKUP(I23,backend!$H$4:$N57,7,FALSE)/VLOOKUP(J23,backend!$H$4:$N57,7,FALSE) -> 10 | S23: 24 | T23: 25 | U23: =MAX(IFNA(VLOOKUP(IF($B$9=TRUE,T23,S23),backend!$AA$4:$AF57,MATCH(I23,backend!$AA$3:$AF$3,0),FALSE),IF($B$9=TRUE,T23,S23)),IFNA(VLOOKUP(IF($B$9=TRUE,T23,S23),backend!$AA$4:$AF57,MATCH(J23,backend!$AA$3:$AF$3,0),FALSE),IF($B$9=TRUE,T23,S23))) -> 24 | V23: =VLOOKUP(E23,backend!$BB$4:$BH57,7,FALSE) -> 67.5 | W23: =MIN(100,V23+VLOOKUP(I23,backend!$H$4:$N57,5,FALSE)+VLOOKUP(J23,backend!$H$4:$N57,5,FALSE)+IF($B$11=TRUE,100,0)+IF($B$12,10,0)) -> 67.5 | X23: =(VLOOKUP(D23,backend!$AV$4:$AZ57,2,FALSE)*W23^2+VLOOKUP(D23,backend!$AV$4:$AZ57,3,FALSE)*W23+VLOOKUP(D23,backend!$AV$4:$AZ57,4,FALSE))*VLOOKUP(I23,backend!$H$4:$N57,6,FALSE)*VLOOKUP(J23,backend!$H$4:$N57,6,FALSE)*IF($B$12=TRUE,0.85,1)*IF($B$11=TRUE,0.9,1)*IF(D23="Shotgun",P23,1)*IF(F23="Rapid-Fire",0.8,1)+IF(OR(D23="Fusion Rifle",D23="Linear Fusion Rifle"),0.516,0) -> 2.1100932 | Y23: 1.5 | Z23: =VLOOKUP(D23,backend!$AV$4:$AZ57,5,FALSE)*IF(D23="Shotgun",P23,1)+IF(OR(D23="Fusion Rifle",D23="Linear Fusion Rifle"),0.516,0) -> 1.5 | AA23: =MAX(X23,Z23) -> 2.1100932 | AB23: =AJ23/MAX(AJ$15:AJ65)*100 -> 59.376691 | AC23: =AL23/MAX(AL$15:AL65)*100 -> 48.826718 | AD23: =AVERAGE(AB23:AC23) -> 54.101705 | AE23: =60/R23*(P23-1) -> 0 | AF23: =ROUNDDOWN(U23/P23,0)*AE23+ROUNDDOWN((U23-1)/P23,0)*AA23+Max(0,((U23-ROUNDDOWN(U23/P23,0)*P23)-1)*(60/R23)) -> 48.532144 | AG23: =P23*L23 -> 51012 | AH23: =IF(ISERROR(AG23/AE23),"-",AG23/AE23) -> - | AI23: =U23*L23 -> 1224288 | AJ23: =ROUNDDOWN(U23/N23,0)*AG23 -> 1224288 | AK23: =AI23/AF23 -> 25226.332 | AL23: =IF(P23=1,AK23,MAX(AK23,(ROUNDDOWN(U23/P23,0)*AG23)/(ROUNDDOWN(U23/P23,0)*AE23+(ROUNDDOWN(U23/P23,0)-1)*AA23))) -> 25226.332 | AM23: =IF(P23=U23,AH23,AG23/(AE23+AA23)) -> 24175.235 | AN23: =ROUNDDOWN(B$4/(AA23+AE23),0) -> 9 | AO23: =B$4-AN23*AA23 -> 1.0091609 | AP23: =IF(AN23=AQ23,0,B$4-(AN23*AA23+AQ23*AE23)) -> 1.0091609 | AQ23: =MIN(AN23+1,IF(ISERROR(ROUNDDOWN(AO23/AE23,0)),AN23+1,ROUNDDOWN(AO23/AE23,0))) -> 10 | AR23: =AQ23*AG23 -> 510120 | AS23: =Max(0,AO23-AQ23*AE23)-AP23 -> 0 | AT23: =MIN(N23,IF(AN23<AQ23,0,ROUNDDOWN(IF(AS23=0,0,AS23*(R23/60)+1),0))) -> 0 | AU23: =AT23*L23 -> 0 | AV23: =Min(AI23,AU23+AR23) -> 510120
B24: Special | C24: FALSE | D24: Grenade Launcher | E24: gl_df | F24: Double-Fire | G24: =D24&" - "& F24 -> Grenade Launcher - Double-Fire | H24: Any | I24: - | J24: - | K24: =VLOOKUP(E24,backend!$BP$5:$BQ57,2,FALSE) -> 38380 | L24: =K24*M24*IF(B24="Special",VLOOKUP(I24,backend!$H$4:$M57,2,FALSE),VLOOKUP(I24,backend!$H$4:$M57,3,FALSE))*IF(B24="Special",VLOOKUP(J24,backend!$H$4:$M57,2,FALSE),VLOOKUP(J24,backend!$H$4:$M57,3,FALSE))*IF($B$8=TRUE,VLOOKUP(D24,BuffsDebuffs!$P$8:$X$27,MATCH(H24,BuffsDebuffs!$P$8:$X$8,0),FALSE),1)*IF($B$6=TRUE,backend!$BN$5,1) -> 38380 | M24: =VLOOKUP(E24,backend!$BP$5:$BS57,4,FALSE) -> 1 | N24: 1 | O24: 1 | P24: =MAX(IFNA(VLOOKUP(IF($B$10=TRUE,O24,N24),backend!$P$4:$Y57,MATCH(I24,backend!$P$3:$Y$3,0),FALSE),IF($B$10=TRUE,O24,N24)),IFNA(VLOOKUP(IF($B$10=TRUE,O24,N24),backend!$P$4:$Y57,MATCH(J24,backend!$P$3:$Y$3,0),FALSE),IF($B$10=TRUE,O24,N24))) -> 1 | Q24: 100 | R24: =Q24/VLOOKUP(I24,backend!$H$4:$N57,7,FALSE)/VLOOKUP(J24,backend!$H$4:$N57,7,FALSE) -> 100 | S24: 22 | T24: 24 | U24: =MAX(IFNA(VLOOKUP(IF($B$9=TRUE,T24,S24),backend!$AA$4:$AF57,MATCH(I24,backend!$AA$3:$AF$3,0),FALSE),IF($B$9=TRUE,T24,S24)),IFNA(VLOOKUP(IF($B$9=TRUE,T24,S24),backend!$AA$4:$AF57,MATCH(J24,backend!$AA$3:$AF$3,0),FALSE),IF($B$9=TRUE,T24,S24))) -> 22 | V24: =VLOOKUP(E24,backend!$BB$4:$BH57,7,FALSE) -> 34.333333 | W24: =MIN(100,V24+VLOOKUP(I24,backend!$H$4:$N57,5,FALSE)+VLOOKUP(J24,backend!$H$4:$N57,5,FALSE)+IF($B$11=TRUE,100,0)+IF($B$12,10,0)) -> 34.333333 | X24: =(VLOOKUP(D24,backend!$AV$4:$AZ57,2,FALSE)*W24^2+VLOOKUP(D24,backend!$AV$4:$AZ57,3,FALSE)*W24+VLOOKUP(D24,backend!$AV$4:$AZ57,4,FALSE))*VLOOKUP(I24,backend!$H$4:$N57,6,FALSE)*VLOOKUP(J24,backend!$H$4:$N57,6,FALSE)*IF($B$12=TRUE,0.85,1)*IF($B$11=TRUE,0.9,1)*IF(D24="Shotgun",P24,1)*IF(F24="Rapid-Fire",0.8,1)+IF(OR(D24="Fusion Rifle",D24="Linear Fusion Rifle"),0.516,0) -> 2.5833298 | Y24: 1.5 | Z24: =VLOOKUP(D24,backend!$AV$4:$AZ57,5,FALSE)*IF(D24="Shotgun",P24,1)+IF(OR(D24="Fusion Rifle",D24="Linear Fusion Rifle"),0.516,0) -> 1.5 | AA24: =MAX(X24,Z24) -> 2.5833298 | AB24: =AJ24/MAX(AJ$15:AJ66)*100 -> 40.95058 | AC24: =AL24/MAX(AL$15:AL66)*100 -> 30.125338 | AD24: =AVERAGE(AB24:AC24) -> 35.537959 | AE24: =60/R24*(P24-1) -> 0 | AF24: =ROUNDDOWN(U24/P24,0)*AE24+ROUNDDOWN((U24-1)/P24,0)*AA24+Max(0,((U24-ROUNDDOWN(U24/P24,0)*P24)-1)*(60/R24)) -> 54.249927 | AG24: =P24*L24 -> 38380 | AH24: =IF(ISERROR(AG24/AE24),"-",AG24/AE24) -> - | AI24: =U24*L24 -> 844360 | AJ24: =ROUNDDOWN(U24/N24,0)*AG24 -> 844360 | AK24: =AI24/AF24 -> 15564.261 | AL24: =IF(P24=1,AK24,MAX(AK24,(ROUNDDOWN(U24/P24,0)*AG24)/(ROUNDDOWN(U24/P24,0)*AE24+(ROUNDDOWN(U24/P24,0)-1)*AA24))) -> 15564.261 | AM24: =IF(P24=U24,AH24,AG24/(AE24+AA24)) -> 14856.794 | AN24: =ROUNDDOWN(B$4/(AA24+AE24),0) -> 7 | AO24: =B$4-AN24*AA24 -> 1.9166912 | AP24: =IF(AN24=AQ24,0,B$4-(AN24*AA24+AQ24*AE24)) -> 1.9166912 | AQ24: =MIN(AN24+1,IF(ISERROR(ROUNDDOWN(AO24/AE24,0)),AN24+1,ROUNDDOWN(AO24/AE24,0))) -> 8 | AR24: =AQ24*AG24 -> 307040 | AS24: =Max(0,AO24-AQ24*AE24)-AP24 -> 0 | AT24: =MIN(N24,IF(AN24<AQ24,0,ROUNDDOWN(IF(AS24=0,0,AS24*(R24/60)+1),0))) -> 0 | AU24: =AT24*L24 -> 0 | AV24: =Min(AI24,AU24+AR24) -> 307040
B25: Special | C25: FALSE | D25: Grenade Launcher | E25: gl_lw | F25: Lightweight | G25: =D25&" - "& F25 -> Grenade Launcher - Lightweight | H25: Any | I25: - | J25: - | K25: =VLOOKUP(E25,backend!$BP$5:$BQ57,2,FALSE) -> 30838 | L25: =K25*M25*IF(B25="Special",VLOOKUP(I25,backend!$H$4:$M57,2,FALSE),VLOOKUP(I25,backend!$H$4:$M57,3,FALSE))*IF(B25="Special",VLOOKUP(J25,backend!$H$4:$M57,2,FALSE),VLOOKUP(J25,backend!$H$4:$M57,3,FALSE))*IF($B$8=TRUE,VLOOKUP(D25,BuffsDebuffs!$P$8:$X$27,MATCH(H25,BuffsDebuffs!$P$8:$X$8,0),FALSE),1)*IF($B$6=TRUE,backend!$BN$5,1) -> 30838 | M25: =VLOOKUP(E25,backend!$BP$5:$BS57,4,FALSE) -> 1 | N25: 1 | O25: 1 | P25: =MAX(IFNA(VLOOKUP(IF($B$10=TRUE,O25,N25),backend!$P$4:$Y57,MATCH(I25,backend!$P$3:$Y$3,0),FALSE),IF($B$10=TRUE,O25,N25)),IFNA(VLOOKUP(IF($B$10=TRUE,O25,N25),backend!$P$4:$Y57,MATCH(J25,backend!$P$3:$Y$3,0),FALSE),IF($B$10=TRUE,O25,N25))) -> 1 | Q25: 90 | R25: =Q25/VLOOKUP(I25,backend!$H$4:$N57,7,FALSE)/VLOOKUP(J25,backend!$H$4:$N57,7,FALSE) -> 90 | S25: 24 | T25: 25 | U25: =MAX(IFNA(VLOOKUP(IF($B$9=TRUE,T25,S25),backend!$AA$4:$AF57,MATCH(I25,backend!$AA$3:$AF$3,0),FALSE),IF($B$9=TRUE,T25,S25)),IFNA(VLOOKUP(IF($B$9=TRUE,T25,S25),backend!$AA$4:$AF57,MATCH(J25,backend!$AA$3:$AF$3,0),FALSE),IF($B$9=TRUE,T25,S25))) -> 24 | V25: =VLOOKUP(E25,backend!$BB$4:$BH57,7,FALSE) -> 66 | W25: =MIN(100,V25+VLOOKUP(I25,backend!$H$4:$N57,5,FALSE)+VLOOKUP(J25,backend!$H$4:$N57,5,FALSE)+IF($B$11=TRUE,100,0)+IF($B$12,10,0)) -> 66 | X25: =(VLOOKUP(D25,backend!$AV$4:$AZ57,2,FALSE)*W25^2+VLOOKUP(D25,backend!$AV$4:$AZ57,3,FALSE)*W25+VLOOKUP(D25,backend!$AV$4:$AZ57,4,FALSE))*VLOOKUP(I25,backend!$H$4:$N57,6,FALSE)*VLOOKUP(J25,backend!$H$4:$N57,6,FALSE)*IF($B$12=TRUE,0.85,1)*IF($B$11=TRUE,0.9,1)*IF(D25="Shotgun",P25,1)*IF(F25="Rapid-Fire",0.8,1)+IF(OR(D25="Fusion Rifle",D25="Linear Fusion Rifle"),0.516,0) -> 2.128056 | Y25: 1.5 | Z25: =VLOOKUP(D25,backend!$AV$4:$AZ57,5,FALSE)*IF(D25="Shotgun",P25,1)+IF(OR(D25="Fusion Rifle",D25="Linear Fusion Rifle"),0.516,0) -> 1.5 | AA25: =MAX(X25,Z25) -> 2.128056 | AB25: =AJ25/MAX(AJ$15:AJ67)*100 -> 35.89466 | AC25: =AL25/MAX(AL$15:AL67)*100 -> 29.267794 | AD25: =AVERAGE(AB25:AC25) -> 32.581227 | AE25: =60/R25*(P25-1) -> 0 | AF25: =ROUNDDOWN(U25/P25,0)*AE25+ROUNDDOWN((U25-1)/P25,0)*AA25+Max(0,((U25-ROUNDDOWN(U25/P25,0)*P25)-1)*(60/R25)) -> 48.945287 | AG25: =P25*L25 -> 30838 | AH25: =IF(ISERROR(AG25/AE25),"-",AG25/AE25) -> - | AI25: =U25*L25 -> 740112 | AJ25: =ROUNDDOWN(U25/N25,0)*AG25 -> 740112 | AK25: =AI25/AF25 -> 15121.211 | AL25: =IF(P25=1,AK25,MAX(AK25,(ROUNDDOWN(U25/P25,0)*AG25)/(ROUNDDOWN(U25/P25,0)*AE25+(ROUNDDOWN(U25/P25,0)-1)*AA25))) -> 15121.211 | AM25: =IF(P25=U25,AH25,AG25/(AE25+AA25)) -> 14491.16 | AN25: =ROUNDDOWN(B$4/(AA25+AE25),0) -> 9 | AO25: =B$4-AN25*AA25 -> 0.84749644 | AP25: =IF(AN25=AQ25,0,B$4-(AN25*AA25+AQ25*AE25)) -> 0.84749644 | AQ25: =MIN(AN25+1,IF(ISERROR(ROUNDDOWN(AO25/AE25,0)),AN25+1,ROUNDDOWN(AO25/AE25,0))) -> 10 | AR25: =AQ25*AG25 -> 308380 | AS25: =Max(0,AO25-AQ25*AE25)-AP25 -> 0 | AT25: =MIN(N25,IF(AN25<AQ25,0,ROUNDDOWN(IF(AS25=0,0,AS25*(R25/60)+1),0))) -> 0 | AU25: =AT25*L25 -> 0 | AV25: =Min(AI25,AU25+AR25) -> 308380
B26: Special | C26: FALSE | D26: Grenade Launcher | E26: gl_mm | F26: Micro-Missile | G26: =D26&" - "& F26 -> Grenade Launcher - Micro-Missile | H26: Any | I26: - | J26: - | K26: =VLOOKUP(E26,backend!$BP$5:$BQ57,2,FALSE) -> 39711 | L26: =K26*M26*IF(B26="Special",VLOOKUP(I26,backend!$H$4:$M57,2,FALSE),VLOOKUP(I26,backend!$H$4:$M57,3,FALSE))*IF(B26="Special",VLOOKUP(J26,backend!$H$4:$M57,2,FALSE),VLOOKUP(J26,backend!$H$4:$M57,3,FALSE))*IF($B$8=TRUE,VLOOKUP(D26,BuffsDebuffs!$P$8:$X$27,MATCH(H26,BuffsDebuffs!$P$8:$X$8,0),FALSE),1)*IF($B$6=TRUE,backend!$BN$5,1) -> 39711 | M26: =VLOOKUP(E26,backend!$BP$5:$BS57,4,FALSE) -> 1 | N26: 1 | O26: 1 | P26: =MAX(IFNA(VLOOKUP(IF($B$10=TRUE,O26,N26),backend!$P$4:$Y57,MATCH(I26,backend!$P$3:$Y$3,0),FALSE),IF($B$10=TRUE,O26,N26)),IFNA(VLOOKUP(IF($B$10=TRUE,O26,N26),backend!$P$4:$Y57,MATCH(J26,backend!$P$3:$Y$3,0),FALSE),IF($B$10=TRUE,O26,N26))) -> 1 | Q26: 90 | R26: =Q26/VLOOKUP(I26,backend!$H$4:$N57,7,FALSE)/VLOOKUP(J26,backend!$H$4:$N57,7,FALSE) -> 90 | S26: 24 | T26: 25 | U26: =MAX(IFNA(VLOOKUP(IF($B$9=TRUE,T26,S26),backend!$AA$4:$AF57,MATCH(I26,backend!$AA$3:$AF$3,0),FALSE),IF($B$9=TRUE,T26,S26)),IFNA(VLOOKUP(IF($B$9=TRUE,T26,S26),backend!$AA$4:$AF57,MATCH(J26,backend!$AA$3:$AF$3,0),FALSE),IF($B$9=TRUE,T26,S26))) -> 24 | V26: =VLOOKUP(E26,backend!$BB$4:$BH57,7,FALSE) -> 63 | W26: =MIN(100,V26+VLOOKUP(I26,backend!$H$4:$N57,5,FALSE)+VLOOKUP(J26,backend!$H$4:$N57,5,FALSE)+IF($B$11=TRUE,100,0)+IF($B$12,10,0)) -> 63 | X26: =(VLOOKUP(D26,backend!$AV$4:$AZ57,2,FALSE)*W26^2+VLOOKUP(D26,backend!$AV$4:$AZ57,3,FALSE)*W26+VLOOKUP(D26,backend!$AV$4:$AZ57,4,FALSE))*VLOOKUP(I26,backend!$H$4:$N57,6,FALSE)*VLOOKUP(J26,backend!$H$4:$N57,6,FALSE)*IF($B$12=TRUE,0.85,1)*IF($B$11=TRUE,0.9,1)*IF(D26="Shotgun",P26,1)*IF(F26="Rapid-Fire",0.8,1)+IF(OR(D26="Fusion Rifle",D26="Linear Fusion Rifle"),0.516,0) -> 2.1649591 | Y26: 1.5 | Z26: =VLOOKUP(D26,backend!$AV$4:$AZ57,5,FALSE)*IF(D26="Shotgun",P26,1)+IF(OR(D26="Fusion Rifle",D26="Linear Fusion Rifle"),0.516,0) -> 1.5 | AA26: =MAX(X26,Z26) -> 2.1649591 | AB26: =AJ26/MAX(AJ$15:AJ68)*100 -> 46.22261 | AC26: =AL26/MAX(AL$15:AL68)*100 -> 37.046567 | AD26: =AVERAGE(AB26:AC26) -> 41.634589 | AE26: =60/R26*(P26-1) -> 0 | AF26: =ROUNDDOWN(U26/P26,0)*AE26+ROUNDDOWN((U26-1)/P26,0)*AA26+Max(0,((U26-ROUNDDOWN(U26/P26,0)*P26)-1)*(60/R26)) -> 49.794058 | AG26: =P26*L26 -> 39711 | AH26: =IF(ISERROR(AG26/AE26),"-",AG26/AE26) -> - | AI26: =U26*L26 -> 953064 | AJ26: =ROUNDDOWN(U26/N26,0)*AG26 -> 953064 | AK26: =AI26/AF26 -> 19140.115 | AL26: =IF(P26=1,AK26,MAX(AK26,(ROUNDDOWN(U26/P26,0)*AG26)/(ROUNDDOWN(U26/P26,0)*AE26+(ROUNDDOWN(U26/P26,0)-1)*AA26))) -> 19140.115 | AM26: =IF(P26=U26,AH26,AG26/(AE26+AA26)) -> 18342.61 | AN26: =ROUNDDOWN(B$4/(AA26+AE26),0) -> 9 | AO26: =B$4-AN26*AA26 -> 0.51536855 | AP26: =IF(AN26=AQ26,0,B$4-(AN26*AA26+AQ26*AE26)) -> 0.51536855 | AQ26: =MIN(AN26+1,IF(ISERROR(ROUNDDOWN(AO26/AE26,0)),AN26+1,ROUNDDOWN(AO26/AE26,0))) -> 10 | AR26: =AQ26*AG26 -> 397110 | AS26: =Max(0,AO26-AQ26*AE26)-AP26 -> 0 | AT26: =MIN(N26,IF(AN26<AQ26,0,ROUNDDOWN(IF(AS26=0,0,AS26*(R26/60)+1),0))) -> 0 | AU26: =AT26*L26 -> 0 | AV26: =Min(AI26,AU26+AR26) -> 397110
B27: Special | C27: FALSE | D27: Grenade Launcher | E27: gl_wave | F27: Wave | G27: =D27&" - "& F27 -> Grenade Launcher - Wave | H27: Any | I27: - | J27: - | K27: =VLOOKUP(E27,backend!$BP$5:$BQ57,2,FALSE) -> 22413 | L27: =K27*M27*IF(B27="Special",VLOOKUP(I27,backend!$H$4:$M57,2,FALSE),VLOOKUP(I27,backend!$H$4:$M57,3,FALSE))*IF(B27="Special",VLOOKUP(J27,backend!$H$4:$M57,2,FALSE),VLOOKUP(J27,backend!$H$4:$M57,3,FALSE))*IF($B$8=TRUE,VLOOKUP(D27,BuffsDebuffs!$P$8:$X$27,MATCH(H27,BuffsDebuffs!$P$8:$X$8,0),FALSE),1)*IF($B$6=TRUE,backend!$BN$5,1) -> 22413 | M27: =VLOOKUP(E27,backend!$BP$5:$BS57,4,FALSE) -> 1 | N27: 1 | O27: 1 | P27: =MAX(IFNA(VLOOKUP(IF($B$10=TRUE,O27,N27),backend!$P$4:$Y57,MATCH(I27,backend!$P$3:$Y$3,0),FALSE),IF($B$10=TRUE,O27,N27)),IFNA(VLOOKUP(IF($B$10=TRUE,O27,N27),backend!$P$4:$Y57,MATCH(J27,backend!$P$3:$Y$3,0),FALSE),IF($B$10=TRUE,O27,N27))) -> 1 | Q27: 90 | R27: =Q27/VLOOKUP(I27,backend!$H$4:$N57,7,FALSE)/VLOOKUP(J27,backend!$H$4:$N57,7,FALSE) -> 90 | S27: 24 | T27: 25 | U27: =MAX(IFNA(VLOOKUP(IF($B$9=TRUE,T27,S27),backend!$AA$4:$AF57,MATCH(I27,backend!$AA$3:$AF$3,0),FALSE),IF($B$9=TRUE,T27,S27)),IFNA(VLOOKUP(IF($B$9=TRUE,T27,S27),backend!$AA$4:$AF57,MATCH(J27,backend!$AA$3:$AF$3,0),FALSE),IF($B$9=TRUE,T27,S27))) -> 24 | V27: =VLOOKUP(E27,backend!$BB$4:$BH57,7,FALSE) -> 68.4 | W27: =MIN(100,V27+VLOOKUP(I27,backend!$H$4:$N57,5,FALSE)+VLOOKUP(J27,backend!$H$4:$N57,5,FALSE)+IF($B$11=TRUE,100,0)+IF($B$12,10,0)) -> 68.4 | X27: =(VLOOKUP(D27,backend!$AV$4:$AZ57,2,FALSE)*W27^2+VLOOKUP(D27,backend!$AV$4:$AZ57,3,FALSE)*W27+VLOOKUP(D27,backend!$AV$4:$AZ57,4,FALSE))*VLOOKUP(I27,backend!$H$4:$N57,6,FALSE)*VLOOKUP(J27,backend!$H$4:$N57,6,FALSE)*IF($B$12=TRUE,0.85,1)*IF($B$11=TRUE,0.9,1)*IF(D27="Shotgun",P27,1)*IF(F27="Rapid-Fire",0.8,1)+IF(OR(D27="Fusion Rifle",D27="Linear Fusion Rifle"),0.516,0) -> 2.099472 | Y27: 1.5 | Z27: =VLOOKUP(D27,backend!$AV$4:$AZ57,5,FALSE)*IF(D27="Shotgun",P27,1)+IF(OR(D27="Fusion Rifle",D27="Linear Fusion Rifle"),0.516,0) -> 1.5 | AA27: =MAX(X27,Z27) -> 2.099472 | AB27: =AJ27/MAX(AJ$15:AJ69)*100 -> 26.088171 | AC27: =AL27/MAX(AL$15:AL69)*100 -> 21.561389 | AD27: =AVERAGE(AB27:AC27) -> 23.82478 | AE27: =60/R27*(P27-1) -> 0 | AF27: =ROUNDDOWN(U27/P27,0)*AE27+ROUNDDOWN((U27-1)/P27,0)*AA27+Max(0,((U27-ROUNDDOWN(U27/P27,0)*P27)-1)*(60/R27)) -> 48.287857 | AG27: =P27*L27 -> 22413 | AH27: =IF(ISERROR(AG27/AE27),"-",AG27/AE27) -> - | AI27: =U27*L27 -> 537912 | AJ27: =ROUNDDOWN(U27/N27,0)*AG27 -> 537912 | AK27: =AI27/AF27 -> 11139.695 | AL27: =IF(P27=1,AK27,MAX(AK27,(ROUNDDOWN(U27/P27,0)*AG27)/(ROUNDDOWN(U27/P27,0)*AE27+(ROUNDDOWN(U27/P27,0)-1)*AA27))) -> 11139.695 | AM27: =IF(P27=U27,AH27,AG27/(AE27+AA27)) -> 10675.541 | AN27: =ROUNDDOWN(B$4/(AA27+AE27),0) -> 9 | AO27: =B$4-AN27*AA27 -> 1.1047517 | AP27: =IF(AN27=AQ27,0,B$4-(AN27*AA27+AQ27*AE27)) -> 1.1047517 | AQ27: =MIN(AN27+1,IF(ISERROR(ROUNDDOWN(AO27/AE27,0)),AN27+1,ROUNDDOWN(AO27/AE27,0))) -> 10 | AR27: =AQ27*AG27 -> 224130 | AS27: =Max(0,AO27-AQ27*AE27)-AP27 -> 0 | AT27: =MIN(N27,IF(AN27<AQ27,0,ROUNDDOWN(IF(AS27=0,0,AS27*(R27/60)+1),0))) -> 0 | AU27: =AT27*L27 -> 0 | AV27: =Min(AI27,AU27+AR27) -> 224130
B28: Heavy | C28: FALSE | D28: Heavy Grenade Launcher | E28: hgl_adaptive | F28: Adaptive | G28: =D28&" - "& F28 -> Heavy Grenade Launcher - Adaptive | H28: Any | I28: - | J28: - | K28: =VLOOKUP(E28,backend!$BP$5:$BQ57,2,FALSE) -> 42180 | L28: =K28*M28*IF(B28="Special",VLOOKUP(I28,backend!$H$4:$M57,2,FALSE),VLOOKUP(I28,backend!$H$4:$M57,3,FALSE))*IF(B28="Special",VLOOKUP(J28,backend!$H$4:$M57,2,FALSE),VLOOKUP(J28,backend!$H$4:$M57,3,FALSE))*IF($B$8=TRUE,VLOOKUP(D28,BuffsDebuffs!$P$8:$X$27,MATCH(H28,BuffsDebuffs!$P$8:$X$8,0),FALSE),1)*IF($B$6=TRUE,backend!$BN$5,1) -> 42180 | M28: =VLOOKUP(E28,backend!$BP$5:$BS57,4,FALSE) -> 1 | N28: 6 | O28: 8 | P28: =MAX(IFNA(VLOOKUP(IF($B$10=TRUE,O28,N28),backend!$P$4:$Y57,MATCH(I28,backend!$P$3:$Y$3,0),FALSE),IF($B$10=TRUE,O28,N28)),IFNA(VLOOKUP(IF($B$10=TRUE,O28,N28),backend!$P$4:$Y57,MATCH(J28,backend!$P$3:$Y$3,0),FALSE),IF($B$10=TRUE,O28,N28))) -> 6 | Q28: 120 | R28: =Q28/VLOOKUP(I28,backend!$H$4:$N57,7,FALSE)/VLOOKUP(J28,backend!$H$4:$N57,7,FALSE) -> 120 | S28: 26 | T28: 30 | U28: =MAX(IFNA(VLOOKUP(IF($B$9=TRUE,T28,S28),backend!$AA$4:$AF57,MATCH(I28,backend!$AA$3:$AF$3,0),FALSE),IF($B$9=TRUE,T28,S28)),IFNA(VLOOKUP(IF($B$9=TRUE,T28,S28),backend!$AA$4:$AF57,MATCH(J28,backend!$AA$3:$AF$3,0),FALSE),IF($B$9=TRUE,T28,S28))) -> 26 | V28: =VLOOKUP(E28,backend!$BB$4:$BH57,7,FALSE) -> 43 | W28: =MIN(100,V28+VLOOKUP(I28,backend!$H$4:$N57,5,FALSE)+VLOOKUP(J28,backend!$H$4:$N57,5,FALSE)+IF($B$11=TRUE,100,0)+IF($B$12,10,0)) -> 43 | X28: =(VLOOKUP(D28,backend!$AV$4:$AZ57,2,FALSE)*W28^2+VLOOKUP(D28,backend!$AV$4:$AZ57,3,FALSE)*W28+VLOOKUP(D28,backend!$AV$4:$AZ57,4,FALSE))*VLOOKUP(I28,backend!$H$4:$N57,6,FALSE)*VLOOKUP(J28,backend!$H$4:$N57,6,FALSE)*IF($B$12=TRUE,0.85,1)*IF($B$11=TRUE,0.9,1)*IF(D28="Shotgun",P28,1)*IF(F28="Rapid-Fire",0.8,1)+IF(OR(D28="Fusion Rifle",D28="Linear Fusion Rifle"),0.516,0) -> 3.197972 | Y28: 1.967 | Z28: =VLOOKUP(D28,backend!$AV$4:$AZ57,5,FALSE)*IF(D28="Shotgun",P28,1)+IF(OR(D28="Fusion Rifle",D28="Linear Fusion Rifle"),0.516,0) -> 1.967 | AA28: =MAX(X28,Z28) -> 3.197972 | AB28: =AJ28/MAX(AJ$15:AJ70)*100 -> 49.096464 | AC28: =AL28/MAX(AL$15:AL70)*100 -> 100 | AD28: =AVERAGE(AB28:AC28) -> 74.548232 | AE28: =60/R28*(P28-1) -> 2.5 | AF28: =ROUNDDOWN(U28/P28,0)*AE28+ROUNDDOWN((U28-1)/P28,0)*AA28+Max(0,((U28-ROUNDDOWN(U28/P28,0)*P28)-1)*(60/R28)) -> 23.291888 | AG28: =P28*L28 -> 253080 | AH28: =IF(ISERROR(AG28/AE28),"-",AG28/AE28) -> 101232 | AI28: =U28*L28 -> 1096680 | AJ28: =ROUNDDOWN(U28/N28,0)*AG28 -> 1012320 | AK28: =AI28/AF28 -> 47084.204 | AL28: =IF(P28=1,AK28,MAX(AK28,(ROUNDDOWN(U28/P28,0)*AG28)/(ROUNDDOWN(U28/P28,0)*AE28+(ROUNDDOWN(U28/P28,0)-1)*AA28))) -> 51665.017 | AM28: =IF(P28=U28,AH28,AG28/(AE28+AA28)) -> 44415.803 | AN28: =ROUNDDOWN(B$4/(AA28+AE28),0) -> 3 | AO28: =B$4-AN28*AA28 -> 10.406084 | AP28: =IF(AN28=AQ28,0,B$4-(AN28*AA28+AQ28*AE28)) -> 0.40608395 | AQ28: =MIN(AN28+1,IF(ISERROR(ROUNDDOWN(AO28/AE28,0)),AN28+1,ROUNDDOWN(AO28/AE28,0))) -> 4 | AR28: =AQ28*AG28 -> 1012320 | AS28: =Max(0,AO28-AQ28*AE28)-AP28 -> 0 | AT28: =MIN(N28,IF(AN28<AQ28,0,ROUNDDOWN(IF(AS28=0,0,AS28*(R28/60)+1),0))) -> 0 | AU28: =AT28*L28 -> 0 | AV28: =Min(AI28,AU28+AR28) -> 1012320
B29: Heavy | C29: FALSE | D29: Heavy Grenade Launcher | E29: hgl_wave | F29: Compressed Wave Frame | G29: =D29&" - "& F29 -> Heavy Grenade Launcher - Compressed Wave Frame | H29: Any | I29: - | J29: - | K29: =VLOOKUP(E29,backend!$BP$5:$BQ57,2,FALSE) -> 41377 | L29: =K29*M29*IF(B29="Special",VLOOKUP(I29,backend!$H$4:$M57,2,FALSE),VLOOKUP(I29,backend!$H$4:$M57,3,FALSE))*IF(B29="Special",VLOOKUP(J29,backend!$H$4:$M57,2,FALSE),VLOOKUP(J29,backend!$H$4:$M57,3,FALSE))*IF($B$8=TRUE,VLOOKUP(D29,BuffsDebuffs!$P$8:$X$27,MATCH(H29,BuffsDebuffs!$P$8:$X$8,0),FALSE),1)*IF($B$6=TRUE,backend!$BN$5,1) -> 41377 | M29: =VLOOKUP(E29,backend!$BP$5:$BS57,4,FALSE) -> 1 | N29: 5 | O29: 7 | P29: =MAX(IFNA(VLOOKUP(IF($B$10=TRUE,O29,N29),backend!$P$4:$Y57,MATCH(I29,backend!$P$3:$Y$3,0),FALSE),IF($B$10=TRUE,O29,N29)),IFNA(VLOOKUP(IF($B$10=TRUE,O29,N29),backend!$P$4:$Y57,MATCH(J29,backend!$P$3:$Y$3,0),FALSE),IF($B$10=TRUE,O29,N29))) -> 5 | Q29: 120 | R29: =Q29/VLOOKUP(I29,backend!$H$4:$N57,7,FALSE)/VLOOKUP(J29,backend!$H$4:$N57,7,FALSE) -> 120 | S29: 25 | T29: 29 | U29: =MAX(IFNA(VLOOKUP(IF($B$9=TRUE,T29,S29),backend!$AA$4:$AF57,MATCH(I29,backend!$AA$3:$AF$3,0),FALSE),IF($B$9=TRUE,T29,S29)),IFNA(VLOOKUP(IF($B$9=TRUE,T29,S29),backend!$AA$4:$AF57,MATCH(J29,backend!$AA$3:$AF$3,0),FALSE),IF($B$9=TRUE,T29,S29))) -> 25 | V29: =VLOOKUP(E29,backend!$BB$4:$BH57,7,FALSE) -> 40.5 | W29: =MIN(100,V29+VLOOKUP(I29,backend!$H$4:$N57,5,FALSE)+VLOOKUP(J29,backend!$H$4:$N57,5,FALSE)+IF($B$11=TRUE,100,0)+IF($B$12,10,0)) -> 40.5 | X29: =(VLOOKUP(D29,backend!$AV$4:$AZ57,2,FALSE)*W29^2+VLOOKUP(D29,backend!$AV$4:$AZ57,3,FALSE)*W29+VLOOKUP(D29,backend!$AV$4:$AZ57,4,FALSE))*VLOOKUP(I29,backend!$H$4:$N57,6,FALSE)*VLOOKUP(J29,backend!$H$4:$N57,6,FALSE)*IF($B$12=TRUE,0.85,1)*IF($B$11=TRUE,0.9,1)*IF(D29="Shotgun",P29,1)*IF(F29="Rapid-Fire",0.8,1)+IF(OR(D29="Fusion Rifle",D29="Linear Fusion Rifle"),0.516,0) -> 3.2444433 | Y29: 1.967 | Z29: =VLOOKUP(D29,backend!$AV$4:$AZ57,5,FALSE)*IF(D29="Shotgun",P29,1)+IF(OR(D29="Fusion Rifle",D29="Linear Fusion Rifle"),0.516,0) -> 1.967 | AA29: =MAX(X29,Z29) -> 3.2444433 | AB29: =AJ29/MAX(AJ$15:AJ71)*100 -> 50.168534 | AC29: =AL29/MAX(AL$15:AL71)*100 -> 87.135374 | AD29: =AVERAGE(AB29:AC29) -> 68.651954 | AE29: =60/R29*(P29-1) -> 2 | AF29: =ROUNDDOWN(U29/P29,0)*AE29+ROUNDDOWN((U29-1)/P29,0)*AA29+Max(0,((U29-ROUNDDOWN(U29/P29,0)*P29)-1)*(60/R29)) -> 22.977773 | AG29: =P29*L29 -> 206885 | AH29: =IF(ISERROR(AG29/AE29),"-",AG29/AE29) -> 103442.5 | AI29: =U29*L29 -> 1034425 | AJ29: =ROUNDDOWN(U29/N29,0)*AG29 -> 1034425 | AK29: =AI29/AF29 -> 45018.505 | AL29: =IF(P29=1,AK29,MAX(AK29,(ROUNDDOWN(U29/P29,0)*AG29)/(ROUNDDOWN(U29/P29,0)*AE29+(ROUNDDOWN(U29/P29,0)-1)*AA29))) -> 45018.505 | AM29: =IF(P29=U29,AH29,AG29/(AE29+AA29)) -> 39448.42 | AN29: =ROUNDDOWN(B$4/(AA29+AE29),0) -> 3 | AO29: =B$4-AN29*AA29 -> 10.26667 | AP29: =IF(AN29=AQ29,0,B$4-(AN29*AA29+AQ29*AE29)) -> 2.2666702 | AQ29: =MIN(AN29+1,IF(ISERROR(ROUNDDOWN(AO29/AE29,0)),AN29+1,ROUNDDOWN(AO29/AE29,0))) -> 4 | AR29: =AQ29*AG29 -> 827540 | AS29: =Max(0,AO29-AQ29*AE29)-AP29 -> 0 | AT29: =MIN(N29,IF(AN29<AQ29,0,ROUNDDOWN(IF(AS29=0,0,AS29*(R29/60)+1),0))) -> 0 | AU29: =AT29*L29 -> 0 | AV29: =Min(AI29,AU29+AR29) -> 827540
B30: Heavy | C30: FALSE | D30: Heavy Grenade Launcher | E30: hgl_rapid | F30: Rapid-Fire | G30: =D30&" - "& F30 -> Heavy Grenade Launcher - Rapid-Fire | H30: Any | I30: - | J30: - | K30: =VLOOKUP(E30,backend!$BP$5:$BQ57,2,FALSE) -> 36366 | L30: =K30*M30*IF(B30="Special",VLOOKUP(I30,backend!$H$4:$M57,2,FALSE),VLOOKUP(I30,backend!$H$4:$M57,3,FALSE))*IF(B30="Special",VLOOKUP(J30,backend!$H$4:$M57,2,FALSE),VLOOKUP(J30,backend!$H$4:$M57,3,FALSE))*IF($B$8=TRUE,VLOOKUP(D30,BuffsDebuffs!$P$8:$X$27,MATCH(H30,BuffsDebuffs!$P$8:$X$8,0),FALSE),1)*IF($B$6=TRUE,backend!$BN$5,1) -> 36366 | M30: =VLOOKUP(E30,backend!$BP$5:$BS57,4,FALSE) -> 1 | N30: 5 | O30: 8 | P30: =MAX(IFNA(VLOOKUP(IF($B$10=TRUE,O30,N30),backend!$P$4:$Y57,MATCH(I30,backend!$P$3:$Y$3,0),FALSE),IF($B$10=TRUE,O30,N30)),IFNA(VLOOKUP(IF($B$10=TRUE,O30,N30),backend!$P$4:$Y57,MATCH(J30,backend!$P$3:$Y$3,0),FALSE),IF($B$10=TRUE,O30,N30))) -> 5 | Q30: 150 | R30: =Q30/VLOOKUP(I30,backend!$H$4:$N57,7,FALSE)/VLOOKUP(J30,backend!$H$4:$N57,7,FALSE) -> 150 | S30: 32 | T30: 37 | U30: =MAX(IFNA(VLOOKUP(IF($B$9=TRUE,T30,S30),backend!$AA$4:$AF57,MATCH(I30,backend!$AA$3:$AF$3,0),FALSE),IF($B$9=TRUE,T30,S30)),IFNA(VLOOKUP(IF($B$9=TRUE,T30,S30),backend!$AA$4:$AF57,MATCH(J30,backend!$AA$3:$AF$3,0),FALSE),IF($B$9=TRUE,T30,S30))) -> 32 | V30: =VLOOKUP(E30,backend!$BB$4:$BH57,7,FALSE) -> 24.8 | W30: =MIN(100,V30+VLOOKUP(I30,backend!$H$4:$N57,5,FALSE)+VLOOKUP(J30,backend!$H$4:$N57,5,FALSE)+IF($B$11=TRUE,100,0)+IF($B$12,10,0)) -> 24.8 | X30: =(VLOOKUP(D30,backend!$AV$4:$AZ57,2,FALSE)*W30^2+VLOOKUP(D30,backend!$AV$4:$AZ57,3,FALSE)*W30+VLOOKUP(D30,backend!$AV$4:$AZ57,4,FALSE))*VLOOKUP(I30,backend!$H$4:$N57,6,FALSE)*VLOOKUP(J30,backend!$H$4:$N57,6,FALSE)*IF($B$12=TRUE,0.85,1)*IF($B$11=TRUE,0.9,1)*IF(D30="Shotgun",P30,1)*IF(F30="Rapid-Fire",0.8,1)+IF(OR(D30="Fusion Rifle",D30="Linear Fusion Rifle"),0.516,0) -> 2.8462903 | Y30: 1.967 | Z30: =VLOOKUP(D30,backend!$AV$4:$AZ57,5,FALSE)*IF(D30="Shotgun",P30,1)+IF(OR(D30="Fusion Rifle",D30="Linear Fusion Rifle"),0.516,0) -> 1.967 | AA30: =MAX(X30,Z30) -> 2.8462903 | AB30: =AJ30/MAX(AJ$15:AJ72)*100 -> 52.911392 | AC30: =AL30/MAX(AL$15:AL72)*100 -> 88.607345 | AD30: =AVERAGE(AB30:AC30) -> 70.759369 | AE30: =60/R30*(P30-1) -> 1.6 | AF30: =ROUNDDOWN(U30/P30,0)*AE30+ROUNDDOWN((U30-1)/P30,0)*AA30+Max(0,((U30-ROUNDDOWN(U30/P30,0)*P30)-1)*(60/R30)) -> 27.077742 | AG30: =P30*L30 -> 181830 | AH30: =IF(ISERROR(AG30/AE30),"-",AG30/AE30) -> 113643.75 | AI30: =U30*L30 -> 1163712 | AJ30: =ROUNDDOWN(U30/N30,0)*AG30 -> 1090980 | AK30: =AI30/AF30 -> 42976.701 | AL30: =IF(P30=1,AK30,MAX(AK30,(ROUNDDOWN(U30/P30,0)*AG30)/(ROUNDDOWN(U30/P30,0)*AE30+(ROUNDDOWN(U30/P30,0)-1)*AA30))) -> 45779 | AM30: =IF(P30=U30,AH30,AG30/(AE30+AA30)) -> 40894.766 | AN30: =ROUNDDOWN(B$4/(AA30+AE30),0) -> 4 | AO30: =B$4-AN30*AA30 -> 8.614839 | AP30: =IF(AN30=AQ30,0,B$4-(AN30*AA30+AQ30*AE30)) -> 0.61483896 | AQ30: =MIN(AN30+1,IF(ISERROR(ROUNDDOWN(AO30/AE30,0)),AN30+1,ROUNDDOWN(AO30/AE30,0))) -> 5 | AR30: =AQ30*AG30 -> 909150 | AS30: =Max(0,AO30-AQ30*AE30)-AP30 -> 0 | AT30: =MIN(N30,IF(AN30<AQ30,0,ROUNDDOWN(IF(AS30=0,0,AS30*(R30/60)+1),0))) -> 0 | AU30: =AT30*L30 -> 0 | AV30: =Min(AI30,AU30+AR30) -> 909150
B31: Heavy | C31: FALSE | D31: Linear Fusion Rifle | E31: lfr_adaptive | F31: Adaptive Burst | G31: =D31&" - "& F31 -> Linear Fusion Rifle - Adaptive Burst | H31: Any | I31: - | J31: - | K31: =VLOOKUP(E31,backend!$BP$5:$BQ57,2,FALSE) -> 21033 | L31: =K31*M31*IF(B31="Special",VLOOKUP(I31,backend!$H$4:$M57,2,FALSE),VLOOKUP(I31,backend!$H$4:$M57,3,FALSE))*IF(B31="Special",VLOOKUP(J31,backend!$H$4:$M57,2,FALSE),VLOOKUP(J31,backend!$H$4:$M57,3,FALSE))*IF($B$8=TRUE,VLOOKUP(D31,BuffsDebuffs!$P$8:$X$27,MATCH(H31,BuffsDebuffs!$P$8:$X$8,0),FALSE),1)*IF($B$6=TRUE,backend!$BN$5,1) -> 65803.5 | M31: =VLOOKUP(E31,backend!$BP$5:$BS57,4,FALSE) -> 3.1285837 | N31: 5 | O31: 7 | P31: =MAX(IFNA(VLOOKUP(IF($B$10=TRUE,O31,N31),backend!$P$4:$Y57,MATCH(I31,backend!$P$3:$Y$3,0),FALSE),IF($B$10=TRUE,O31,N31)),IFNA(VLOOKUP(IF($B$10=TRUE,O31,N31),backend!$P$4:$Y57,MATCH(J31,backend!$P$3:$Y$3,0),FALSE),IF($B$10=TRUE,O31,N31))) -> 5 | Q31: 41 | R31: =Q31/VLOOKUP(I31,backend!$H$4:$N57,7,FALSE)/VLOOKUP(J31,backend!$H$4:$N57,7,FALSE) -> 41 | S31: 23 | T31: 26 | U31: =MAX(IFNA(VLOOKUP(IF($B$9=TRUE,T31,S31),backend!$AA$4:$AF57,MATCH(I31,backend!$AA$3:$AF$3,0),FALSE),IF($B$9=TRUE,T31,S31)),IFNA(VLOOKUP(IF($B$9=TRUE,T31,S31),backend!$AA$4:$AF57,MATCH(J31,backend!$AA$3:$AF$3,0),FALSE),IF($B$9=TRUE,T31,S31))) -> 23 | V31: =VLOOKUP(E31,backend!$BB$4:$BH57,7,FALSE) -> 24.8 | W31: =MIN(100,V31+VLOOKUP(I31,backend!$H$4:$N57,5,FALSE)+VLOOKUP(J31,backend!$H$4:$N57,5,FALSE)+IF($B$11=TRUE,100,0)+IF($B$12,10,0)) -> 24.8 | X31: =(VLOOKUP(D31,backend!$AV$4:$AZ57,2,FALSE)*W31^2+VLOOKUP(D31,backend!$AV$4:$AZ57,3,FALSE)*W31+VLOOKUP(D31,backend!$AV$4:$AZ57,4,FALSE))*VLOOKUP(I31,backend!$H$4:$N57,6,FALSE)*VLOOKUP(J31,backend!$H$4:$N57,6,FALSE)*IF($B$12=TRUE,0.85,1)*IF($B$11=TRUE,0.9,1)*IF(D31="Shotgun",P31,1)*IF(F31="Rapid-Fire",0.8,1)+IF(OR(D31="Fusion Rifle",D31="Linear Fusion Rifle"),0.516,0) -> 2.9285451 | Y31: 1.65 | Z31: =VLOOKUP(D31,backend!$AV$4:$AZ57,5,FALSE)*IF(D31="Shotgun",P31,1)+IF(OR(D31="Fusion Rifle",D31="Linear Fusion Rifle"),0.516,0) -> 1.649 | AA31: =MAX(X31,Z31) -> 2.9285451 | AB31: =AJ31/MAX(AJ$15:AJ73)*100 -> 63.828023 | AC31: =AL31/MAX(AL$15:AL73)*100 -> 79.108456 | AD31: =AVERAGE(AB31:AC31) -> 71.46824 | AE31: =60/R31*(P31-1) -> 5.8536585 | AF31: =ROUNDDOWN(U31/P31,0)*AE31+ROUNDDOWN((U31-1)/P31,0)*AA31+Max(0,((U31-ROUNDDOWN(U31/P31,0)*P31)-1)*(60/R31)) -> 38.055644 | AG31: =P31*L31 -> 329017.5 | AH31: =IF(ISERROR(AG31/AE31),"-",AG31/AE31) -> 56207.156 | AI31: =U31*L31 -> 1513480.5 | AJ31: =ROUNDDOWN(U31/N31,0)*AG31 -> 1316070 | AK31: =AI31/AF31 -> 39770.198 | AL31: =IF(P31=1,AK31,MAX(AK31,(ROUNDDOWN(U31/P31,0)*AG31)/(ROUNDDOWN(U31/P31,0)*AE31+(ROUNDDOWN(U31/P31,0)-1)*AA31))) -> 40871.397 | AM31: =IF(P31=U31,AH31,AG31/(AE31+AA31)) -> 37464.117 | AN31: =ROUNDDOWN(B$4/(AA31+AE31),0) -> 2 | AO31: =B$4-AN31*AA31 -> 14.14291 | AP31: =IF(AN31=AQ31,0,B$4-(AN31*AA31+AQ31*AE31)) -> 0 | AQ31: =MIN(AN31+1,IF(ISERROR(ROUNDDOWN(AO31/AE31,0)),AN31+1,ROUNDDOWN(AO31/AE31,0))) -> 2 | AR31: =AQ31*AG31 -> 658035 | AS31: =Max(0,AO31-AQ31*AE31)-AP31 -> 2.4355928 | AT31: =MIN(N31,IF(AN31<AQ31,0,ROUNDDOWN(IF(AS31=0,0,AS31*(R31/60)+1),0))) -> 2 | AU31: =AT31*L31 -> 131607 | AV31: =Min(AI31,AU31+AR31) -> 789642
B32: Heavy | C32: FALSE | D32: Linear Fusion Rifle | E32: lfr_precision | F32: Precision | G32: =D32&" - "& F32 -> Linear Fusion Rifle - Precision | H32: Any | I32: - | J32: - | K32: =VLOOKUP(E32,backend!$BP$5:$BQ57,2,FALSE) -> 14769 | L32: =K32*M32*IF(B32="Special",VLOOKUP(I32,backend!$H$4:$M57,2,FALSE),VLOOKUP(I32,backend!$H$4:$M57,3,FALSE))*IF(B32="Special",VLOOKUP(J32,backend!$H$4:$M57,2,FALSE),VLOOKUP(J32,backend!$H$4:$M57,3,FALSE))*IF($B$8=TRUE,VLOOKUP(D32,BuffsDebuffs!$P$8:$X$27,MATCH(H32,BuffsDebuffs!$P$8:$X$8,0),FALSE),1)*IF($B$6=TRUE,backend!$BN$5,1) -> 46203 | M32: =VLOOKUP(E32,backend!$BP$5:$BS57,4,FALSE) -> 3.128377 | N32: 5 | O32: 7 | P32: =MAX(IFNA(VLOOKUP(IF($B$10=TRUE,O32,N32),backend!$P$4:$Y57,MATCH(I32,backend!$P$3:$Y$3,0),FALSE),IF($B$10=TRUE,O32,N32)),IFNA(VLOOKUP(IF($B$10=TRUE,O32,N32),backend!$P$4:$Y57,MATCH(J32,backend!$P$3:$Y$3,0),FALSE),IF($B$10=TRUE,O32,N32))) -> 5 | Q32: 57 | R32: =Q32/VLOOKUP(I32,backend!$H$4:$N57,7,FALSE)/VLOOKUP(J32,backend!$H$4:$N57,7,FALSE) -> 57 | S32: 23 | T32: 27 | U32: =MAX(IFNA(VLOOKUP(IF($B$9=TRUE,T32,S32),backend!$AA$4:$AF57,MATCH(I32,backend!$AA$3:$AF$3,0),FALSE),IF($B$9=TRUE,T32,S32)),IFNA(VLOOKUP(IF($B$9=TRUE,T32,S32),backend!$AA$4:$AF57,MATCH(J32,backend!$AA$3:$AF$3,0),FALSE),IF($B$9=TRUE,T32,S32))) -> 23 | V32: =VLOOKUP(E32,backend!$BB$4:$BH57,7,FALSE) -> 25 | W32: =MIN(100,V32+VLOOKUP(I32,backend!$H$4:$N57,5,FALSE)+VLOOKUP(J32,backend!$H$4:$N57,5,FALSE)+IF($B$11=TRUE,100,0)+IF($B$12,10,0)) -> 25 | X32: =(VLOOKUP(D32,backend!$AV$4:$AZ57,2,FALSE)*W32^2+VLOOKUP(D32,backend!$AV$4:$AZ57,3,FALSE)*W32+VLOOKUP(D32,backend!$AV$4:$AZ57,4,FALSE))*VLOOKUP(I32,backend!$H$4:$N57,6,FALSE)*VLOOKUP(J32,backend!$H$4:$N57,6,FALSE)*IF($B$12=TRUE,0.85,1)*IF($B$11=TRUE,0.9,1)*IF(D32="Shotgun",P32,1)*IF(F32="Rapid-Fire",0.8,1)+IF(OR(D32="Fusion Rifle",D32="Linear Fusion Rifle"),0.516,0) -> 2.9251335 | Y32: 1.65 | Z32: =VLOOKUP(D32,backend!$AV$4:$AZ57,5,FALSE)*IF(D32="Shotgun",P32,1)+IF(OR(D32="Fusion Rifle",D32="Linear Fusion Rifle"),0.516,0) -> 1.649 | AA32: =MAX(X32,Z32) -> 2.9251335 | AB32: =AJ32/MAX(AJ$15:AJ74)*100 -> 44.815946 | AC32: =AL32/MAX(AL$15:AL74)*100 -> 69.817896 | AD32: =AVERAGE(AB32:AC32) -> 57.316921 | AE32: =60/R32*(P32-1) -> 4.2105263 | AF32: =ROUNDDOWN(U32/P32,0)*AE32+ROUNDDOWN((U32-1)/P32,0)*AA32+Max(0,((U32-ROUNDDOWN(U32/P32,0)*P32)-1)*(60/R32)) -> 30.647902 | AG32: =P32*L32 -> 231015 | AH32: =IF(ISERROR(AG32/AE32),"-",AG32/AE32) -> 54866.062 | AI32: =U32*L32 -> 1062669 | AJ32: =ROUNDDOWN(U32/N32,0)*AG32 -> 924060 | AK32: =AI32/AF32 -> 34673.466 | AL32: =IF(P32=1,AK32,MAX(AK32,(ROUNDDOWN(U32/P32,0)*AG32)/(ROUNDDOWN(U32/P32,0)*AE32+(ROUNDDOWN(U32/P32,0)-1)*AA32))) -> 36071.427 | AM32: =IF(P32=U32,AH32,AG32/(AE32+AA32)) -> 32374.722 | AN32: =ROUNDDOWN(B$4/(AA32+AE32),0) -> 2 | AO32: =B$4-AN32*AA32 -> 14.149733 | AP32: =IF(AN32=AQ32,0,B$4-(AN32*AA32+AQ32*AE32)) -> 1.518154 | AQ32: =MIN(AN32+1,IF(ISERROR(ROUNDDOWN(AO32/AE32,0)),AN32+1,ROUNDDOWN(AO32/AE32,0))) -> 3 | AR32: =AQ32*AG32 -> 693045 | AS32: =Max(0,AO32-AQ32*AE32)-AP32 -> 0 | AT32: =MIN(N32,IF(AN32<AQ32,0,ROUNDDOWN(IF(AS32=0,0,AS32*(R32/60)+1),0))) -> 0 | AU32: =AT32*L32 -> 0 | AV32: =Min(AI32,AU32+AR32) -> 693045
B33: Heavy | C33: FALSE | D33: Machine Gun | E33: lmg_adaptive | F33: Adaptive | G33: =D33&" - "& F33 -> Machine Gun - Adaptive | H33: Any | I33: - | J33: - | K33: =VLOOKUP(E33,backend!$BP$5:$BQ57,2,FALSE) -> 3473 | L33: =K33*M33*IF(B33="Special",VLOOKUP(I33,backend!$H$4:$M57,2,FALSE),VLOOKUP(I33,backend!$H$4:$M57,3,FALSE))*IF(B33="Special",VLOOKUP(J33,backend!$H$4:$M57,2,FALSE),VLOOKUP(J33,backend!$H$4:$M57,3,FALSE))*IF($B$8=TRUE,VLOOKUP(D33,BuffsDebuffs!$P$8:$X$27,MATCH(H33,BuffsDebuffs!$P$8:$X$8,0),FALSE),1)*IF($B$6=TRUE,backend!$BN$5,1) -> 4868.5 | M33: =VLOOKUP(E33,backend!$BP$5:$BS57,4,FALSE) -> 1.401814 | N33: 57 | O33: 75 | P33: =MAX(IFNA(VLOOKUP(IF($B$10=TRUE,O33,N33),backend!$P$4:$Y57,MATCH(I33,backend!$P$3:$Y$3,0),FALSE),IF($B$10=TRUE,O33,N33)),IFNA(VLOOKUP(IF($B$10=TRUE,O33,N33),backend!$P$4:$Y57,MATCH(J33,backend!$P$3:$Y$3,0),FALSE),IF($B$10=TRUE,O33,N33))) -> 57 | Q33: 450 | R33: =Q33/VLOOKUP(I33,backend!$H$4:$N57,7,FALSE)/VLOOKUP(J33,backend!$H$4:$N57,7,FALSE) -> 450 | S33: 388 | T33: 491 | U33: =MAX(IFNA(VLOOKUP(IF($B$9=TRUE,T33,S33),backend!$AA$4:$AF57,MATCH(I33,backend!$AA$3:$AF$3,0),FALSE),IF($B$9=TRUE,T33,S33)),IFNA(VLOOKUP(IF($B$9=TRUE,T33,S33),backend!$AA$4:$AF57,MATCH(J33,backend!$AA$3:$AF$3,0),FALSE),IF($B$9=TRUE,T33,S33))) -> 388 | V33: =VLOOKUP(E33,backend!$BB$4:$BH57,7,FALSE) -> 52.4 | W33: =MIN(100,V33+VLOOKUP(I33,backend!$H$4:$N57,5,FALSE)+VLOOKUP(J33,backend!$H$4:$N57,5,FALSE)+IF($B$11=TRUE,100,0)+IF($B$12,10,0)) -> 52.4 | X33: =(VLOOKUP(D33,backend!$AV$4:$AZ57,2,FALSE)*W33^2+VLOOKUP(D33,backend!$AV$4:$AZ57,3,FALSE)*W33+VLOOKUP(D33,backend!$AV$4:$AZ57,4,FALSE))*VLOOKUP(I33,backend!$H$4:$N57,6,FALSE)*VLOOKUP(J33,backend!$H$4:$N57,6,FALSE)*IF($B$12=TRUE,0.85,1)*IF($B$11=TRUE,0.9,1)*IF(D33="Shotgun",P33,1)*IF(F33="Rapid-Fire",0.8,1)+IF(OR(D33="Fusion Rifle",D33="Linear Fusion Rifle"),0.516,0) -> 4.7680866 | Y33: 3 | Z33: =VLOOKUP(D33,backend!$AV$4:$AZ57,5,FALSE)*IF(D33="Shotgun",P33,1)+IF(OR(D33="Fusion Rifle",D33="Linear Fusion Rifle"),0.516,0) -> 1.4 | AA33: =MAX(X33,Z33) -> 4.7680866 | AB33: =AJ33/MAX(AJ$15:AJ75)*100 -> 80.752073 | AC33: =AL33/MAX(AL$15:AL75)*100 -> 46.950983 | AD33: =AVERAGE(AB33:AC33) -> 63.851528 | AE33: =60/R33*(P33-1) -> 7.4666667 | AF33: =ROUNDDOWN(U33/P33,0)*AE33+ROUNDDOWN((U33-1)/P33,0)*AA33+Max(0,((U33-ROUNDDOWN(U33/P33,0)*P33)-1)*(60/R33)) -> 79.40852 | AG33: =P33*L33 -> 277504.5 | AH33: =IF(ISERROR(AG33/AE33),"-",AG33/AE33) -> 37165.781 | AI33: =U33*L33 -> 1888978 | AJ33: =ROUNDDOWN(U33/N33,0)*AG33 -> 1665027 | AK33: =AI33/AF33 -> 23788.102 | AL33: =IF(P33=1,AK33,MAX(AK33,(ROUNDDOWN(U33/P33,0)*AG33)/(ROUNDDOWN(U33/P33,0)*AE33+(ROUNDDOWN(U33/P33,0)-1)*AA33))) -> 24257.233 | AM33: =IF(P33=U33,AH33,AG33/(AE33+AA33)) -> 22681.659 | AN33: =ROUNDDOWN(B$4/(AA33+AE33),0) -> 1 | AO33: =B$4-AN33*AA33 -> 15.231913 | AP33: =IF(AN33=AQ33,0,B$4-(AN33*AA33+AQ33*AE33)) -> 0.29858007 | AQ33: =MIN(AN33+1,IF(ISERROR(ROUNDDOWN(AO33/AE33,0)),AN33+1,ROUNDDOWN(AO33/AE33,0))) -> 2 | AR33: =AQ33*AG33 -> 555009 | AS33: =Max(0,AO33-AQ33*AE33)-AP33 -> 0 | AT33: =MIN(N33,IF(AN33<AQ33,0,ROUNDDOWN(IF(AS33=0,0,AS33*(R33/60)+1),0))) -> 0 | AU33: =AT33*L33 -> 0 | AV33: =Min(AI33,AU33+AR33) -> 555009
B34: Heavy | C34: FALSE | D34: Machine Gun | E34: lmg_aggressive | F34: Aggressive | G34: =D34&" - "& F34 -> Machine Gun - Aggressive | H34: Any | I34: - | J34: - | K34: =VLOOKUP(E34,backend!$BP$5:$BQ57,2,FALSE) -> 3013 | L34: =K34*M34*IF(B34="Special",VLOOKUP(I34,backend!$H$4:$M57,2,FALSE),VLOOKUP(I34,backend!$H$4:$M57,3,FALSE))*IF(B34="Special",VLOOKUP(J34,backend!$H$4:$M57,2,FALSE),VLOOKUP(J34,backend!$H$4:$M57,3,FALSE))*IF($B$8=TRUE,VLOOKUP(D34,BuffsDebuffs!$P$8:$X$27,MATCH(H34,BuffsDebuffs!$P$8:$X$8,0),FALSE),1)*IF($B$6=TRUE,backend!$BN$5,1) -> 3928.5 | M34: =VLOOKUP(E34,backend!$BP$5:$BS57,4,FALSE) -> 1.30385 | N34: 66 | O34: 91 | P34: =MAX(IFNA(VLOOKUP(IF($B$10=TRUE,O34,N34),backend!$P$4:$Y57,MATCH(I34,backend!$P$3:$Y$3,0),FALSE),IF($B$10=TRUE,O34,N34)),IFNA(VLOOKUP(IF($B$10=TRUE,O34,N34),backend!$P$4:$Y57,MATCH(J34,backend!$P$3:$Y$3,0),FALSE),IF($B$10=TRUE,O34,N34))) -> 66 | Q34: 600 | R34: =Q34/VLOOKUP(I34,backend!$H$4:$N57,7,FALSE)/VLOOKUP(J34,backend!$H$4:$N57,7,FALSE) -> 600 | S34: 449 | T34: 585 | U34: =MAX(IFNA(VLOOKUP(IF($B$9=TRUE,T34,S34),backend!$AA$4:$AF57,MATCH(I34,backend!$AA$3:$AF$3,0),FALSE),IF($B$9=TRUE,T34,S34)),IFNA(VLOOKUP(IF($B$9=TRUE,T34,S34),backend!$AA$4:$AF57,MATCH(J34,backend!$AA$3:$AF$3,0),FALSE),IF($B$9=TRUE,T34,S34))) -> 449 | V34: =VLOOKUP(E34,backend!$BB$4:$BH57,7,FALSE) -> 41 | W34: =MIN(100,V34+VLOOKUP(I34,backend!$H$4:$N57,5,FALSE)+VLOOKUP(J34,backend!$H$4:$N57,5,FALSE)+IF($B$11=TRUE,100,0)+IF($B$12,10,0)) -> 41 | X34: =(VLOOKUP(D34,backend!$AV$4:$AZ57,2,FALSE)*W34^2+VLOOKUP(D34,backend!$AV$4:$AZ57,3,FALSE)*W34+VLOOKUP(D34,backend!$AV$4:$AZ57,4,FALSE))*VLOOKUP(I34,backend!$H$4:$N57,6,FALSE)*VLOOKUP(J34,backend!$H$4:$N57,6,FALSE)*IF($B$12=TRUE,0.85,1)*IF($B$11=TRUE,0.9,1)*IF(D34="Shotgun",P34,1)*IF(F34="Rapid-Fire",0.8,1)+IF(OR(D34="Fusion Rifle",D34="Linear Fusion Rifle"),0.516,0) -> 5.0203221 | Y34: 3 | Z34: =VLOOKUP(D34,backend!$AV$4:$AZ57,5,FALSE)*IF(D34="Shotgun",P34,1)+IF(OR(D34="Fusion Rifle",D34="Linear Fusion Rifle"),0.516,0) -> 1.4 | AA34: =MAX(X34,Z34) -> 5.0203221 | AB34: =AJ34/MAX(AJ$15:AJ76)*100 -> 75.449149 | AC34: =AL34/MAX(AL$15:AL76)*100 -> 46.973879 | AD34: =AVERAGE(AB34:AC34) -> 61.211514 | AE34: =60/R34*(P34-1) -> 6.5 | AF34: =ROUNDDOWN(U34/P34,0)*AE34+ROUNDDOWN((U34-1)/P34,0)*AA34+Max(0,((U34-ROUNDDOWN(U34/P34,0)*P34)-1)*(60/R34)) -> 74.321933 | AG34: =P34*L34 -> 259281 | AH34: =IF(ISERROR(AG34/AE34),"-",AG34/AE34) -> 39889.385 | AI34: =U34*L34 -> 1763896.5 | AJ34: =ROUNDDOWN(U34/N34,0)*AG34 -> 1555686 | AK34: =AI34/AF34 -> 23733.189 | AL34: =IF(P34=1,AK34,MAX(AK34,(ROUNDDOWN(U34/P34,0)*AG34)/(ROUNDDOWN(U34/P34,0)*AE34+(ROUNDDOWN(U34/P34,0)-1)*AA34))) -> 24269.063 | AM34: =IF(P34=U34,AH34,AG34/(AE34+AA34)) -> 22506.402 | AN34: =ROUNDDOWN(B$4/(AA34+AE34),0) -> 1 | AO34: =B$4-AN34*AA34 -> 14.979678 | AP34: =IF(AN34=AQ34,0,B$4-(AN34*AA34+AQ34*AE34)) -> 1.9796779 | AQ34: =MIN(AN34+1,IF(ISERROR(ROUNDDOWN(AO34/AE34,0)),AN34+1,ROUNDDOWN(AO34/AE34,0))) -> 2 | AR34: =AQ34*AG34 -> 518562 | AS34: =Max(0,AO34-AQ34*AE34)-AP34 -> 0 | AT34: =MIN(N34,IF(AN34<AQ34,0,ROUNDDOWN(IF(AS34=0,0,AS34*(R34/60)+1),0))) -> 0 | AU34: =AT34*L34 -> 0 | AV34: =Min(AI34,AU34+AR34) -> 518562
B35: Heavy | C35: FALSE | D35: Machine Gun | E35: lmg_hi | F35: High-Impact | G35: =D35&" - "& F35 -> Machine Gun - High-Impact | H35: Any | I35: - | J35: - | K35: =VLOOKUP(E35,backend!$BP$5:$BQ57,2,FALSE) -> 3975 | L35: =K35*M35*IF(B35="Special",VLOOKUP(I35,backend!$H$4:$M57,2,FALSE),VLOOKUP(I35,backend!$H$4:$M57,3,FALSE))*IF(B35="Special",VLOOKUP(J35,backend!$H$4:$M57,2,FALSE),VLOOKUP(J35,backend!$H$4:$M57,3,FALSE))*IF($B$8=TRUE,VLOOKUP(D35,BuffsDebuffs!$P$8:$X$27,MATCH(H35,BuffsDebuffs!$P$8:$X$8,0),FALSE),1)*IF($B$6=TRUE,backend!$BN$5,1) -> 5727.5 | M35: =VLOOKUP(E35,backend!$BP$5:$BS57,4,FALSE) -> 1.4408805 | N35: 45 | O35: 75 | P35: =MAX(IFNA(VLOOKUP(IF($B$10=TRUE,O35,N35),backend!$P$4:$Y57,MATCH(I35,backend!$P$3:$Y$3,0),FALSE),IF($B$10=TRUE,O35,N35)),IFNA(VLOOKUP(IF($B$10=TRUE,O35,N35),backend!$P$4:$Y57,MATCH(J35,backend!$P$3:$Y$3,0),FALSE),IF($B$10=TRUE,O35,N35))) -> 45 | Q35: 360 | R35: =Q35/VLOOKUP(I35,backend!$H$4:$N57,7,FALSE)/VLOOKUP(J35,backend!$H$4:$N57,7,FALSE) -> 360 | S35: 372 | T35: 486 | U35: =MAX(IFNA(VLOOKUP(IF($B$9=TRUE,T35,S35),backend!$AA$4:$AF57,MATCH(I35,backend!$AA$3:$AF$3,0),FALSE),IF($B$9=TRUE,T35,S35)),IFNA(VLOOKUP(IF($B$9=TRUE,T35,S35),backend!$AA$4:$AF57,MATCH(J35,backend!$AA$3:$AF$3,0),FALSE),IF($B$9=TRUE,T35,S35))) -> 372 | V35: =VLOOKUP(E35,backend!$BB$4:$BH57,7,FALSE) -> 33.2 | W35: =MIN(100,V35+VLOOKUP(I35,backend!$H$4:$N57,5,FALSE)+VLOOKUP(J35,backend!$H$4:$N57,5,FALSE)+IF($B$11=TRUE,100,0)+IF($B$12,10,0)) -> 33.2 | X35: =(VLOOKUP(D35,backend!$AV$4:$AZ57,2,FALSE)*W35^2+VLOOKUP(D35,backend!$AV$4:$AZ57,3,FALSE)*W35+VLOOKUP(D35,backend!$AV$4:$AZ57,4,FALSE))*VLOOKUP(I35,backend!$H$4:$N57,6,FALSE)*VLOOKUP(J35,backend!$H$4:$N57,6,FALSE)*IF($B$12=TRUE,0.85,1)*IF($B$11=TRUE,0.9,1)*IF(D35="Shotgun",P35,1)*IF(F35="Rapid-Fire",0.8,1)+IF(OR(D35="Fusion Rifle",D35="Linear Fusion Rifle"),0.516,0) -> 5.2064628 | Y35: 3 | Z35: =VLOOKUP(D35,backend!$AV$4:$AZ57,5,FALSE)*IF(D35="Shotgun",P35,1)+IF(OR(D35="Fusion Rifle",D35="Linear Fusion Rifle"),0.516,0) -> 1.4 | AA35: =MAX(X35,Z35) -> 5.2064628 | AB35: =AJ35/MAX(AJ$15:AJ77)*100 -> 100 | AC35: =AL35/MAX(AL$15:AL77)*100 -> 41.960064 | AD35: =AVERAGE(AB35:AC35) -> 70.980032 | AE35: =60/R35*(P35-1) -> 7.3333333 | AF35: =ROUNDDOWN(U35/P35,0)*AE35+ROUNDDOWN((U35-1)/P35,0)*AA35+Max(0,((U35-ROUNDDOWN(U35/P35,0)*P35)-1)*(60/R35)) -> 102.1517 | AG35: =P35*L35 -> 257737.5 | AH35: =IF(ISERROR(AG35/AE35),"-",AG35/AE35) -> 35146.023 | AI35: =U35*L35 -> 2130630 | AJ35: =ROUNDDOWN(U35/N35,0)*AG35 -> 2061900 | AK35: =AI35/AF35 -> 20857.508 | AL35: =IF(P35=1,AK35,MAX(AK35,(ROUNDDOWN(U35/P35,0)*AG35)/(ROUNDDOWN(U35/P35,0)*AE35+(ROUNDDOWN(U35/P35,0)-1)*AA35))) -> 21678.674 | AM35: =IF(P35=U35,AH35,AG35/(AE35+AA35)) -> 20553.564 | AN35: =ROUNDDOWN(B$4/(AA35+AE35),0) -> 1 | AO35: =B$4-AN35*AA35 -> 14.793537 | AP35: =IF(AN35=AQ35,0,B$4-(AN35*AA35+AQ35*AE35)) -> 0.1268705 | AQ35: =MIN(AN35+1,IF(ISERROR(ROUNDDOWN(AO35/AE35,0)),AN35+1,ROUNDDOWN(AO35/AE35,0))) -> 2 | AR35: =AQ35*AG35 -> 515475 | AS35: =Max(0,AO35-AQ35*AE35)-AP35 -> 0 | AT35: =MIN(N35,IF(AN35<AQ35,0,ROUNDDOWN(IF(AS35=0,0,AS35*(R35/60)+1),0))) -> 0 | AU35: =AT35*L35 -> 0 | AV35: =Min(AI35,AU35+AR35) -> 515475
B36: Heavy | C36: FALSE | D36: Machine Gun | E36: lmg_rf | F36: Rapid-Fire | G36: =D36&" - "& F36 -> Machine Gun - Rapid-Fire | H36: Any | I36: - | J36: - | K36: =VLOOKUP(E36,backend!$BP$5:$BQ57,2,FALSE) -> 2135 | L36: =K36*M36*IF(B36="Special",VLOOKUP(I36,backend!$H$4:$M57,2,FALSE),VLOOKUP(I36,backend!$H$4:$M57,3,FALSE))*IF(B36="Special",VLOOKUP(J36,backend!$H$4:$M57,2,FALSE),VLOOKUP(J36,backend!$H$4:$M57,3,FALSE))*IF($B$8=TRUE,VLOOKUP(D36,BuffsDebuffs!$P$8:$X$27,MATCH(H36,BuffsDebuffs!$P$8:$X$8,0),FALSE),1)*IF($B$6=TRUE,backend!$BN$5,1) -> 2783 | M36: =VLOOKUP(E36,backend!$BP$5:$BS57,4,FALSE) -> 1.3035129 | N36: 75 | O36: 115 | P36: =MAX(IFNA(VLOOKUP(IF($B$10=TRUE,O36,N36),backend!$P$4:$Y57,MATCH(I36,backend!$P$3:$Y$3,0),FALSE),IF($B$10=TRUE,O36,N36)),IFNA(VLOOKUP(IF($B$10=TRUE,O36,N36),backend!$P$4:$Y57,MATCH(J36,backend!$P$3:$Y$3,0),FALSE),IF($B$10=TRUE,O36,N36))) -> 75 | Q36: 900 | R36: =Q36/VLOOKUP(I36,backend!$H$4:$N57,7,FALSE)/VLOOKUP(J36,backend!$H$4:$N57,7,FALSE) -> 900 | S36: 542 | T36: 716 | U36: =MAX(IFNA(VLOOKUP(IF($B$9=TRUE,T36,S36),backend!$AA$4:$AF57,MATCH(I36,backend!$AA$3:$AF$3,0),FALSE),IF($B$9=TRUE,T36,S36)),IFNA(VLOOKUP(IF($B$9=TRUE,T36,S36),backend!$AA$4:$AF57,MATCH(J36,backend!$AA$3:$AF$3,0),FALSE),IF($B$9=TRUE,T36,S36))) -> 542 | V36: =VLOOKUP(E36,backend!$BB$4:$BH57,7,FALSE) -> 62.2 | W36: =MIN(100,V36+VLOOKUP(I36,backend!$H$4:$N57,5,FALSE)+VLOOKUP(J36,backend!$H$4:$N57,5,FALSE)+IF($B$11=TRUE,100,0)+IF($B$12,10,0)) -> 62.2 | X36: =(VLOOKUP(D36,backend!$AV$4:$AZ57,2,FALSE)*W36^2+VLOOKUP(D36,backend!$AV$4:$AZ57,3,FALSE)*W36+VLOOKUP(D36,backend!$AV$4:$AZ57,4,FALSE))*VLOOKUP(I36,backend!$H$4:$N57,6,FALSE)*VLOOKUP(J36,backend!$H$4:$N57,6,FALSE)*IF($B$12=TRUE,0.85,1)*IF($B$11=TRUE,0.9,1)*IF(D36="Shotgun",P36,1)*IF(F36="Rapid-Fire",0.8,1)+IF(OR(D36="Fusion Rifle",D36="Linear Fusion Rifle"),0.516,0) -> 3.6560497 | Y36: 2.45 | Z36: =VLOOKUP(D36,backend!$AV$4:$AZ57,5,FALSE)*IF(D36="Shotgun",P36,1)+IF(OR(D36="Fusion Rifle",D36="Linear Fusion Rifle"),0.516,0) -> 1.4 | AA36: =MAX(X36,Z36) -> 3.6560497 | AB36: =AJ36/MAX(AJ$15:AJ78)*100 -> 70.860614 | AC36: =AL36/MAX(AL$15:AL78)*100 -> 50.079615 | AD36: =AVERAGE(AB36:AC36) -> 60.470114 | AE36: =60/R36*(P36-1) -> 4.9333333 | AF36: =ROUNDDOWN(U36/P36,0)*AE36+ROUNDDOWN((U36-1)/P36,0)*AA36+Max(0,((U36-ROUNDDOWN(U36/P36,0)*P36)-1)*(60/R36)) -> 61.192348 | AG36: =P36*L36 -> 208725 | AH36: =IF(ISERROR(AG36/AE36),"-",AG36/AE36) -> 42309.122 | AI36: =U36*L36 -> 1508386 | AJ36: =ROUNDDOWN(U36/N36,0)*AG36 -> 1461075 | AK36: =AI36/AF36 -> 24649.912 | AL36: =IF(P36=1,AK36,MAX(AK36,(ROUNDDOWN(U36/P36,0)*AG36)/(ROUNDDOWN(U36/P36,0)*AE36+(ROUNDDOWN(U36/P36,0)-1)*AA36))) -> 25873.641 | AM36: =IF(P36=U36,AH36,AG36/(AE36+AA36)) -> 24300.348 | AN36: =ROUNDDOWN(B$4/(AA36+AE36),0) -> 2 | AO36: =B$4-AN36*AA36 -> 12.687901 | AP36: =IF(AN36=AQ36,0,B$4-(AN36*AA36+AQ36*AE36)) -> 0 | AQ36: =MIN(AN36+1,IF(ISERROR(ROUNDDOWN(AO36/AE36,0)),AN36+1,ROUNDDOWN(AO36/AE36,0))) -> 2 | AR36: =AQ36*AG36 -> 417450 | AS36: =Max(0,AO36-AQ36*AE36)-AP36 -> 2.8212339 | AT36: =MIN(N36,IF(AN36<AQ36,0,ROUNDDOWN(IF(AS36=0,0,AS36*(R36/60)+1),0))) -> 43 | AU36: =AT36*L36 -> 119669 | AV36: =Min(AI36,AU36+AR36) -> 537119
B37: Heavy | C37: FALSE | D37: Rocket Launcher | E37: rl_adaptive | F37: Adaptive | G37: =D37&" - "& F37 -> Rocket Launcher - Adaptive | H37: Any | I37: - | J37: - | K37: =VLOOKUP(E37,backend!$BP$5:$BQ57,2,FALSE) -> 93692 | L37: =K37*M37*IF(B37="Special",VLOOKUP(I37,backend!$H$4:$M57,2,FALSE),VLOOKUP(I37,backend!$H$4:$M57,3,FALSE))*IF(B37="Special",VLOOKUP(J37,backend!$H$4:$M57,2,FALSE),VLOOKUP(J37,backend!$H$4:$M57,3,FALSE))*IF($B$8=TRUE,VLOOKUP(D37,BuffsDebuffs!$P$8:$X$27,MATCH(H37,BuffsDebuffs!$P$8:$X$8,0),FALSE),1)*IF($B$6=TRUE,backend!$BN$5,1) -> 93692 | M37: =VLOOKUP(E37,backend!$BP$5:$BS57,4,FALSE) -> 1 | N37: 1 | O37: 1 | P37: =MAX(IFNA(VLOOKUP(IF($B$10=TRUE,O37,N37),backend!$P$4:$Y57,MATCH(I37,backend!$P$3:$Y$3,0),FALSE),IF($B$10=TRUE,O37,N37)),IFNA(VLOOKUP(IF($B$10=TRUE,O37,N37),backend!$P$4:$Y57,MATCH(J37,backend!$P$3:$Y$3,0),FALSE),IF($B$10=TRUE,O37,N37))) -> 1 | Q37: 50.5 | R37: =Q37/VLOOKUP(I37,backend!$H$4:$N57,7,FALSE)/VLOOKUP(J37,backend!$H$4:$N57,7,FALSE) -> 50.5 | S37: 8 | T37: 10 | U37: =MAX(IFNA(VLOOKUP(IF($B$9=TRUE,T37,S37),backend!$AA$4:$AF57,MATCH(I37,backend!$AA$3:$AF$3,0),FALSE),IF($B$9=TRUE,T37,S37)),IFNA(VLOOKUP(IF($B$9=TRUE,T37,S37),backend!$AA$4:$AF57,MATCH(J37,backend!$AA$3:$AF$3,0),FALSE),IF($B$9=TRUE,T37,S37))) -> 8 | V37: =VLOOKUP(E37,backend!$BB$4:$BH57,7,FALSE) -> 42.8 | W37: =MIN(100,V37+VLOOKUP(I37,backend!$H$4:$N57,5,FALSE)+VLOOKUP(J37,backend!$H$4:$N57,5,FALSE)+IF($B$11=TRUE,100,0)+IF($B$12,10,0)) -> 42.8 | X37: =(VLOOKUP(D37,backend!$AV$4:$AZ57,2,FALSE)*W37^2+VLOOKUP(D37,backend!$AV$4:$AZ57,3,FALSE)*W37+VLOOKUP(D37,backend!$AV$4:$AZ57,4,FALSE))*VLOOKUP(I37,backend!$H$4:$N57,6,FALSE)*VLOOKUP(J37,backend!$H$4:$N57,6,FALSE)*IF($B$12=TRUE,0.85,1)*IF($B$11=TRUE,0.9,1)*IF(D37="Shotgun",P37,1)*IF(F37="Rapid-Fire",0.8,1)+IF(OR(D37="Fusion Rifle",D37="Linear Fusion Rifle"),0.516,0) -> 3.2034031 | Y37: 2.067 | Z37: =VLOOKUP(D37,backend!$AV$4:$AZ57,5,FALSE)*IF(D37="Shotgun",P37,1)+IF(OR(D37="Fusion Rifle",D37="Linear Fusion Rifle"),0.516,0) -> 2.1 | AA37: =MAX(X37,Z37) -> 3.2034031 | AB37: =AJ37/MAX(AJ$15:AJ79)*100 -> 36.351714 | AC37: =AL37/MAX(AL$15:AL79)*100 -> 64.697321 | AD37: =AVERAGE(AB37:AC37) -> 50.524518 | AE37: =60/R37*(P37-1) -> 0 | AF37: =ROUNDDOWN(U37/P37,0)*AE37+ROUNDDOWN((U37-1)/P37,0)*AA37+Max(0,((U37-ROUNDDOWN(U37/P37,0)*P37)-1)*(60/R37)) -> 22.423821 | AG37: =P37*L37 -> 93692 | AH37: =IF(ISERROR(AG37/AE37),"-",AG37/AE37) -> - | AI37: =U37*L37 -> 749536 | AJ37: =ROUNDDOWN(U37/N37,0)*AG37 -> 749536 | AK37: =AI37/AF37 -> 33425.882 | AL37: =IF(P37=1,AK37,MAX(AK37,(ROUNDDOWN(U37/P37,0)*AG37)/(ROUNDDOWN(U37/P37,0)*AE37+(ROUNDDOWN(U37/P37,0)-1)*AA37))) -> 33425.882 | AM37: =IF(P37=U37,AH37,AG37/(AE37+AA37)) -> 29247.646 | AN37: =ROUNDDOWN(B$4/(AA37+AE37),0) -> 6 | AO37: =B$4-AN37*AA37 -> 0.77958159 | AP37: =IF(AN37=AQ37,0,B$4-(AN37*AA37+AQ37*AE37)) -> 0.77958159 | AQ37: =MIN(AN37+1,IF(ISERROR(ROUNDDOWN(AO37/AE37,0)),AN37+1,ROUNDDOWN(AO37/AE37,0))) -> 7 | AR37: =AQ37*AG37 -> 655844 | AS37: =Max(0,AO37-AQ37*AE37)-AP37 -> 0 | AT37: =MIN(N37,IF(AN37<AQ37,0,ROUNDDOWN(IF(AS37=0,0,AS37*(R37/60)+1),0))) -> 0 | AU37: =AT37*L37 -> 0 | AV37: =Min(AI37,AU37+AR37) -> 655844
B38: Heavy | C38: FALSE | D38: Rocket Launcher | E38: rl_aggressive | F38: Aggressive | G38: =D38&" - "& F38 -> Rocket Launcher - Aggressive | H38: Any | I38: - | J38: - | K38: =VLOOKUP(E38,backend!$BP$5:$BQ57,2,FALSE) -> 93692 | L38: =K38*M38*IF(B38="Special",VLOOKUP(I38,backend!$H$4:$M57,2,FALSE),VLOOKUP(I38,backend!$H$4:$M57,3,FALSE))*IF(B38="Special",VLOOKUP(J38,backend!$H$4:$M57,2,FALSE),VLOOKUP(J38,backend!$H$4:$M57,3,FALSE))*IF($B$8=TRUE,VLOOKUP(D38,BuffsDebuffs!$P$8:$X$27,MATCH(H38,BuffsDebuffs!$P$8:$X$8,0),FALSE),1)*IF($B$6=TRUE,backend!$BN$5,1) -> 93692 | M38: =VLOOKUP(E38,backend!$BP$5:$BS57,4,FALSE) -> 1 | N38: 1 | O38: 1 | P38: =MAX(IFNA(VLOOKUP(IF($B$10=TRUE,O38,N38),backend!$P$4:$Y57,MATCH(I38,backend!$P$3:$Y$3,0),FALSE),IF($B$10=TRUE,O38,N38)),IFNA(VLOOKUP(IF($B$10=TRUE,O38,N38),backend!$P$4:$Y57,MATCH(J38,backend!$P$3:$Y$3,0),FALSE),IF($B$10=TRUE,O38,N38))) -> 1 | Q38: 54.5 | R38: =Q38/VLOOKUP(I38,backend!$H$4:$N57,7,FALSE)/VLOOKUP(J38,backend!$H$4:$N57,7,FALSE) -> 54.5 | S38: 8 | T38: 11 | U38: =MAX(IFNA(VLOOKUP(IF($B$9=TRUE,T38,S38),backend!$AA$4:$AF57,MATCH(I38,backend!$AA$3:$AF$3,0),FALSE),IF($B$9=TRUE,T38,S38)),IFNA(VLOOKUP(IF($B$9=TRUE,T38,S38),backend!$AA$4:$AF57,MATCH(J38,backend!$AA$3:$AF$3,0),FALSE),IF($B$9=TRUE,T38,S38))) -> 8 | V38: =VLOOKUP(E38,backend!$BB$4:$BH57,7,FALSE) -> 58.2 | W38: =MIN(100,V38+VLOOKUP(I38,backend!$H$4:$N57,5,FALSE)+VLOOKUP(J38,backend!$H$4:$N57,5,FALSE)+IF($B$11=TRUE,100,0)+IF($B$12,10,0)) -> 58.2 | X38: =(VLOOKUP(D38,backend!$AV$4:$AZ57,2,FALSE)*W38^2+VLOOKUP(D38,backend!$AV$4:$AZ57,3,FALSE)*W38+VLOOKUP(D38,backend!$AV$4:$AZ57,4,FALSE))*VLOOKUP(I38,backend!$H$4:$N57,6,FALSE)*VLOOKUP(J38,backend!$H$4:$N57,6,FALSE)*IF($B$12=TRUE,0.85,1)*IF($B$11=TRUE,0.9,1)*IF(D38="Shotgun",P38,1)*IF(F38="Rapid-Fire",0.8,1)+IF(OR(D38="Fusion Rifle",D38="Linear Fusion Rifle"),0.516,0) -> 2.9769146 | Y38: 2.067 | Z38: =VLOOKUP(D38,backend!$AV$4:$AZ57,5,FALSE)*IF(D38="Shotgun",P38,1)+IF(OR(D38="Fusion Rifle",D38="Linear Fusion Rifle"),0.516,0) -> 2.1 | AA38: =MAX(X38,Z38) -> 2.9769146 | AB38: =AJ38/MAX(AJ$15:AJ80)*100 -> 36.351714 | AC38: =AL38/MAX(AL$15:AL80)*100 -> 69.619596 | AD38: =AVERAGE(AB38:AC38) -> 52.985655 | AE38: =60/R38*(P38-1) -> 0 | AF38: =ROUNDDOWN(U38/P38,0)*AE38+ROUNDDOWN((U38-1)/P38,0)*AA38+Max(0,((U38-ROUNDDOWN(U38/P38,0)*P38)-1)*(60/R38)) -> 20.838402 | AG38: =P38*L38 -> 93692 | AH38: =IF(ISERROR(AG38/AE38),"-",AG38/AE38) -> - | AI38: =U38*L38 -> 749536 | AJ38: =ROUNDDOWN(U38/N38,0)*AG38 -> 749536 | AK38: =AI38/AF38 -> 35968.976 | AL38: =IF(P38=1,AK38,MAX(AK38,(ROUNDDOWN(U38/P38,0)*AG38)/(ROUNDDOWN(U38/P38,0)*AE38+(ROUNDDOWN(U38/P38,0)-1)*AA38))) -> 35968.976 | AM38: =IF(P38=U38,AH38,AG38/(AE38+AA38)) -> 31472.854 | AN38: =ROUNDDOWN(B$4/(AA38+AE38),0) -> 6 | AO38: =B$4-AN38*AA38 -> 2.1385122 | AP38: =IF(AN38=AQ38,0,B$4-(AN38*AA38+AQ38*AE38)) -> 2.1385122 | AQ38: =MIN(AN38+1,IF(ISERROR(ROUNDDOWN(AO38/AE38,0)),AN38+1,ROUNDDOWN(AO38/AE38,0))) -> 7 | AR38: =AQ38*AG38 -> 655844 | AS38: =Max(0,AO38-AQ38*AE38)-AP38 -> 0 | AT38: =MIN(N38,IF(AN38<AQ38,0,ROUNDDOWN(IF(AS38=0,0,AS38*(R38/60)+1),0))) -> 0 | AU38: =AT38*L38 -> 0 | AV38: =Min(AI38,AU38+AR38) -> 655844
B39: Heavy | C39: FALSE | D39: Rocket Launcher | E39: rl_hi | F39: High-Impact | G39: =D39&" - "& F39 -> Rocket Launcher - High-Impact | H39: Any | I39: - | J39: - | K39: =VLOOKUP(E39,backend!$BP$5:$BQ57,2,FALSE) -> 84334 | L39: =K39*M39*IF(B39="Special",VLOOKUP(I39,backend!$H$4:$M57,2,FALSE),VLOOKUP(I39,backend!$H$4:$M57,3,FALSE))*IF(B39="Special",VLOOKUP(J39,backend!$H$4:$M57,2,FALSE),VLOOKUP(J39,backend!$H$4:$M57,3,FALSE))*IF($B$8=TRUE,VLOOKUP(D39,BuffsDebuffs!$P$8:$X$27,MATCH(H39,BuffsDebuffs!$P$8:$X$8,0),FALSE),1)*IF($B$6=TRUE,backend!$BN$5,1) -> 84334 | M39: =VLOOKUP(E39,backend!$BP$5:$BS57,4,FALSE) -> 1 | N39: 1 | O39: 1 | P39: =MAX(IFNA(VLOOKUP(IF($B$10=TRUE,O39,N39),backend!$P$4:$Y57,MATCH(I39,backend!$P$3:$Y$3,0),FALSE),IF($B$10=TRUE,O39,N39)),IFNA(VLOOKUP(IF($B$10=TRUE,O39,N39),backend!$P$4:$Y57,MATCH(J39,backend!$P$3:$Y$3,0),FALSE),IF($B$10=TRUE,O39,N39))) -> 1 | Q39: 46.5 | R39: =Q39/VLOOKUP(I39,backend!$H$4:$N57,7,FALSE)/VLOOKUP(J39,backend!$H$4:$N57,7,FALSE) -> 46.5 | S39: 10 | T39: 12 | U39: =MAX(IFNA(VLOOKUP(IF($B$9=TRUE,T39,S39),backend!$AA$4:$AF57,MATCH(I39,backend!$AA$3:$AF$3,0),FALSE),IF($B$9=TRUE,T39,S39)),IFNA(VLOOKUP(IF($B$9=TRUE,T39,S39),backend!$AA$4:$AF57,MATCH(J39,backend!$AA$3:$AF$3,0),FALSE),IF($B$9=TRUE,T39,S39))) -> 10 | V39: =VLOOKUP(E39,backend!$BB$4:$BH57,7,FALSE) -> 34.8 | W39: =MIN(100,V39+VLOOKUP(I39,backend!$H$4:$N57,5,FALSE)+VLOOKUP(J39,backend!$H$4:$N57,5,FALSE)+IF($B$11=TRUE,100,0)+IF($B$12,10,0)) -> 34.8 | X39: =(VLOOKUP(D39,backend!$AV$4:$AZ57,2,FALSE)*W39^2+VLOOKUP(D39,backend!$AV$4:$AZ57,3,FALSE)*W39+VLOOKUP(D39,backend!$AV$4:$AZ57,4,FALSE))*VLOOKUP(I39,backend!$H$4:$N57,6,FALSE)*VLOOKUP(J39,backend!$H$4:$N57,6,FALSE)*IF($B$12=TRUE,0.85,1)*IF($B$11=TRUE,0.9,1)*IF(D39="Shotgun",P39,1)*IF(F39="Rapid-Fire",0.8,1)+IF(OR(D39="Fusion Rifle",D39="Linear Fusion Rifle"),0.516,0) -> 3.3405205 | Y39: 2.067 | Z39: =VLOOKUP(D39,backend!$AV$4:$AZ57,5,FALSE)*IF(D39="Shotgun",P39,1)+IF(OR(D39="Fusion Rifle",D39="Linear Fusion Rifle"),0.516,0) -> 2.1 | AA39: =MAX(X39,Z39) -> 3.3405205 | AB39: =AJ39/MAX(AJ$15:AJ81)*100 -> 40.901111 | AC39: =AL39/MAX(AL$15:AL81)*100 -> 54.293704 | AD39: =AVERAGE(AB39:AC39) -> 47.597407 | AE39: =60/R39*(P39-1) -> 0 | AF39: =ROUNDDOWN(U39/P39,0)*AE39+ROUNDDOWN((U39-1)/P39,0)*AA39+Max(0,((U39-ROUNDDOWN(U39/P39,0)*P39)-1)*(60/R39)) -> 30.064685 | AG39: =P39*L39 -> 84334 | AH39: =IF(ISERROR(AG39/AE39),"-",AG39/AE39) -> - | AI39: =U39*L39 -> 843340 | AJ39: =ROUNDDOWN(U39/N39,0)*AG39 -> 843340 | AK39: =AI39/AF39 -> 28050.851 | AL39: =IF(P39=1,AK39,MAX(AK39,(ROUNDDOWN(U39/P39,0)*AG39)/(ROUNDDOWN(U39/P39,0)*AE39+(ROUNDDOWN(U39/P39,0)-1)*AA39))) -> 28050.851 | AM39: =IF(P39=U39,AH39,AG39/(AE39+AA39)) -> 25245.766 | AN39: =ROUNDDOWN(B$4/(AA39+AE39),0) -> 5 | AO39: =B$4-AN39*AA39 -> 3.2973974 | AP39: =IF(AN39=AQ39,0,B$4-(AN39*AA39+AQ39*AE39)) -> 3.2973974 | AQ39: =MIN(AN39+1,IF(ISERROR(ROUNDDOWN(AO39/AE39,0)),AN39+1,ROUNDDOWN(AO39/AE39,0))) -> 6 | AR39: =AQ39*AG39 -> 506004 | AS39: =Max(0,AO39-AQ39*AE39)-AP39 -> 0 | AT39: =MIN(N39,IF(AN39<AQ39,0,ROUNDDOWN(IF(AS39=0,0,AS39*(R39/60)+1),0))) -> 0 | AU39: =AT39*L39 -> 0 | AV39: =Min(AI39,AU39+AR39) -> 506004
B40: Heavy | C40: FALSE | D40: Rocket Launcher | E40: rl_precision | F40: Precision | G40: =D40&" - "& F40 -> Rocket Launcher - Precision | H40: Any | I40: - | J40: - | K40: =VLOOKUP(E40,backend!$BP$5:$BQ57,2,FALSE) -> 80915 | L40: =K40*M40*IF(B40="Special",VLOOKUP(I40,backend!$H$4:$M57,2,FALSE),VLOOKUP(I40,backend!$H$4:$M57,3,FALSE))*IF(B40="Special",VLOOKUP(J40,backend!$H$4:$M57,2,FALSE),VLOOKUP(J40,backend!$H$4:$M57,3,FALSE))*IF($B$8=TRUE,VLOOKUP(D40,BuffsDebuffs!$P$8:$X$27,MATCH(H40,BuffsDebuffs!$P$8:$X$8,0),FALSE),1)*IF($B$6=TRUE,backend!$BN$5,1) -> 80915 | M40: =VLOOKUP(E40,backend!$BP$5:$BS57,4,FALSE) -> 1 | N40: 1 | O40: 1 | P40: =MAX(IFNA(VLOOKUP(IF($B$10=TRUE,O40,N40),backend!$P$4:$Y57,MATCH(I40,backend!$P$3:$Y$3,0),FALSE),IF($B$10=TRUE,O40,N40)),IFNA(VLOOKUP(IF($B$10=TRUE,O40,N40),backend!$P$4:$Y57,MATCH(J40,backend!$P$3:$Y$3,0),FALSE),IF($B$10=TRUE,O40,N40))) -> 1 | Q40: 42.5 | R40: =Q40/VLOOKUP(I40,backend!$H$4:$N57,7,FALSE)/VLOOKUP(J40,backend!$H$4:$N57,7,FALSE) -> 42.5 | S40: 10 | T40: 13 | U40: =MAX(IFNA(VLOOKUP(IF($B$9=TRUE,T40,S40),backend!$AA$4:$AF57,MATCH(I40,backend!$AA$3:$AF$3,0),FALSE),IF($B$9=TRUE,T40,S40)),IFNA(VLOOKUP(IF($B$9=TRUE,T40,S40),backend!$AA$4:$AF57,MATCH(J40,backend!$AA$3:$AF$3,0),FALSE),IF($B$9=TRUE,T40,S40))) -> 10 | V40: =VLOOKUP(E40,backend!$BB$4:$BH57,7,FALSE) -> 24.8 | W40: =MIN(100,V40+VLOOKUP(I40,backend!$H$4:$N57,5,FALSE)+VLOOKUP(J40,backend!$H$4:$N57,5,FALSE)+IF($B$11=TRUE,100,0)+IF($B$12,10,0)) -> 24.8 | X40: =(VLOOKUP(D40,backend!$AV$4:$AZ57,2,FALSE)*W40^2+VLOOKUP(D40,backend!$AV$4:$AZ57,3,FALSE)*W40+VLOOKUP(D40,backend!$AV$4:$AZ57,4,FALSE))*VLOOKUP(I40,backend!$H$4:$N57,6,FALSE)*VLOOKUP(J40,backend!$H$4:$N57,6,FALSE)*IF($B$12=TRUE,0.85,1)*IF($B$11=TRUE,0.9,1)*IF(D40="Shotgun",P40,1)*IF(F40="Rapid-Fire",0.8,1)+IF(OR(D40="Fusion Rifle",D40="Linear Fusion Rifle"),0.516,0) -> 3.53063 | Y40: 2.067 | Z40: =VLOOKUP(D40,backend!$AV$4:$AZ57,5,FALSE)*IF(D40="Shotgun",P40,1)+IF(OR(D40="Fusion Rifle",D40="Linear Fusion Rifle"),0.516,0) -> 2.1 | AA40: =MAX(X40,Z40) -> 3.53063 | AB40: =AJ40/MAX(AJ$15:AJ82)*100 -> 39.242931 | AC40: =AL40/MAX(AL$15:AL82)*100 -> 49.287609 | AD40: =AVERAGE(AB40:AC40) -> 44.26527 | AE40: =60/R40*(P40-1) -> 0 | AF40: =ROUNDDOWN(U40/P40,0)*AE40+ROUNDDOWN((U40-1)/P40,0)*AA40+Max(0,((U40-ROUNDDOWN(U40/P40,0)*P40)-1)*(60/R40)) -> 31.77567 | AG40: =P40*L40 -> 80915 | AH40: =IF(ISERROR(AG40/AE40),"-",AG40/AE40) -> - | AI40: =U40*L40 -> 809150 | AJ40: =ROUNDDOWN(U40/N40,0)*AG40 -> 809150 | AK40: =AI40/AF40 -> 25464.452 | AL40: =IF(P40=1,AK40,MAX(AK40,(ROUNDDOWN(U40/P40,0)*AG40)/(ROUNDDOWN(U40/P40,0)*AE40+(ROUNDDOWN(U40/P40,0)-1)*AA40))) -> 25464.452 | AM40: =IF(P40=U40,AH40,AG40/(AE40+AA40)) -> 22918.006 | AN40: =ROUNDDOWN(B$4/(AA40+AE40),0) -> 5 | AO40: =B$4-AN40*AA40 -> 2.3468502 | AP40: =IF(AN40=AQ40,0,B$4-(AN40*AA40+AQ40*AE40)) -> 2.3468502 | AQ40: =MIN(AN40+1,IF(ISERROR(ROUNDDOWN(AO40/AE40,0)),AN40+1,ROUNDDOWN(AO40/AE40,0))) -> 6 | AR40: =AQ40*AG40 -> 485490 | AS40: =Max(0,AO40-AQ40*AE40)-AP40 -> 0 | AT40: =MIN(N40,IF(AN40<AQ40,0,ROUNDDOWN(IF(AS40=0,0,AS40*(R40/60)+1),0))) -> 0 | AU40: =AT40*L40 -> 0 | AV40: =Min(AI40,AU40+AR40) -> 485490
B41: Special | C41: FALSE | D41: Shotgun | E41: sg_aggressive | F41: Aggressive | G41: =D41&" - "& F41 -> Shotgun - Aggressive | H41: Any | I41: - | J41: - | K41: =VLOOKUP(E41,backend!$BP$5:$BQ57,2,FALSE) -> 38220 | L41: =K41*M41*IF(B41="Special",VLOOKUP(I41,backend!$H$4:$M57,2,FALSE),VLOOKUP(I41,backend!$H$4:$M57,3,FALSE))*IF(B41="Special",VLOOKUP(J41,backend!$H$4:$M57,2,FALSE),VLOOKUP(J41,backend!$H$4:$M57,3,FALSE))*IF($B$8=TRUE,VLOOKUP(D41,BuffsDebuffs!$P$8:$X$27,MATCH(H41,BuffsDebuffs!$P$8:$X$8,0),FALSE),1)*IF($B$6=TRUE,backend!$BN$5,1) -> 42042 | M41: =VLOOKUP(E41,backend!$BP$5:$BS57,4,FALSE) -> 1.1 | N41: 4 | O41: 8 | P41: =MAX(IFNA(VLOOKUP(IF($B$10=TRUE,O41,N41),backend!$P$4:$Y57,MATCH(I41,backend!$P$3:$Y$3,0),FALSE),IF($B$10=TRUE,O41,N41)),IFNA(VLOOKUP(IF($B$10=TRUE,O41,N41),backend!$P$4:$Y57,MATCH(J41,backend!$P$3:$Y$3,0),FALSE),IF($B$10=TRUE,O41,N41))) -> 4 | Q41: 55 | R41: =Q41/VLOOKUP(I41,backend!$H$4:$N57,7,FALSE)/VLOOKUP(J41,backend!$H$4:$N57,7,FALSE) -> 55 | S41: 20 | T41: 25 | U41: =MAX(IFNA(VLOOKUP(IF($B$9=TRUE,T41,S41),backend!$AA$4:$AF57,MATCH(I41,backend!$AA$3:$AF$3,0),FALSE),IF($B$9=TRUE,T41,S41)),IFNA(VLOOKUP(IF($B$9=TRUE,T41,S41),backend!$AA$4:$AF57,MATCH(J41,backend!$AA$3:$AF$3,0),FALSE),IF($B$9=TRUE,T41,S41))) -> 20 | V41: =VLOOKUP(E41,backend!$BB$4:$BH57,7,FALSE) -> 31.8 | W41: =MIN(100,V41+VLOOKUP(I41,backend!$H$4:$N57,5,FALSE)+VLOOKUP(J41,backend!$H$4:$N57,5,FALSE)+IF($B$11=TRUE,100,0)+IF($B$12,10,0)) -> 31.8 | X41: =(VLOOKUP(D41,backend!$AV$4:$AZ57,2,FALSE)*W41^2+VLOOKUP(D41,backend!$AV$4:$AZ57,3,FALSE)*W41+VLOOKUP(D41,backend!$AV$4:$AZ57,4,FALSE))*VLOOKUP(I41,backend!$H$4:$N57,6,FALSE)*VLOOKUP(J41,backend!$H$4:$N57,6,FALSE)*IF($B$12=TRUE,0.85,1)*IF($B$11=TRUE,0.9,1)*IF(D41="Shotgun",P41,1)*IF(F41="Rapid-Fire",0.8,1)+IF(OR(D41="Fusion Rifle",D41="Linear Fusion Rifle"),0.516,0) -> 3.4588132 | Y41: 2.117 | Z41: =VLOOKUP(D41,backend!$AV$4:$AZ57,5,FALSE)*IF(D41="Shotgun",P41,1)+IF(OR(D41="Fusion Rifle",D41="Linear Fusion Rifle"),0.516,0) -> 0.668 | AA41: =MAX(X41,Z41) -> 3.4588132 | AB41: =AJ41/MAX(AJ$15:AJ83)*100 -> 40.779863 | AC41: =AL41/MAX(AL$15:AL83)*100 -> 53.892189 | AD41: =AVERAGE(AB41:AC41) -> 47.336026 | AE41: =60/R41*(P41-1) -> 3.2727273 | AF41: =ROUNDDOWN(U41/P41,0)*AE41+ROUNDDOWN((U41-1)/P41,0)*AA41+Max(0,((U41-ROUNDDOWN(U41/P41,0)*P41)-1)*(60/R41)) -> 30.198889 | AG41: =P41*L41 -> 168168 | AH41: =IF(ISERROR(AG41/AE41),"-",AG41/AE41) -> 51384.667 | AI41: =U41*L41 -> 840840 | AJ41: =ROUNDDOWN(U41/N41,0)*AG41 -> 840840 | AK41: =AI41/AF41 -> 27843.408 | AL41: =IF(P41=1,AK41,MAX(AK41,(ROUNDDOWN(U41/P41,0)*AG41)/(ROUNDDOWN(U41/P41,0)*AE41+(ROUNDDOWN(U41/P41,0)-1)*AA41))) -> 27843.408 | AM41: =IF(P41=U41,AH41,AG41/(AE41+AA41)) -> 24982.097 | AN41: =ROUNDDOWN(B$4/(AA41+AE41),0) -> 2 | AO41: =B$4-AN41*AA41 -> 13.082374 | AP41: =IF(AN41=AQ41,0,B$4-(AN41*AA41+AQ41*AE41)) -> 3.2641918 | AQ41: =MIN(AN41+1,IF(ISERROR(ROUNDDOWN(AO41/AE41,0)),AN41+1,ROUNDDOWN(AO41/AE41,0))) -> 3 | AR41: =AQ41*AG41 -> 504504 | AS41: =Max(0,AO41-AQ41*AE41)-AP41 -> 0 | AT41: =MIN(N41,IF(AN41<AQ41,0,ROUNDDOWN(IF(AS41=0,0,AS41*(R41/60)+1),0))) -> 0 | AU41: =AT41*L41 -> 0 | AV41: =Min(AI41,AU41+AR41) -> 504504
B42: Special | C42: FALSE | D42: Shotgun | E42: sg_hb | F42: Heavy Burst | G42: Shotgun - Heavy Burst | H42: Any | I42: - | J42: - | K42: =VLOOKUP(E42,backend!$BP$5:$BQ57,2,FALSE) -> 22784 | L42: =K42*M42*IF(B42="Special",VLOOKUP(I42,backend!$H$4:$M57,2,FALSE),VLOOKUP(I42,backend!$H$4:$M57,3,FALSE))*IF(B42="Special",VLOOKUP(J42,backend!$H$4:$M57,2,FALSE),VLOOKUP(J42,backend!$H$4:$M57,3,FALSE))*IF($B$8=TRUE,VLOOKUP(D42,BuffsDebuffs!$P$8:$X$27,MATCH(H42,BuffsDebuffs!$P$8:$X$8,0),FALSE),1)*IF($B$6=TRUE,backend!$BN$5,1) -> 39982 | M42: =VLOOKUP(E42,backend!$BP$5:$BS57,4,FALSE) -> 1.7548279 | N42: 6 | O42: 8 | P42: =MAX(IFNA(VLOOKUP(IF($B$10=TRUE,O42,N42),backend!$P$4:$Y57,MATCH(I42,backend!$P$3:$Y$3,0),FALSE),IF($B$10=TRUE,O42,N42)),IFNA(VLOOKUP(IF($B$10=TRUE,O42,N42),backend!$P$4:$Y57,MATCH(J42,backend!$P$3:$Y$3,0),FALSE),IF($B$10=TRUE,O42,N42))) -> 6 | Q42: 62 | R42: =Q42/VLOOKUP(I42,backend!$H$4:$N57,7,FALSE)/VLOOKUP(J42,backend!$H$4:$N57,7,FALSE) -> 62 | S42: 12 | T42: 16 | U42: =MAX(IFNA(VLOOKUP(IF($B$9=TRUE,T42,S42),backend!$AA$4:$AF57,MATCH(I42,backend!$AA$3:$AF$3,0),FALSE),IF($B$9=TRUE,T42,S42)),IFNA(VLOOKUP(IF($B$9=TRUE,T42,S42),backend!$AA$4:$AF57,MATCH(J42,backend!$AA$3:$AF$3,0),FALSE),IF($B$9=TRUE,T42,S42))) -> 12 | V42: =VLOOKUP(E42,backend!$BB$4:$BH57,7,FALSE) -> 69 | W42: =MIN(100,V42+VLOOKUP(I42,backend!$H$4:$N57,5,FALSE)+VLOOKUP(J42,backend!$H$4:$N57,5,FALSE)+IF($B$11=TRUE,100,0)+IF($B$12,10,0)) -> 69 | X42: =(VLOOKUP(D42,backend!$AV$4:$AZ57,2,FALSE)*W42^2+VLOOKUP(D42,backend!$AV$4:$AZ57,3,FALSE)*W42+VLOOKUP(D42,backend!$AV$4:$AZ57,4,FALSE))*VLOOKUP(I42,backend!$H$4:$N57,6,FALSE)*VLOOKUP(J42,backend!$H$4:$N57,6,FALSE)*IF($B$12=TRUE,0.85,1)*IF($B$11=TRUE,0.9,1)*IF(D42="Shotgun",P42,1)*IF(F42="Rapid-Fire",0.8,1)+IF(OR(D42="Fusion Rifle",D42="Linear Fusion Rifle"),0.516,0) -> 3.4659543 | Y42: 2.799 | Z42: =VLOOKUP(D42,backend!$AV$4:$AZ57,5,FALSE)*IF(D42="Shotgun",P42,1)+IF(OR(D42="Fusion Rifle",D42="Linear Fusion Rifle"),0.516,0) -> 1.002 | AA42: =MAX(X42,Z42) -> 3.4659543 | AB42: =AJ42/MAX(AJ$15:AJ84)*100 -> 23.269024 | AC42: =AL42/MAX(AL$15:AL84)*100 -> 70.654907 | AD42: =AVERAGE(AB42:AC42) -> 46.961965 | AE42: =60/R42*(P42-1) -> 4.8387097 | AF42: =ROUNDDOWN(U42/P42,0)*AE42+ROUNDDOWN((U42-1)/P42,0)*AA42+Max(0,((U42-ROUNDDOWN(U42/P42,0)*P42)-1)*(60/R42)) -> 13.143374 | AG42: =P42*L42 -> 239892 | AH42: =IF(ISERROR(AG42/AE42),"-",AG42/AE42) -> 49577.68 | AI42: =U42*L42 -> 479784 | AJ42: =ROUNDDOWN(U42/N42,0)*AG42 -> 479784 | AK42: =AI42/AF42 -> 36503.87 | AL42: =IF(P42=1,AK42,MAX(AK42,(ROUNDDOWN(U42/P42,0)*AG42)/(ROUNDDOWN(U42/P42,0)*AE42+(ROUNDDOWN(U42/P42,0)-1)*AA42))) -> 36503.87 | AM42: =IF(P42=U42,AH42,AG42/(AE42+AA42)) -> 28886.418 | AN42: =ROUNDDOWN(B$4/(AA42+AE42),0) -> 2 | AO42: =B$4-AN42*AA42 -> 13.068091 | AP42: =IF(AN42=AQ42,0,B$4-(AN42*AA42+AQ42*AE42)) -> 0 | AQ42: =MIN(AN42+1,IF(ISERROR(ROUNDDOWN(AO42/AE42,0)),AN42+1,ROUNDDOWN(AO42/AE42,0))) -> 2 | AR42: =AQ42*AG42 -> 479784 | AS42: =Max(0,AO42-AQ42*AE42)-AP42 -> 3.3906719 | AT42: =MIN(N42,IF(AN42<AQ42,0,ROUNDDOWN(IF(AS42=0,0,AS42*(R42/60)+1),0))) -> 4 | AU42: =AT42*L42 -> 159928 | AV42: =Min(AI42,AU42+AR42) -> 479784
B43: Special | C43: FALSE | D43: Shotgun | E43: sg_lw | F43: Lightweight | G43: =D43&" - "& F43 -> Shotgun - Lightweight | H43: Any | I43: - | J43: - | K43: =VLOOKUP(E43,backend!$BP$5:$BQ57,2,FALSE) -> 31476 | L43: =K43*M43*IF(B43="Special",VLOOKUP(I43,backend!$H$4:$M57,2,FALSE),VLOOKUP(I43,backend!$H$4:$M57,3,FALSE))*IF(B43="Special",VLOOKUP(J43,backend!$H$4:$M57,2,FALSE),VLOOKUP(J43,backend!$H$4:$M57,3,FALSE))*IF($B$8=TRUE,VLOOKUP(D43,BuffsDebuffs!$P$8:$X$27,MATCH(H43,BuffsDebuffs!$P$8:$X$8,0),FALSE),1)*IF($B$6=TRUE,backend!$BN$5,1) -> 34623.5 | M43: =VLOOKUP(E43,backend!$BP$5:$BS57,4,FALSE) -> 1.0999968 | N43: 6 | O43: 8 | P43: =MAX(IFNA(VLOOKUP(IF($B$10=TRUE,O43,N43),backend!$P$4:$Y57,MATCH(I43,backend!$P$3:$Y$3,0),FALSE),IF($B$10=TRUE,O43,N43)),IFNA(VLOOKUP(IF($B$10=TRUE,O43,N43),backend!$P$4:$Y57,MATCH(J43,backend!$P$3:$Y$3,0),FALSE),IF($B$10=TRUE,O43,N43))) -> 6 | Q43: 80 | R43: =Q43/VLOOKUP(I43,backend!$H$4:$N57,7,FALSE)/VLOOKUP(J43,backend!$H$4:$N57,7,FALSE) -> 80 | S43: 17 | T43: 21 | U43: =MAX(IFNA(VLOOKUP(IF($B$9=TRUE,T43,S43),backend!$AA$4:$AF57,MATCH(I43,backend!$AA$3:$AF$3,0),FALSE),IF($B$9=TRUE,T43,S43)),IFNA(VLOOKUP(IF($B$9=TRUE,T43,S43),backend!$AA$4:$AF57,MATCH(J43,backend!$AA$3:$AF$3,0),FALSE),IF($B$9=TRUE,T43,S43))) -> 17 | V43: =VLOOKUP(E43,backend!$BB$4:$BH57,7,FALSE) -> 57.4 | W43: =MIN(100,V43+VLOOKUP(I43,backend!$H$4:$N57,5,FALSE)+VLOOKUP(J43,backend!$H$4:$N57,5,FALSE)+IF($B$11=TRUE,100,0)+IF($B$12,10,0)) -> 57.4 | X43: =(VLOOKUP(D43,backend!$AV$4:$AZ57,2,FALSE)*W43^2+VLOOKUP(D43,backend!$AV$4:$AZ57,3,FALSE)*W43+VLOOKUP(D43,backend!$AV$4:$AZ57,4,FALSE))*VLOOKUP(I43,backend!$H$4:$N57,6,FALSE)*VLOOKUP(J43,backend!$H$4:$N57,6,FALSE)*IF($B$12=TRUE,0.85,1)*IF($B$11=TRUE,0.9,1)*IF(D43="Shotgun",P43,1)*IF(F43="Rapid-Fire",0.8,1)+IF(OR(D43="Fusion Rifle",D43="Linear Fusion Rifle"),0.516,0) -> 3.8888899 | Y43: 2.799 | Z43: =VLOOKUP(D43,backend!$AV$4:$AZ57,5,FALSE)*IF(D43="Shotgun",P43,1)+IF(OR(D43="Fusion Rifle",D43="Linear Fusion Rifle"),0.516,0) -> 1.002 | AA43: =MAX(X43,Z43) -> 3.8888899 | AB43: =AJ43/MAX(AJ$15:AJ85)*100 -> 20.150444 | AC43: =AL43/MAX(AL$15:AL85)*100 -> 70.611306 | AD43: =AVERAGE(AB43:AC43) -> 45.380875 | AE43: =60/R43*(P43-1) -> 3.75 | AF43: =ROUNDDOWN(U43/P43,0)*AE43+ROUNDDOWN((U43-1)/P43,0)*AA43+Max(0,((U43-ROUNDDOWN(U43/P43,0)*P43)-1)*(60/R43)) -> 18.27778 | AG43: =P43*L43 -> 207741 | AH43: =IF(ISERROR(AG43/AE43),"-",AG43/AE43) -> 55397.6 | AI43: =U43*L43 -> 588599.5 | AJ43: =ROUNDDOWN(U43/N43,0)*AG43 -> 415482 | AK43: =AI43/AF43 -> 32203.009 | AL43: =IF(P43=1,AK43,MAX(AK43,(ROUNDDOWN(U43/P43,0)*AG43)/(ROUNDDOWN(U43/P43,0)*AE43+(ROUNDDOWN(U43/P43,0)-1)*AA43))) -> 36481.343 | AM43: =IF(P43=U43,AH43,AG43/(AE43+AA43)) -> 27195.182 | AN43: =ROUNDDOWN(B$4/(AA43+AE43),0) -> 2 | AO43: =B$4-AN43*AA43 -> 12.22222 | AP43: =IF(AN43=AQ43,0,B$4-(AN43*AA43+AQ43*AE43)) -> 0.97222019 | AQ43: =MIN(AN43+1,IF(ISERROR(ROUNDDOWN(AO43/AE43,0)),AN43+1,ROUNDDOWN(AO43/AE43,0))) -> 3 | AR43: =AQ43*AG43 -> 623223 | AS43: =Max(0,AO43-AQ43*AE43)-AP43 -> 0 | AT43: =MIN(N43,IF(AN43<AQ43,0,ROUNDDOWN(IF(AS43=0,0,AS43*(R43/60)+1),0))) -> 0 | AU43: =AT43*L43 -> 0 | AV43: =Min(AI43,AU43+AR43) -> 588599.5
B44: Special | C44: FALSE | D44: Shotgun | E44: sg_slug | F44: Pinpoint Slug | G44: =D44&" - "& F44 -> Shotgun - Pinpoint Slug | H44: Any | I44: - | J44: - | K44: =VLOOKUP(E44,backend!$BP$5:$BQ57,2,FALSE) -> 20714 | L44: =K44*M44*IF(B44="Special",VLOOKUP(I44,backend!$H$4:$M57,2,FALSE),VLOOKUP(I44,backend!$H$4:$M57,3,FALSE))*IF(B44="Special",VLOOKUP(J44,backend!$H$4:$M57,2,FALSE),VLOOKUP(J44,backend!$H$4:$M57,3,FALSE))*IF($B$8=TRUE,VLOOKUP(D44,BuffsDebuffs!$P$8:$X$27,MATCH(H44,BuffsDebuffs!$P$8:$X$8,0),FALSE),1)*IF($B$6=TRUE,backend!$BN$5,1) -> 36350.5 | M44: =VLOOKUP(E44,backend!$BP$5:$BS57,4,FALSE) -> 1.7548759 | N44: 6 | O44: 8 | P44: =MAX(IFNA(VLOOKUP(IF($B$10=TRUE,O44,N44),backend!$P$4:$Y57,MATCH(I44,backend!$P$3:$Y$3,0),FALSE),IF($B$10=TRUE,O44,N44)),IFNA(VLOOKUP(IF($B$10=TRUE,O44,N44),backend!$P$4:$Y57,MATCH(J44,backend!$P$3:$Y$3,0),FALSE),IF($B$10=TRUE,O44,N44))) -> 6 | Q44: 65 | R44: =Q44/VLOOKUP(I44,backend!$H$4:$N57,7,FALSE)/VLOOKUP(J44,backend!$H$4:$N57,7,FALSE) -> 65 | S44: 19 | T44: 24 | U44: =MAX(IFNA(VLOOKUP(IF($B$9=TRUE,T44,S44),backend!$AA$4:$AF57,MATCH(I44,backend!$AA$3:$AF$3,0),FALSE),IF($B$9=TRUE,T44,S44)),IFNA(VLOOKUP(IF($B$9=TRUE,T44,S44),backend!$AA$4:$AF57,MATCH(J44,backend!$AA$3:$AF$3,0),FALSE),IF($B$9=TRUE,T44,S44))) -> 19 | V44: =VLOOKUP(E44,backend!$BB$4:$BH57,7,FALSE) -> 46.8 | W44: =MIN(100,V44+VLOOKUP(I44,backend!$H$4:$N57,5,FALSE)+VLOOKUP(J44,backend!$H$4:$N57,5,FALSE)+IF($B$11=TRUE,100,0)+IF($B$12,10,0)) -> 46.8 | X44: =(VLOOKUP(D44,backend!$AV$4:$AZ57,2,FALSE)*W44^2+VLOOKUP(D44,backend!$AV$4:$AZ57,3,FALSE)*W44+VLOOKUP(D44,backend!$AV$4:$AZ57,4,FALSE))*VLOOKUP(I44,backend!$H$4:$N57,6,FALSE)*VLOOKUP(J44,backend!$H$4:$N57,6,FALSE)*IF($B$12=TRUE,0.85,1)*IF($B$11=TRUE,0.9,1)*IF(D44="Shotgun",P44,1)*IF(F44="Rapid-Fire",0.8,1)+IF(OR(D44="Fusion Rifle",D44="Linear Fusion Rifle"),0.516,0) -> 4.3657936 | Y44: 2.799 | Z44: =VLOOKUP(D44,backend!$AV$4:$AZ57,5,FALSE)*IF(D44="Shotgun",P44,1)+IF(OR(D44="Fusion Rifle",D44="Linear Fusion Rifle"),0.516,0) -> 1.002 | AA44: =MAX(X44,Z44) -> 4.3657936 | AB44: =AJ44/MAX(AJ$15:AJ86)*100 -> 31.733304 | AC44: =AL44/MAX(AL$15:AL86)*100 -> 56.092634 | AD44: =AVERAGE(AB44:AC44) -> 43.912969 | AE44: =60/R44*(P44-1) -> 4.6153846 | AF44: =ROUNDDOWN(U44/P44,0)*AE44+ROUNDDOWN((U44-1)/P44,0)*AA44+Max(0,((U44-ROUNDDOWN(U44/P44,0)*P44)-1)*(60/R44)) -> 26.943535 | AG44: =P44*L44 -> 218103 | AH44: =IF(ISERROR(AG44/AE44),"-",AG44/AE44) -> 47255.65 | AI44: =U44*L44 -> 690659.5 | AJ44: =ROUNDDOWN(U44/N44,0)*AG44 -> 654309 | AK44: =AI44/AF44 -> 25633.589 | AL44: =IF(P44=1,AK44,MAX(AK44,(ROUNDDOWN(U44/P44,0)*AG44)/(ROUNDDOWN(U44/P44,0)*AE44+(ROUNDDOWN(U44/P44,0)-1)*AA44))) -> 28980.269 | AM44: =IF(P44=U44,AH44,AG44/(AE44+AA44)) -> 24284.453 | AN44: =ROUNDDOWN(B$4/(AA44+AE44),0) -> 2 | AO44: =B$4-AN44*AA44 -> 11.268413 | AP44: =IF(AN44=AQ44,0,B$4-(AN44*AA44+AQ44*AE44)) -> 0 | AQ44: =MIN(AN44+1,IF(ISERROR(ROUNDDOWN(AO44/AE44,0)),AN44+1,ROUNDDOWN(AO44/AE44,0))) -> 2 | AR44: =AQ44*AG44 -> 436206 | AS44: =Max(0,AO44-AQ44*AE44)-AP44 -> 2.0376435 | AT44: =MIN(N44,IF(AN44<AQ44,0,ROUNDDOWN(IF(AS44=0,0,AS44*(R44/60)+1),0))) -> 3 | AU44: =AT44*L44 -> 109051.5 | AV44: =Min(AI44,AU44+AR44) -> 545257.5
B45: Special | C45: FALSE | D45: Shotgun | E45: sg_precision | F45: Precision | G45: =D45&" - "& F45 -> Shotgun - Precision | H45: Any | I45: - | J45: - | K45: =VLOOKUP(E45,backend!$BP$5:$BQ57,2,FALSE) -> 32916 | L45: =K45*M45*IF(B45="Special",VLOOKUP(I45,backend!$H$4:$M57,2,FALSE),VLOOKUP(I45,backend!$H$4:$M57,3,FALSE))*IF(B45="Special",VLOOKUP(J45,backend!$H$4:$M57,2,FALSE),VLOOKUP(J45,backend!$H$4:$M57,3,FALSE))*IF($B$8=TRUE,VLOOKUP(D45,BuffsDebuffs!$P$8:$X$27,MATCH(H45,BuffsDebuffs!$P$8:$X$8,0),FALSE),1)*IF($B$6=TRUE,backend!$BN$5,1) -> 36207.5 | M45: =VLOOKUP(E45,backend!$BP$5:$BS57,4,FALSE) -> 1.099997 | N45: 5 | O45: 8 | P45: =MAX(IFNA(VLOOKUP(IF($B$10=TRUE,O45,N45),backend!$P$4:$Y57,MATCH(I45,backend!$P$3:$Y$3,0),FALSE),IF($B$10=TRUE,O45,N45)),IFNA(VLOOKUP(IF($B$10=TRUE,O45,N45),backend!$P$4:$Y57,MATCH(J45,backend!$P$3:$Y$3,0),FALSE),IF($B$10=TRUE,O45,N45))) -> 5 | Q45: 65 | R45: =Q45/VLOOKUP(I45,backend!$H$4:$N57,7,FALSE)/VLOOKUP(J45,backend!$H$4:$N57,7,FALSE) -> 65 | S45: 20 | T45: 26 | U45: =MAX(IFNA(VLOOKUP(IF($B$9=TRUE,T45,S45),backend!$AA$4:$AF57,MATCH(I45,backend!$AA$3:$AF$3,0),FALSE),IF($B$9=TRUE,T45,S45)),IFNA(VLOOKUP(IF($B$9=TRUE,T45,S45),backend!$AA$4:$AF57,MATCH(J45,backend!$AA$3:$AF$3,0),FALSE),IF($B$9=TRUE,T45,S45))) -> 20 | V45: =VLOOKUP(E45,backend!$BB$4:$BH57,7,FALSE) -> 46.8 | W45: =MIN(100,V45+VLOOKUP(I45,backend!$H$4:$N57,5,FALSE)+VLOOKUP(J45,backend!$H$4:$N57,5,FALSE)+IF($B$11=TRUE,100,0)+IF($B$12,10,0)) -> 46.8 | X45: =(VLOOKUP(D45,backend!$AV$4:$AZ57,2,FALSE)*W45^2+VLOOKUP(D45,backend!$AV$4:$AZ57,3,FALSE)*W45+VLOOKUP(D45,backend!$AV$4:$AZ57,4,FALSE))*VLOOKUP(I45,backend!$H$4:$N57,6,FALSE)*VLOOKUP(J45,backend!$H$4:$N57,6,FALSE)*IF($B$12=TRUE,0.85,1)*IF($B$11=TRUE,0.9,1)*IF(D45="Shotgun",P45,1)*IF(F45="Rapid-Fire",0.8,1)+IF(OR(D45="Fusion Rifle",D45="Linear Fusion Rifle"),0.516,0) -> 3.6381613 | Y45: 2.799 | Z45: =VLOOKUP(D45,backend!$AV$4:$AZ57,5,FALSE)*IF(D45="Shotgun",P45,1)+IF(OR(D45="Fusion Rifle",D45="Linear Fusion Rifle"),0.516,0) -> 0.835 | AA45: =MAX(X45,Z45) -> 3.6381613 | AB45: =AJ45/MAX(AJ$15:AJ87)*100 -> 35.12052 | AC45: =AL45/MAX(AL$15:AL87)*100 -> 54.572534 | AD45: =AVERAGE(AB45:AC45) -> 44.846527 | AE45: =60/R45*(P45-1) -> 3.6923077 | AF45: =ROUNDDOWN(U45/P45,0)*AE45+ROUNDDOWN((U45-1)/P45,0)*AA45+Max(0,((U45-ROUNDDOWN(U45/P45,0)*P45)-1)*(60/R45)) -> 25.683715 | AG45: =P45*L45 -> 181037.5 | AH45: =IF(ISERROR(AG45/AE45),"-",AG45/AE45) -> 49030.99 | AI45: =U45*L45 -> 724150 | AJ45: =ROUNDDOWN(U45/N45,0)*AG45 -> 724150 | AK45: =AI45/AF45 -> 28194.909 | AL45: =IF(P45=1,AK45,MAX(AK45,(ROUNDDOWN(U45/P45,0)*AG45)/(ROUNDDOWN(U45/P45,0)*AE45+(ROUNDDOWN(U45/P45,0)-1)*AA45))) -> 28194.909 | AM45: =IF(P45=U45,AH45,AG45/(AE45+AA45)) -> 24696.578 | AN45: =ROUNDDOWN(B$4/(AA45+AE45),0) -> 2 | AO45: =B$4-AN45*AA45 -> 12.723677 | AP45: =IF(AN45=AQ45,0,B$4-(AN45*AA45+AQ45*AE45)) -> 1.6467542 | AQ45: =MIN(AN45+1,IF(ISERROR(ROUNDDOWN(AO45/AE45,0)),AN45+1,ROUNDDOWN(AO45/AE45,0))) -> 3 | AR45: =AQ45*AG45 -> 543112.5 | AS45: =Max(0,AO45-AQ45*AE45)-AP45 -> 0 | AT45: =MIN(N45,IF(AN45<AQ45,0,ROUNDDOWN(IF(AS45=0,0,AS45*(R45/60)+1),0))) -> 0 | AU45: =AT45*L45 -> 0 | AV45: =Min(AI45,AU45+AR45) -> 543112.5
B46: Special | C46: FALSE | D46: Shotgun | E46: sg_rf | F46: Rapid-Fire | G46: =D46&" - "& F46 -> Shotgun - Rapid-Fire | H46: Any | I46: - | J46: - | K46: =VLOOKUP(E46,backend!$BP$5:$BQ57,2,FALSE) -> 25380 | L46: =K46*M46*IF(B46="Special",VLOOKUP(I46,backend!$H$4:$M57,2,FALSE),VLOOKUP(I46,backend!$H$4:$M57,3,FALSE))*IF(B46="Special",VLOOKUP(J46,backend!$H$4:$M57,2,FALSE),VLOOKUP(J46,backend!$H$4:$M57,3,FALSE))*IF($B$8=TRUE,VLOOKUP(D46,BuffsDebuffs!$P$8:$X$27,MATCH(H46,BuffsDebuffs!$P$8:$X$8,0),FALSE),1)*IF($B$6=TRUE,backend!$BN$5,1) -> 27918 | M46: =VLOOKUP(E46,backend!$BP$5:$BS57,4,FALSE) -> 1.1 | N46: 7 | O46: 8 | P46: =MAX(IFNA(VLOOKUP(IF($B$10=TRUE,O46,N46),backend!$P$4:$Y57,MATCH(I46,backend!$P$3:$Y$3,0),FALSE),IF($B$10=TRUE,O46,N46)),IFNA(VLOOKUP(IF($B$10=TRUE,O46,N46),backend!$P$4:$Y57,MATCH(J46,backend!$P$3:$Y$3,0),FALSE),IF($B$10=TRUE,O46,N46))) -> 7 | Q46: 140 | R46: =Q46/VLOOKUP(I46,backend!$H$4:$N57,7,FALSE)/VLOOKUP(J46,backend!$H$4:$N57,7,FALSE) -> 140 | S46: 28 | T46: 31 | U46: =MAX(IFNA(VLOOKUP(IF($B$9=TRUE,T46,S46),backend!$AA$4:$AF57,MATCH(I46,backend!$AA$3:$AF$3,0),FALSE),IF($B$9=TRUE,T46,S46)),IFNA(VLOOKUP(IF($B$9=TRUE,T46,S46),backend!$AA$4:$AF57,MATCH(J46,backend!$AA$3:$AF$3,0),FALSE),IF($B$9=TRUE,T46,S46))) -> 28 | V46: =VLOOKUP(E46,backend!$BB$4:$BH57,7,FALSE) -> 62.6 | W46: =MIN(100,V46+VLOOKUP(I46,backend!$H$4:$N57,5,FALSE)+VLOOKUP(J46,backend!$H$4:$N57,5,FALSE)+IF($B$11=TRUE,100,0)+IF($B$12,10,0)) -> 62.6 | X46: =(VLOOKUP(D46,backend!$AV$4:$AZ57,2,FALSE)*W46^2+VLOOKUP(D46,backend!$AV$4:$AZ57,3,FALSE)*W46+VLOOKUP(D46,backend!$AV$4:$AZ57,4,FALSE))*VLOOKUP(I46,backend!$H$4:$N57,6,FALSE)*VLOOKUP(J46,backend!$H$4:$N57,6,FALSE)*IF($B$12=TRUE,0.85,1)*IF($B$11=TRUE,0.9,1)*IF(D46="Shotgun",P46,1)*IF(F46="Rapid-Fire",0.8,1)+IF(OR(D46="Fusion Rifle",D46="Linear Fusion Rifle"),0.516,0) -> 3.4407421 | Y46: 2.799 | Z46: =VLOOKUP(D46,backend!$AV$4:$AZ57,5,FALSE)*IF(D46="Shotgun",P46,1)+IF(OR(D46="Fusion Rifle",D46="Linear Fusion Rifle"),0.516,0) -> 1.169 | AA46: =MAX(X46,Z46) -> 3.4407421 | AB46: =AJ46/MAX(AJ$15:AJ88)*100 -> 37.911829 | AC46: =AL46/MAX(AL$15:AL88)*100 -> 73.419457 | AD46: =AVERAGE(AB46:AC46) -> 55.665643 | AE46: =60/R46*(P46-1) -> 2.5714286 | AF46: =ROUNDDOWN(U46/P46,0)*AE46+ROUNDDOWN((U46-1)/P46,0)*AA46+Max(0,((U46-ROUNDDOWN(U46/P46,0)*P46)-1)*(60/R46)) -> 20.60794 | AG46: =P46*L46 -> 195426 | AH46: =IF(ISERROR(AG46/AE46),"-",AG46/AE46) -> 75999 | AI46: =U46*L46 -> 781704 | AJ46: =ROUNDDOWN(U46/N46,0)*AG46 -> 781704 | AK46: =AI46/AF46 -> 37932.175 | AL46: =IF(P46=1,AK46,MAX(AK46,(ROUNDDOWN(U46/P46,0)*AG46)/(ROUNDDOWN(U46/P46,0)*AE46+(ROUNDDOWN(U46/P46,0)-1)*AA46))) -> 37932.175 | AM46: =IF(P46=U46,AH46,AG46/(AE46+AA46)) -> 32505.065 | AN46: =ROUNDDOWN(B$4/(AA46+AE46),0) -> 3 | AO46: =B$4-AN46*AA46 -> 9.6777738 | AP46: =IF(AN46=AQ46,0,B$4-(AN46*AA46+AQ46*AE46)) -> 0 | AQ46: =MIN(AN46+1,IF(ISERROR(ROUNDDOWN(AO46/AE46,0)),AN46+1,ROUNDDOWN(AO46/AE46,0))) -> 3 | AR46: =AQ46*AG46 -> 586278 | AS46: =Max(0,AO46-AQ46*AE46)-AP46 -> 1.9634881 | AT46: =MIN(N46,IF(AN46<AQ46,0,ROUNDDOWN(IF(AS46=0,0,AS46*(R46/60)+1),0))) -> 5 | AU46: =AT46*L46 -> 139590 | AV46: =Min(AI46,AU46+AR46) -> 725868
B47: Special | C47: FALSE | D47: Sidearm | E47: sidearm_rocket | F47: Rocket-Assisted | G47: =D47&" - "& F47 -> Sidearm - Rocket-Assisted | H47: Any | I47: - | J47: - | K47: =VLOOKUP(E47,backend!$BP$5:$BQ57,2,FALSE) -> 16130 | L47: =K47*M47*IF(B47="Special",VLOOKUP(I47,backend!$H$4:$M57,2,FALSE),VLOOKUP(I47,backend!$H$4:$M57,3,FALSE))*IF(B47="Special",VLOOKUP(J47,backend!$H$4:$M57,2,FALSE),VLOOKUP(J47,backend!$H$4:$M57,3,FALSE))*IF($B$8=TRUE,VLOOKUP(D47,BuffsDebuffs!$P$8:$X$27,MATCH(H47,BuffsDebuffs!$P$8:$X$8,0),FALSE),1)*IF($B$6=TRUE,backend!$BN$5,1) -> 16720.358 | M47: =VLOOKUP(E47,backend!$BP$5:$BS57,4,FALSE) -> 1.0366 | N47: 10 | O47: 16 | P47: =MAX(IFNA(VLOOKUP(IF($B$10=TRUE,O47,N47),backend!$P$4:$Y57,MATCH(I47,backend!$P$3:$Y$3,0),FALSE),IF($B$10=TRUE,O47,N47)),IFNA(VLOOKUP(IF($B$10=TRUE,O47,N47),backend!$P$4:$Y57,MATCH(J47,backend!$P$3:$Y$3,0),FALSE),IF($B$10=TRUE,O47,N47))) -> 10 | Q47: 100 | R47: =Q47/VLOOKUP(I47,backend!$H$4:$N57,7,FALSE)/VLOOKUP(J47,backend!$H$4:$N57,7,FALSE) -> 100 | S47: 39 | T47: 47 | U47: =MAX(IFNA(VLOOKUP(IF($B$9=TRUE,T47,S47),backend!$AA$4:$AF57,MATCH(I47,backend!$AA$3:$AF$3,0),FALSE),IF($B$9=TRUE,T47,S47)),IFNA(VLOOKUP(IF($B$9=TRUE,T47,S47),backend!$AA$4:$AF57,MATCH(J47,backend!$AA$3:$AF$3,0),FALSE),IF($B$9=TRUE,T47,S47))) -> 39 | V47: =VLOOKUP(E47,backend!$BB$4:$BH57,7,FALSE) -> 32 | W47: =MIN(100,V47+VLOOKUP(I47,backend!$H$4:$N57,5,FALSE)+VLOOKUP(J47,backend!$H$4:$N57,5,FALSE)+IF($B$11=TRUE,100,0)+IF($B$12,10,0)) -> 32 | X47: =(VLOOKUP(D47,backend!$AV$4:$AZ57,2,FALSE)*W47^2+VLOOKUP(D47,backend!$AV$4:$AZ57,3,FALSE)*W47+VLOOKUP(D47,backend!$AV$4:$AZ57,4,FALSE))*VLOOKUP(I47,backend!$H$4:$N57,6,FALSE)*VLOOKUP(J47,backend!$H$4:$N57,6,FALSE)*IF($B$12=TRUE,0.85,1)*IF($B$11=TRUE,0.9,1)*IF(D47="Shotgun",P47,1)*IF(F47="Rapid-Fire",0.8,1)+IF(OR(D47="Fusion Rifle",D47="Linear Fusion Rifle"),0.516,0) -> 1.7725059 | Z47: =VLOOKUP(D47,backend!$AV$4:$AZ57,5,FALSE)*IF(D47="Shotgun",P47,1)+IF(OR(D47="Fusion Rifle",D47="Linear Fusion Rifle"),0.516,0) -> 0.733 | AA47: =MAX(X47,Z47) -> 1.7725059 | AB47: =AJ47/MAX(AJ$15:AJ89)*100 -> 24.327598 | AC47: =AL47/MAX(AL$15:AL89)*100 -> 49.171432 | AD47: =AVERAGE(AB47:AC47) -> 36.749515 | AE47: =60/R47*(P47-1) -> 5.4 | AF47: =ROUNDDOWN(U47/P47,0)*AE47+ROUNDDOWN((U47-1)/P47,0)*AA47+Max(0,((U47-ROUNDDOWN(U47/P47,0)*P47)-1)*(60/R47)) -> 26.317518 | AG47: =P47*L47 -> 167203.58 | AH47: =IF(ISERROR(AG47/AE47),"-",AG47/AE47) -> 30963.626 | AI47: =U47*L47 -> 652093.96 | AJ47: =ROUNDDOWN(U47/N47,0)*AG47 -> 501610.74 | AK47: =AI47/AF47 -> 24777.943 | AL47: =IF(P47=1,AK47,MAX(AK47,(ROUNDDOWN(U47/P47,0)*AG47)/(ROUNDDOWN(U47/P47,0)*AE47+(ROUNDDOWN(U47/P47,0)-1)*AA47))) -> 25404.428 | AM47: =IF(P47=U47,AH47,AG47/(AE47+AA47)) -> 23311.738 | AN47: =ROUNDDOWN(B$4/(AA47+AE47),0) -> 2 | AO47: =B$4-AN47*AA47 -> 16.454988 | AP47: =IF(AN47=AQ47,0,B$4-(AN47*AA47+AQ47*AE47)) -> 0.25498821 | AQ47: =MIN(AN47+1,IF(ISERROR(ROUNDDOWN(AO47/AE47,0)),AN47+1,ROUNDDOWN(AO47/AE47,0))) -> 3 | AR47: =AQ47*AG47 -> 501610.74 | AS47: =Max(0,AO47-AQ47*AE47)-AP47 -> 0 | AT47: =MIN(N47,IF(AN47<AQ47,0,ROUNDDOWN(IF(AS47=0,0,AS47*(R47/60)+1),0))) -> 0 | AU47: =AT47*L47 -> 0 | AV47: =Min(AI47,AU47+AR47) -> 501610.74
B48: Special | C48: FALSE | D48: Sniper Rifle | E48: sr_adaptive | F48: Adaptive | G48: =D48&" - "& F48 -> Sniper Rifle - Adaptive | H48: Any | I48: - | J48: - | K48: =VLOOKUP(E48,backend!$BP$5:$BQ57,2,FALSE) -> 8887 | L48: =K48*M48*IF(B48="Special",VLOOKUP(I48,backend!$H$4:$M57,2,FALSE),VLOOKUP(I48,backend!$H$4:$M57,3,FALSE))*IF(B48="Special",VLOOKUP(J48,backend!$H$4:$M57,2,FALSE),VLOOKUP(J48,backend!$H$4:$M57,3,FALSE))*IF($B$8=TRUE,VLOOKUP(D48,BuffsDebuffs!$P$8:$X$27,MATCH(H48,BuffsDebuffs!$P$8:$X$8,0),FALSE),1)*IF($B$6=TRUE,backend!$BN$5,1) -> 28837.5 | M48: =VLOOKUP(E48,backend!$BP$5:$BS57,4,FALSE) -> 3.2449083 | N48: 4 | O48: 7 | P48: =MAX(IFNA(VLOOKUP(IF($B$10=TRUE,O48,N48),backend!$P$4:$Y57,MATCH(I48,backend!$P$3:$Y$3,0),FALSE),IF($B$10=TRUE,O48,N48)),IFNA(VLOOKUP(IF($B$10=TRUE,O48,N48),backend!$P$4:$Y57,MATCH(J48,backend!$P$3:$Y$3,0),FALSE),IF($B$10=TRUE,O48,N48))) -> 4 | Q48: 90 | R48: =Q48/VLOOKUP(I48,backend!$H$4:$N57,7,FALSE)/VLOOKUP(J48,backend!$H$4:$N57,7,FALSE) -> 90 | S48: 21 | T48: 26 | U48: =MAX(IFNA(VLOOKUP(IF($B$9=TRUE,T48,S48),backend!$AA$4:$AF57,MATCH(I48,backend!$AA$3:$AF$3,0),FALSE),IF($B$9=TRUE,T48,S48)),IFNA(VLOOKUP(IF($B$9=TRUE,T48,S48),backend!$AA$4:$AF57,MATCH(J48,backend!$AA$3:$AF$3,0),FALSE),IF($B$9=TRUE,T48,S48))) -> 21 | V48: =VLOOKUP(E48,backend!$BB$4:$BH57,7,FALSE) -> 40.6 | W48: =MIN(100,V48+VLOOKUP(I48,backend!$H$4:$N57,5,FALSE)+VLOOKUP(J48,backend!$H$4:$N57,5,FALSE)+IF($B$11=TRUE,100,0)+IF($B$12,10,0)) -> 40.6 | X48: =(VLOOKUP(D48,backend!$AV$4:$AZ57,2,FALSE)*W48^2+VLOOKUP(D48,backend!$AV$4:$AZ57,3,FALSE)*W48+VLOOKUP(D48,backend!$AV$4:$AZ57,4,FALSE))*VLOOKUP(I48,backend!$H$4:$N57,6,FALSE)*VLOOKUP(J48,backend!$H$4:$N57,6,FALSE)*IF($B$12=TRUE,0.85,1)*IF($B$11=TRUE,0.9,1)*IF(D48="Shotgun",P48,1)*IF(F48="Rapid-Fire",0.8,1)+IF(OR(D48="Fusion Rifle",D48="Linear Fusion Rifle"),0.516,0) -> 3.009521 | Y48: 1.733 | Z48: =VLOOKUP(D48,backend!$AV$4:$AZ57,5,FALSE)*IF(D48="Shotgun",P48,1)+IF(OR(D48="Fusion Rifle",D48="Linear Fusion Rifle"),0.516,0) -> 1.733 | AA48: =MAX(X48,Z48) -> 3.009521 | AB48: =AJ48/MAX(AJ$15:AJ90)*100 -> 27.971774 | AC48: =AL48/MAX(AL$15:AL90)*100 -> 50.654402 | AD48: =AVERAGE(AB48:AC48) -> 39.313088 | AE48: =60/R48*(P48-1) -> 2 | AF48: =ROUNDDOWN(U48/P48,0)*AE48+ROUNDDOWN((U48-1)/P48,0)*AA48+Max(0,((U48-ROUNDDOWN(U48/P48,0)*P48)-1)*(60/R48)) -> 25.047605 | AG48: =P48*L48 -> 115350 | AH48: =IF(ISERROR(AG48/AE48),"-",AG48/AE48) -> 57675 | AI48: =U48*L48 -> 605587.5 | AJ48: =ROUNDDOWN(U48/N48,0)*AG48 -> 576750 | AK48: =AI48/AF48 -> 24177.461 | AL48: =IF(P48=1,AK48,MAX(AK48,(ROUNDDOWN(U48/P48,0)*AG48)/(ROUNDDOWN(U48/P48,0)*AE48+(ROUNDDOWN(U48/P48,0)-1)*AA48))) -> 26170.605 | AM48: =IF(P48=U48,AH48,AG48/(AE48+AA48)) -> 23026.153 | AN48: =ROUNDDOWN(B$4/(AA48+AE48),0) -> 3 | AO48: =B$4-AN48*AA48 -> 10.971437 | AP48: =IF(AN48=AQ48,0,B$4-(AN48*AA48+AQ48*AE48)) -> 2.9714369 | AQ48: =MIN(AN48+1,IF(ISERROR(ROUNDDOWN(AO48/AE48,0)),AN48+1,ROUNDDOWN(AO48/AE48,0))) -> 4 | AR48: =AQ48*AG48 -> 461400 | AS48: =Max(0,AO48-AQ48*AE48)-AP48 -> 0 | AT48: =MIN(N48,IF(AN48<AQ48,0,ROUNDDOWN(IF(AS48=0,0,AS48*(R48/60)+1),0))) -> 0 | AU48: =AT48*L48 -> 0 | AV48: =Min(AI48,AU48+AR48) -> 461400
B49: Special | C49: FALSE | D49: Sniper Rifle | E49: sr_aggressive | F49: Aggressive | G49: =D49&" - "& F49 -> Sniper Rifle - Aggressive | H49: Any | I49: - | J49: - | K49: =VLOOKUP(E49,backend!$BP$5:$BQ57,2,FALSE) -> 10082 | L49: =K49*M49*IF(B49="Special",VLOOKUP(I49,backend!$H$4:$M57,2,FALSE),VLOOKUP(I49,backend!$H$4:$M57,3,FALSE))*IF(B49="Special",VLOOKUP(J49,backend!$H$4:$M57,2,FALSE),VLOOKUP(J49,backend!$H$4:$M57,3,FALSE))*IF($B$8=TRUE,VLOOKUP(D49,BuffsDebuffs!$P$8:$X$27,MATCH(H49,BuffsDebuffs!$P$8:$X$8,0),FALSE),1)*IF($B$6=TRUE,backend!$BN$5,1) -> 35286.5 | M49: =VLOOKUP(E49,backend!$BP$5:$BS57,4,FALSE) -> 3.4999504 | N49: 3 | O49: 5 | P49: =MAX(IFNA(VLOOKUP(IF($B$10=TRUE,O49,N49),backend!$P$4:$Y57,MATCH(I49,backend!$P$3:$Y$3,0),FALSE),IF($B$10=TRUE,O49,N49)),IFNA(VLOOKUP(IF($B$10=TRUE,O49,N49),backend!$P$4:$Y57,MATCH(J49,backend!$P$3:$Y$3,0),FALSE),IF($B$10=TRUE,O49,N49))) -> 3 | Q49: 72 | R49: =Q49/VLOOKUP(I49,backend!$H$4:$N57,7,FALSE)/VLOOKUP(J49,backend!$H$4:$N57,7,FALSE) -> 72 | S49: 21 | T49: 26 | U49: =MAX(IFNA(VLOOKUP(IF($B$9=TRUE,T49,S49),backend!$AA$4:$AF57,MATCH(I49,backend!$AA$3:$AF$3,0),FALSE),IF($B$9=TRUE,T49,S49)),IFNA(VLOOKUP(IF($B$9=TRUE,T49,S49),backend!$AA$4:$AF57,MATCH(J49,backend!$AA$3:$AF$3,0),FALSE),IF($B$9=TRUE,T49,S49))) -> 21 | V49: =VLOOKUP(E49,backend!$BB$4:$BH57,7,FALSE) -> 30.6 | W49: =MIN(100,V49+VLOOKUP(I49,backend!$H$4:$N57,5,FALSE)+VLOOKUP(J49,backend!$H$4:$N57,5,FALSE)+IF($B$11=TRUE,100,0)+IF($B$12,10,0)) -> 30.6 | X49: =(VLOOKUP(D49,backend!$AV$4:$AZ57,2,FALSE)*W49^2+VLOOKUP(D49,backend!$AV$4:$AZ57,3,FALSE)*W49+VLOOKUP(D49,backend!$AV$4:$AZ57,4,FALSE))*VLOOKUP(I49,backend!$H$4:$N57,6,FALSE)*VLOOKUP(J49,backend!$H$4:$N57,6,FALSE)*IF($B$12=TRUE,0.85,1)*IF($B$11=TRUE,0.9,1)*IF(D49="Shotgun",P49,1)*IF(F49="Rapid-Fire",0.8,1)+IF(OR(D49="Fusion Rifle",D49="Linear Fusion Rifle"),0.516,0) -> 3.1930388 | Y49: 1.733 | Z49: =VLOOKUP(D49,backend!$AV$4:$AZ57,5,FALSE)*IF(D49="Shotgun",P49,1)+IF(OR(D49="Fusion Rifle",D49="Linear Fusion Rifle"),0.516,0) -> 1.733 | AA49: =MAX(X49,Z49) -> 3.1930388 | AB49: =AJ49/MAX(AJ$15:AJ91)*100 -> 35.938528 | AC49: =AL49/MAX(AL$15:AL91)*100 -> 46.529634 | AD49: =AVERAGE(AB49:AC49) -> 41.234081 | AE49: =60/R49*(P49-1) -> 1.6666667 | AF49: =ROUNDDOWN(U49/P49,0)*AE49+ROUNDDOWN((U49-1)/P49,0)*AA49+Max(0,((U49-ROUNDDOWN(U49/P49,0)*P49)-1)*(60/R49)) -> 30.824899 | AG49: =P49*L49 -> 105859.5 | AH49: =IF(ISERROR(AG49/AE49),"-",AG49/AE49) -> 63515.7 | AI49: =U49*L49 -> 741016.5 | AJ49: =ROUNDDOWN(U49/N49,0)*AG49 -> 741016.5 | AK49: =AI49/AF49 -> 24039.543 | AL49: =IF(P49=1,AK49,MAX(AK49,(ROUNDDOWN(U49/P49,0)*AG49)/(ROUNDDOWN(U49/P49,0)*AE49+(ROUNDDOWN(U49/P49,0)-1)*AA49))) -> 24039.543 | AM49: =IF(P49=U49,AH49,AG49/(AE49+AA49)) -> 21783.11 | AN49: =ROUNDDOWN(B$4/(AA49+AE49),0) -> 4 | AO49: =B$4-AN49*AA49 -> 7.2278449 | AP49: =IF(AN49=AQ49,0,B$4-(AN49*AA49+AQ49*AE49)) -> 0 | AQ49: =MIN(AN49+1,IF(ISERROR(ROUNDDOWN(AO49/AE49,0)),AN49+1,ROUNDDOWN(AO49/AE49,0))) -> 4 | AR49: =AQ49*AG49 -> 423438 | AS49: =Max(0,AO49-AQ49*AE49)-AP49 -> 0.56117823 | AT49: =MIN(N49,IF(AN49<AQ49,0,ROUNDDOWN(IF(AS49=0,0,AS49*(R49/60)+1),0))) -> 1 | AU49: =AT49*L49 -> 35286.5 | AV49: =Min(AI49,AU49+AR49) -> 458724.5
B50: Special | C50: FALSE | D50: Sniper Rifle | E50: sr_rf | F50: Rapid-Fire | G50: =D50&" - "& F50 -> Sniper Rifle - Rapid-Fire | H50: Any | I50: - | J50: - | K50: =VLOOKUP(E50,backend!$BP$5:$BQ57,2,FALSE) -> 6348 | L50: =K50*M50*IF(B50="Special",VLOOKUP(I50,backend!$H$4:$M57,2,FALSE),VLOOKUP(I50,backend!$H$4:$M57,3,FALSE))*IF(B50="Special",VLOOKUP(J50,backend!$H$4:$M57,2,FALSE),VLOOKUP(J50,backend!$H$4:$M57,3,FALSE))*IF($B$8=TRUE,VLOOKUP(D50,BuffsDebuffs!$P$8:$X$27,MATCH(H50,BuffsDebuffs!$P$8:$X$8,0),FALSE),1)*IF($B$6=TRUE,backend!$BN$5,1) -> 21843.5 | M50: =VLOOKUP(E50,backend!$BP$5:$BS57,4,FALSE) -> 3.441005 | N50: 6 | O50: 7 | P50: =MAX(IFNA(VLOOKUP(IF($B$10=TRUE,O50,N50),backend!$P$4:$Y57,MATCH(I50,backend!$P$3:$Y$3,0),FALSE),IF($B$10=TRUE,O50,N50)),IFNA(VLOOKUP(IF($B$10=TRUE,O50,N50),backend!$P$4:$Y57,MATCH(J50,backend!$P$3:$Y$3,0),FALSE),IF($B$10=TRUE,O50,N50))) -> 6 | Q50: 140 | R50: =Q50/VLOOKUP(I50,backend!$H$4:$N57,7,FALSE)/VLOOKUP(J50,backend!$H$4:$N57,7,FALSE) -> 140 | S50: 28 | T50: 34 | U50: =MAX(IFNA(VLOOKUP(IF($B$9=TRUE,T50,S50),backend!$AA$4:$AF57,MATCH(I50,backend!$AA$3:$AF$3,0),FALSE),IF($B$9=TRUE,T50,S50)),IFNA(VLOOKUP(IF($B$9=TRUE,T50,S50),backend!$AA$4:$AF57,MATCH(J50,backend!$AA$3:$AF$3,0),FALSE),IF($B$9=TRUE,T50,S50))) -> 28 | V50: =VLOOKUP(E50,backend!$BB$4:$BH57,7,FALSE) -> 56.6 | W50: =MIN(100,V50+VLOOKUP(I50,backend!$H$4:$N57,5,FALSE)+VLOOKUP(J50,backend!$H$4:$N57,5,FALSE)+IF($B$11=TRUE,100,0)+IF($B$12,10,0)) -> 56.6 | X50: =(VLOOKUP(D50,backend!$AV$4:$AZ57,2,FALSE)*W50^2+VLOOKUP(D50,backend!$AV$4:$AZ57,3,FALSE)*W50+VLOOKUP(D50,backend!$AV$4:$AZ57,4,FALSE))*VLOOKUP(I50,backend!$H$4:$N57,6,FALSE)*VLOOKUP(J50,backend!$H$4:$N57,6,FALSE)*IF($B$12=TRUE,0.85,1)*IF($B$11=TRUE,0.9,1)*IF(D50="Shotgun",P50,1)*IF(F50="Rapid-Fire",0.8,1)+IF(OR(D50="Fusion Rifle",D50="Linear Fusion Rifle"),0.516,0) -> 2.1951614 | Y50: 1.733 | Z50: =VLOOKUP(D50,backend!$AV$4:$AZ57,5,FALSE)*IF(D50="Shotgun",P50,1)+IF(OR(D50="Fusion Rifle",D50="Linear Fusion Rifle"),0.516,0) -> 1.733 | AA50: =MAX(X50,Z50) -> 2.1951614 | AB50: =AJ50/MAX(AJ$15:AJ92)*100 -> 25.425287 | AC50: =AL50/MAX(AL$15:AL92)*100 -> 66.946233 | AD50: =AVERAGE(AB50:AC50) -> 46.18576 | AE50: =60/R50*(P50-1) -> 2.1428571 | AF50: =ROUNDDOWN(U50/P50,0)*AE50+ROUNDDOWN((U50-1)/P50,0)*AA50+Max(0,((U50-ROUNDDOWN(U50/P50,0)*P50)-1)*(60/R50)) -> 18.637788 | AG50: =P50*L50 -> 131061 | AH50: =IF(ISERROR(AG50/AE50),"-",AG50/AE50) -> 61161.8 | AI50: =U50*L50 -> 611618 | AJ50: =ROUNDDOWN(U50/N50,0)*AG50 -> 524244 | AK50: =AI50/AF50 -> 32816.018 | AL50: =IF(P50=1,AK50,MAX(AK50,(ROUNDDOWN(U50/P50,0)*AG50)/(ROUNDDOWN(U50/P50,0)*AE50+(ROUNDDOWN(U50/P50,0)-1)*AA50))) -> 34587.782 | AM50: =IF(P50=U50,AH50,AG50/(AE50+AA50)) -> 30212.181 | AN50: =ROUNDDOWN(B$4/(AA50+AE50),0) -> 4 | AO50: =B$4-AN50*AA50 -> 11.219354 | AP50: =IF(AN50=AQ50,0,B$4-(AN50*AA50+AQ50*AE50)) -> 0.50506865 | AQ50: =MIN(AN50+1,IF(ISERROR(ROUNDDOWN(AO50/AE50,0)),AN50+1,ROUNDDOWN(AO50/AE50,0))) -> 5 | AR50: =AQ50*AG50 -> 655305 | AS50: =Max(0,AO50-AQ50*AE50)-AP50 -> 0 | AT50: =MIN(N50,IF(AN50<AQ50,0,ROUNDDOWN(IF(AS50=0,0,AS50*(R50/60)+1),0))) -> 0 | AU50: =AT50*L50 -> 0 | AV50: =Min(AI50,AU50+AR50) -> 611618
B51: Heavy | C51: FALSE | D51: Sword | E51: sword_adaptive | F51: Adaptive | G51: =D51&" - "& F51 -> Sword - Adaptive | H51: Any | I51: - | J51: - | K51: =VLOOKUP(E51,backend!$BP$5:$BQ57,2,FALSE) -> 20399 | L51: =K51*M51*IF(B51="Special",VLOOKUP(I51,backend!$H$4:$M57,2,FALSE),VLOOKUP(I51,backend!$H$4:$M57,3,FALSE))*IF(B51="Special",VLOOKUP(J51,backend!$H$4:$M57,2,FALSE),VLOOKUP(J51,backend!$H$4:$M57,3,FALSE))*IF($B$8=TRUE,VLOOKUP(D51,BuffsDebuffs!$P$8:$X$27,MATCH(H51,BuffsDebuffs!$P$8:$X$8,0),FALSE),1)*IF($B$6=TRUE,backend!$BN$5,1) -> 20399 | M51: =VLOOKUP(E51,backend!$BP$5:$BS57,4,FALSE) -> 1 | N51: =U51 -> 67 | O51: =N51 -> 67 | P51: =MAX(IFNA(VLOOKUP(IF($B$10=TRUE,O51,N51),backend!$P$4:$Y57,MATCH(I51,backend!$P$3:$Y$3,0),FALSE),IF($B$10=TRUE,O51,N51)),IFNA(VLOOKUP(IF($B$10=TRUE,O51,N51),backend!$P$4:$Y57,MATCH(J51,backend!$P$3:$Y$3,0),FALSE),IF($B$10=TRUE,O51,N51))) -> 67 | Q51: 124 | R51: =Q51/VLOOKUP(I51,backend!$H$4:$N57,7,FALSE)/VLOOKUP(J51,backend!$H$4:$N57,7,FALSE) -> 124 | S51: 67 | T51: 74 | U51: =MAX(IFNA(VLOOKUP(IF($B$9=TRUE,T51,S51),backend!$AA$4:$AF57,MATCH(I51,backend!$AA$3:$AF$3,0),FALSE),IF($B$9=TRUE,T51,S51)),IFNA(VLOOKUP(IF($B$9=TRUE,T51,S51),backend!$AA$4:$AF57,MATCH(J51,backend!$AA$3:$AF$3,0),FALSE),IF($B$9=TRUE,T51,S51))) -> 67 | V51: =VLOOKUP(E51,backend!$BB$4:$BH57,7,FALSE) -> 0 | W51: =MIN(100,V51+VLOOKUP(I51,backend!$H$4:$N57,5,FALSE)+VLOOKUP(J51,backend!$H$4:$N57,5,FALSE)+IF($B$11=TRUE,100,0)+IF($B$12,10,0)) -> 0 | X51: =(VLOOKUP(D51,backend!$AV$4:$AZ57,2,FALSE)*W51^2+VLOOKUP(D51,backend!$AV$4:$AZ57,3,FALSE)*W51+VLOOKUP(D51,backend!$AV$4:$AZ57,4,FALSE))*VLOOKUP(I51,backend!$H$4:$N57,6,FALSE)*VLOOKUP(J51,backend!$H$4:$N57,6,FALSE)*IF($B$12=TRUE,0.85,1)*IF($B$11=TRUE,0.9,1)*IF(D51="Shotgun",P51,1)*IF(F51="Rapid-Fire",0.8,1)+IF(OR(D51="Fusion Rifle",D51="Linear Fusion Rifle"),0.516,0) -> 0 | Y51: 0 | Z51: =VLOOKUP(D51,backend!$AV$4:$AZ57,5,FALSE)*IF(D51="Shotgun",P51,1)+IF(OR(D51="Fusion Rifle",D51="Linear Fusion Rifle"),0.516,0) -> 0 | AA51: =MAX(X51,Z51) -> 0 | AB51: =AJ51/MAX(AJ$15:AJ93)*100 -> 66.285125 | AC51: =AL51/MAX(AL$15:AL93)*100 -> 82.834948 | AD51: =AVERAGE(AB51:AC51) -> 74.560037 | AE51: =60/R51*(P51-1) -> 31.935484 | AF51: =ROUNDDOWN(U51/P51,0)*AE51+ROUNDDOWN((U51-1)/P51,0)*AA51+Max(0,((U51-ROUNDDOWN(U51/P51,0)*P51)-1)*(60/R51)) -> 31.935484 | AG51: =P51*L51 -> 1366733 | AH51: =IF(ISERROR(AG51/AE51),"-",AG51/AE51) -> 42796.69 | AI51: =U51*L51 -> 1366733 | AJ51: =ROUNDDOWN(U51/N51,0)*AG51 -> 1366733 | AK51: =AI51/AF51 -> 42796.69 | AL51: =IF(P51=1,AK51,MAX(AK51,(ROUNDDOWN(U51/P51,0)*AG51)/(ROUNDDOWN(U51/P51,0)*AE51+(ROUNDDOWN(U51/P51,0)-1)*AA51))) -> 42796.69 | AM51: =IF(P51=U51,AH51,AG51/(AE51+AA51)) -> 42796.69 | AN51: =ROUNDDOWN(B$4/(AA51+AE51),0) -> 0 | AO51: =B$4-AN51*AA51 -> 20 | AP51: =IF(AN51=AQ51,0,B$4-(AN51*AA51+AQ51*AE51)) -> 0 | AQ51: =MIN(AN51+1,IF(ISERROR(ROUNDDOWN(AO51/AE51,0)),AN51+1,ROUNDDOWN(AO51/AE51,0))) -> 0 | AR51: =AQ51*AG51 -> 0 | AS51: =Max(0,AO51-AQ51*AE51)-AP51 -> 20 | AT51: =MIN(N51,IF(AN51<AQ51,0,ROUNDDOWN(IF(AS51=0,0,AS51*(R51/60)+1),0))) -> 42 | AU51: =AT51*L51 -> 856758 | AV51: =Min(AI51,AU51+AR51) -> 856758
B52: Heavy | C52: FALSE | D52: Sword | E52: sword_aggressive | F52: Aggressive | G52: Sword - Aggressive | H52: Any | I52: - | J52: - | K52: =VLOOKUP(E52,backend!$BP$5:$BQ57,2,FALSE) -> 28390 | L52: =K52*M52*IF(B52="Special",VLOOKUP(I52,backend!$H$4:$M57,2,FALSE),VLOOKUP(I52,backend!$H$4:$M57,3,FALSE))*IF(B52="Special",VLOOKUP(J52,backend!$H$4:$M57,2,FALSE),VLOOKUP(J52,backend!$H$4:$M57,3,FALSE))*IF($B$8=TRUE,VLOOKUP(D52,BuffsDebuffs!$P$8:$X$27,MATCH(H52,BuffsDebuffs!$P$8:$X$8,0),FALSE),1)*IF($B$6=TRUE,backend!$BN$5,1) -> 28390 | M52: =VLOOKUP(E52,backend!$BP$5:$BS57,4,FALSE) -> 1 | N52: =U52 -> 56 | O52: =N52 -> 56 | P52: =MAX(IFNA(VLOOKUP(IF($B$10=TRUE,O52,N52),backend!$P$4:$Y57,MATCH(I52,backend!$P$3:$Y$3,0),FALSE),IF($B$10=TRUE,O52,N52)),IFNA(VLOOKUP(IF($B$10=TRUE,O52,N52),backend!$P$4:$Y57,MATCH(J52,backend!$P$3:$Y$3,0),FALSE),IF($B$10=TRUE,O52,N52))) -> 56 | Q52: 90 | R52: =Q52/VLOOKUP(I52,backend!$H$4:$N57,7,FALSE)/VLOOKUP(J52,backend!$H$4:$N57,7,FALSE) -> 90 | S52: 56 | T52: 63 | U52: =MAX(IFNA(VLOOKUP(IF($B$9=TRUE,T52,S52),backend!$AA$4:$AF57,MATCH(I52,backend!$AA$3:$AF$3,0),FALSE),IF($B$9=TRUE,T52,S52)),IFNA(VLOOKUP(IF($B$9=TRUE,T52,S52),backend!$AA$4:$AF57,MATCH(J52,backend!$AA$3:$AF$3,0),FALSE),IF($B$9=TRUE,T52,S52))) -> 56 | V52: =VLOOKUP(E52,backend!$BB$4:$BH57,7,FALSE) -> 0 | W52: =MIN(100,V52+VLOOKUP(I52,backend!$H$4:$N57,5,FALSE)+VLOOKUP(J52,backend!$H$4:$N57,5,FALSE)+IF($B$11=TRUE,100,0)+IF($B$12,10,0)) -> 0 | X52: =(VLOOKUP(D52,backend!$AV$4:$AZ57,2,FALSE)*W52^2+VLOOKUP(D52,backend!$AV$4:$AZ57,3,FALSE)*W52+VLOOKUP(D52,backend!$AV$4:$AZ57,4,FALSE))*VLOOKUP(I52,backend!$H$4:$N57,6,FALSE)*VLOOKUP(J52,backend!$H$4:$N57,6,FALSE)*IF($B$12=TRUE,0.85,1)*IF($B$11=TRUE,0.9,1)*IF(D52="Shotgun",P52,1)*IF(F52="Rapid-Fire",0.8,1)+IF(OR(D52="Fusion Rifle",D52="Linear Fusion Rifle"),0.516,0) -> 0 | Y52: 0 | Z52: =VLOOKUP(D52,backend!$AV$4:$AZ57,5,FALSE)*IF(D52="Shotgun",P52,1)+IF(OR(D52="Fusion Rifle",D52="Linear Fusion Rifle"),0.516,0) -> 0 | AA52: =MAX(X52,Z52) -> 0 | AB52: =AJ52/MAX(AJ$15:AJ94)*100 -> 77.105582 | AC52: =AL52/MAX(AL$15:AL94)*100 -> 83.923853 | AD52: =AVERAGE(AB52:AC52) -> 80.514718 | AE52: =60/R52*(P52-1) -> 36.666667 | AF52: =ROUNDDOWN(U52/P52,0)*AE52+ROUNDDOWN((U52-1)/P52,0)*AA52+Max(0,((U52-ROUNDDOWN(U52/P52,0)*P52)-1)*(60/R52)) -> 36.666667 | AG52: =P52*L52 -> 1589840 | AH52: =IF(ISERROR(AG52/AE52),"-",AG52/AE52) -> 43359.273 | AI52: =U52*L52 -> 1589840 | AJ52: =ROUNDDOWN(U52/N52,0)*AG52 -> 1589840 | AK52: =AI52/AF52 -> 43359.273 | AL52: =IF(P52=1,AK52,MAX(AK52,(ROUNDDOWN(U52/P52,0)*AG52)/(ROUNDDOWN(U52/P52,0)*AE52+(ROUNDDOWN(U52/P52,0)-1)*AA52))) -> 43359.273 | AM52: =IF(P52=U52,AH52,AG52/(AE52+AA52)) -> 43359.273 | AN52: =ROUNDDOWN(B$4/(AA52+AE52),0) -> 0 | AO52: =B$4-AN52*AA52 -> 20 | AP52: =IF(AN52=AQ52,0,B$4-(AN52*AA52+AQ52*AE52)) -> 0 | AQ52: =MIN(AN52+1,IF(ISERROR(ROUNDDOWN(AO52/AE52,0)),AN52+1,ROUNDDOWN(AO52/AE52,0))) -> 0 | AR52: =AQ52*AG52 -> 0 | AS52: =Max(0,AO52-AQ52*AE52)-AP52 -> 20 | AT52: =MIN(N52,IF(AN52<AQ52,0,ROUNDDOWN(IF(AS52=0,0,AS52*(R52/60)+1),0))) -> 31 | AU52: =AT52*L52 -> 880090 | AV52: =Min(AI52,AU52+AR52) -> 880090
B53: Heavy | C53: FALSE | D53: Sword | E53: sword_caster | F53: Caster | G53: =D53&" - "& F53 -> Sword - Caster | H53: Any | I53: - | J53: - | K53: =VLOOKUP(E53,backend!$BP$5:$BQ57,2,FALSE) -> 20399 | L53: =K53*M53*IF(B53="Special",VLOOKUP(I53,backend!$H$4:$M57,2,FALSE),VLOOKUP(I53,backend!$H$4:$M57,3,FALSE))*IF(B53="Special",VLOOKUP(J53,backend!$H$4:$M57,2,FALSE),VLOOKUP(J53,backend!$H$4:$M57,3,FALSE))*IF($B$8=TRUE,VLOOKUP(D53,BuffsDebuffs!$P$8:$X$27,MATCH(H53,BuffsDebuffs!$P$8:$X$8,0),FALSE),1)*IF($B$6=TRUE,backend!$BN$5,1) -> 20399 | M53: =VLOOKUP(E53,backend!$BP$5:$BS57,4,FALSE) -> 1 | N53: =U53 -> 65 | O53: =N53 -> 65 | P53: =MAX(IFNA(VLOOKUP(IF($B$10=TRUE,O53,N53),backend!$P$4:$Y57,MATCH(I53,backend!$P$3:$Y$3,0),FALSE),IF($B$10=TRUE,O53,N53)),IFNA(VLOOKUP(IF($B$10=TRUE,O53,N53),backend!$P$4:$Y57,MATCH(J53,backend!$P$3:$Y$3,0),FALSE),IF($B$10=TRUE,O53,N53))) -> 65 | Q53: 124 | R53: =Q53/VLOOKUP(I53,backend!$H$4:$N57,7,FALSE)/VLOOKUP(J53,backend!$H$4:$N57,7,FALSE) -> 124 | S53: 65 | T53: 72 | U53: =MAX(IFNA(VLOOKUP(IF($B$9=TRUE,T53,S53),backend!$AA$4:$AF57,MATCH(I53,backend!$AA$3:$AF$3,0),FALSE),IF($B$9=TRUE,T53,S53)),IFNA(VLOOKUP(IF($B$9=TRUE,T53,S53),backend!$AA$4:$AF57,MATCH(J53,backend!$AA$3:$AF$3,0),FALSE),IF($B$9=TRUE,T53,S53))) -> 65 | V53: =VLOOKUP(E53,backend!$BB$4:$BH57,7,FALSE) -> 0 | W53: =MIN(100,V53+VLOOKUP(I53,backend!$H$4:$N57,5,FALSE)+VLOOKUP(J53,backend!$H$4:$N57,5,FALSE)+IF($B$11=TRUE,100,0)+IF($B$12,10,0)) -> 0 | X53: =(VLOOKUP(D53,backend!$AV$4:$AZ57,2,FALSE)*W53^2+VLOOKUP(D53,backend!$AV$4:$AZ57,3,FALSE)*W53+VLOOKUP(D53,backend!$AV$4:$AZ57,4,FALSE))*VLOOKUP(I53,backend!$H$4:$N57,6,FALSE)*VLOOKUP(J53,backend!$H$4:$N57,6,FALSE)*IF($B$12=TRUE,0.85,1)*IF($B$11=TRUE,0.9,1)*IF(D53="Shotgun",P53,1)*IF(F53="Rapid-Fire",0.8,1)+IF(OR(D53="Fusion Rifle",D53="Linear Fusion Rifle"),0.516,0) -> 0 | Y53: 0 | Z53: =VLOOKUP(D53,backend!$AV$4:$AZ57,5,FALSE)*IF(D53="Shotgun",P53,1)+IF(OR(D53="Fusion Rifle",D53="Linear Fusion Rifle"),0.516,0) -> 0 | AA53: =MAX(X53,Z53) -> 0 | AB53: =AJ53/MAX(AJ$15:AJ95)*100 -> 64.306465 | AC53: =AL53/MAX(AL$15:AL95)*100 -> 82.873584 | AD53: =AVERAGE(AB53:AC53) -> 73.590024 | AE53: =60/R53*(P53-1) -> 30.967742 | AF53: =ROUNDDOWN(U53/P53,0)*AE53+ROUNDDOWN((U53-1)/P53,0)*AA53+Max(0,((U53-ROUNDDOWN(U53/P53,0)*P53)-1)*(60/R53)) -> 30.967742 | AG53: =P53*L53 -> 1325935 | AH53: =IF(ISERROR(AG53/AE53),"-",AG53/AE53) -> 42816.651 | AI53: =U53*L53 -> 1325935 | AJ53: =ROUNDDOWN(U53/N53,0)*AG53 -> 1325935 | AK53: =AI53/AF53 -> 42816.651 | AL53: =IF(P53=1,AK53,MAX(AK53,(ROUNDDOWN(U53/P53,0)*AG53)/(ROUNDDOWN(U53/P53,0)*AE53+(ROUNDDOWN(U53/P53,0)-1)*AA53))) -> 42816.651 | AM53: =IF(P53=U53,AH53,AG53/(AE53+AA53)) -> 42816.651 | AN53: =ROUNDDOWN(B$4/(AA53+AE53),0) -> 0 | AO53: =B$4-AN53*AA53 -> 20 | AP53: =IF(AN53=AQ53,0,B$4-(AN53*AA53+AQ53*AE53)) -> 0 | AQ53: =MIN(AN53+1,IF(ISERROR(ROUNDDOWN(AO53/AE53,0)),AN53+1,ROUNDDOWN(AO53/AE53,0))) -> 0 | AR53: =AQ53*AG53 -> 0 | AS53: =Max(0,AO53-AQ53*AE53)-AP53 -> 20 | AT53: =MIN(N53,IF(AN53<AQ53,0,ROUNDDOWN(IF(AS53=0,0,AS53*(R53/60)+1),0))) -> 42 | AU53: =AT53*L53 -> 856758 | AV53: =Min(AI53,AU53+AR53) -> 856758
B54: Heavy | C54: FALSE | D54: Sword | E54: sword_lw | F54: Lightweight | G54: =D54&" - "& F54 -> Sword - Lightweight | H54: Any | I54: - | J54: - | K54: =VLOOKUP(E54,backend!$BP$5:$BQ57,2,FALSE) -> 20399 | L54: =K54*M54*IF(B54="Special",VLOOKUP(I54,backend!$H$4:$M57,2,FALSE),VLOOKUP(I54,backend!$H$4:$M57,3,FALSE))*IF(B54="Special",VLOOKUP(J54,backend!$H$4:$M57,2,FALSE),VLOOKUP(J54,backend!$H$4:$M57,3,FALSE))*IF($B$8=TRUE,VLOOKUP(D54,BuffsDebuffs!$P$8:$X$27,MATCH(H54,BuffsDebuffs!$P$8:$X$8,0),FALSE),1)*IF($B$6=TRUE,backend!$BN$5,1) -> 20399 | M54: =VLOOKUP(E54,backend!$BP$5:$BS57,4,FALSE) -> 1 | N54: =U54 -> 84 | O54: =N54 -> 84 | P54: =MAX(IFNA(VLOOKUP(IF($B$10=TRUE,O54,N54),backend!$P$4:$Y57,MATCH(I54,backend!$P$3:$Y$3,0),FALSE),IF($B$10=TRUE,O54,N54)),IFNA(VLOOKUP(IF($B$10=TRUE,O54,N54),backend!$P$4:$Y57,MATCH(J54,backend!$P$3:$Y$3,0),FALSE),IF($B$10=TRUE,O54,N54))) -> 84 | Q54: 136 | R54: =Q54/VLOOKUP(I54,backend!$H$4:$N57,7,FALSE)/VLOOKUP(J54,backend!$H$4:$N57,7,FALSE) -> 136 | S54: 84 | T54: 90 | U54: =MAX(IFNA(VLOOKUP(IF($B$9=TRUE,T54,S54),backend!$AA$4:$AF57,MATCH(I54,backend!$AA$3:$AF$3,0),FALSE),IF($B$9=TRUE,T54,S54)),IFNA(VLOOKUP(IF($B$9=TRUE,T54,S54),backend!$AA$4:$AF57,MATCH(J54,backend!$AA$3:$AF$3,0),FALSE),IF($B$9=TRUE,T54,S54))) -> 84 | V54: =VLOOKUP(E54,backend!$BB$4:$BH57,7,FALSE) -> 0 | W54: =MIN(100,V54+VLOOKUP(I54,backend!$H$4:$N57,5,FALSE)+VLOOKUP(J54,backend!$H$4:$N57,5,FALSE)+IF($B$11=TRUE,100,0)+IF($B$12,10,0)) -> 0 | X54: =(VLOOKUP(D54,backend!$AV$4:$AZ57,2,FALSE)*W54^2+VLOOKUP(D54,backend!$AV$4:$AZ57,3,FALSE)*W54+VLOOKUP(D54,backend!$AV$4:$AZ57,4,FALSE))*VLOOKUP(I54,backend!$H$4:$N57,6,FALSE)*VLOOKUP(J54,backend!$H$4:$N57,6,FALSE)*IF($B$12=TRUE,0.85,1)*IF($B$11=TRUE,0.9,1)*IF(D54="Shotgun",P54,1)*IF(F54="Rapid-Fire",0.8,1)+IF(OR(D54="Fusion Rifle",D54="Linear Fusion Rifle"),0.516,0) -> 0 | Y54: 0 | Z54: =VLOOKUP(D54,backend!$AV$4:$AZ57,5,FALSE)*IF(D54="Shotgun",P54,1)+IF(OR(D54="Fusion Rifle",D54="Linear Fusion Rifle"),0.516,0) -> 0 | AA54: =MAX(X54,Z54) -> 0 | AB54: =AJ54/MAX(AJ$15:AJ96)*100 -> 83.103739 | AC54: =AL54/MAX(AL$15:AL96)*100 -> 90.573501 | AD54: =AVERAGE(AB54:AC54) -> 86.83862 | AE54: =60/R54*(P54-1) -> 36.617647 | AF54: =ROUNDDOWN(U54/P54,0)*AE54+ROUNDDOWN((U54-1)/P54,0)*AA54+Max(0,((U54-ROUNDDOWN(U54/P54,0)*P54)-1)*(60/R54)) -> 36.617647 | AG54: =P54*L54 -> 1713516 | AH54: =IF(ISERROR(AG54/AE54),"-",AG54/AE54) -> 46794.814 | AI54: =U54*L54 -> 1713516 | AJ54: =ROUNDDOWN(U54/N54,0)*AG54 -> 1713516 | AK54: =AI54/AF54 -> 46794.814 | AL54: =IF(P54=1,AK54,MAX(AK54,(ROUNDDOWN(U54/P54,0)*AG54)/(ROUNDDOWN(U54/P54,0)*AE54+(ROUNDDOWN(U54/P54,0)-1)*AA54))) -> 46794.814 | AM54: =IF(P54=U54,AH54,AG54/(AE54+AA54)) -> 46794.814 | AN54: =ROUNDDOWN(B$4/(AA54+AE54),0) -> 0 | AO54: =B$4-AN54*AA54 -> 20 | AP54: =IF(AN54=AQ54,0,B$4-(AN54*AA54+AQ54*AE54)) -> 0 | AQ54: =MIN(AN54+1,IF(ISERROR(ROUNDDOWN(AO54/AE54,0)),AN54+1,ROUNDDOWN(AO54/AE54,0))) -> 0 | AR54: =AQ54*AG54 -> 0 | AS54: =Max(0,AO54-AQ54*AE54)-AP54 -> 20 | AT54: =MIN(N54,IF(AN54<AQ54,0,ROUNDDOWN(IF(AS54=0,0,AS54*(R54/60)+1),0))) -> 46 | AU54: =AT54*L54 -> 938354 | AV54: =Min(AI54,AU54+AR54) -> 938354
B55: Heavy | C55: FALSE | D55: Sword | E55: sword_vortex | F55: Vortex | G55: =D55&" - "& F55 -> Sword - Vortex | H55: Any | I55: - | J55: - | K55: =VLOOKUP(E55,backend!$BP$5:$BQ57,2,FALSE) -> 20399 | L55: =K55*M55*IF(B55="Special",VLOOKUP(I55,backend!$H$4:$M57,2,FALSE),VLOOKUP(I55,backend!$H$4:$M57,3,FALSE))*IF(B55="Special",VLOOKUP(J55,backend!$H$4:$M57,2,FALSE),VLOOKUP(J55,backend!$H$4:$M57,3,FALSE))*IF($B$8=TRUE,VLOOKUP(D55,BuffsDebuffs!$P$8:$X$27,MATCH(H55,BuffsDebuffs!$P$8:$X$8,0),FALSE),1)*IF($B$6=TRUE,backend!$BN$5,1) -> 20399 | M55: =VLOOKUP(E55,backend!$BP$5:$BS57,4,FALSE) -> 1 | N55: =U55 -> 66 | O55: =N55 -> 66 | P55: =MAX(IFNA(VLOOKUP(IF($B$10=TRUE,O55,N55),backend!$P$4:$Y57,MATCH(I55,backend!$P$3:$Y$3,0),FALSE),IF($B$10=TRUE,O55,N55)),IFNA(VLOOKUP(IF($B$10=TRUE,O55,N55),backend!$P$4:$Y57,MATCH(J55,backend!$P$3:$Y$3,0),FALSE),IF($B$10=TRUE,O55,N55))) -> 66 | Q55: 124 | R55: =Q55/VLOOKUP(I55,backend!$H$4:$N57,7,FALSE)/VLOOKUP(J55,backend!$H$4:$N57,7,FALSE) -> 124 | S55: 66 | T55: 73 | U55: =MAX(IFNA(VLOOKUP(IF($B$9=TRUE,T55,S55),backend!$AA$4:$AF57,MATCH(I55,backend!$AA$3:$AF$3,0),FALSE),IF($B$9=TRUE,T55,S55)),IFNA(VLOOKUP(IF($B$9=TRUE,T55,S55),backend!$AA$4:$AF57,MATCH(J55,backend!$AA$3:$AF$3,0),FALSE),IF($B$9=TRUE,T55,S55))) -> 66 | V55: =VLOOKUP(E55,backend!$BB$4:$BH57,7,FALSE) -> 0 | W55: =MIN(100,V55+VLOOKUP(I55,backend!$H$4:$N57,5,FALSE)+VLOOKUP(J55,backend!$H$4:$N57,5,FALSE)+IF($B$11=TRUE,100,0)+IF($B$12,10,0)) -> 0 | X55: =(VLOOKUP(D55,backend!$AV$4:$AZ57,2,FALSE)*W55^2+VLOOKUP(D55,backend!$AV$4:$AZ57,3,FALSE)*W55+VLOOKUP(D55,backend!$AV$4:$AZ57,4,FALSE))*VLOOKUP(I55,backend!$H$4:$N57,6,FALSE)*VLOOKUP(J55,backend!$H$4:$N57,6,FALSE)*IF($B$12=TRUE,0.85,1)*IF($B$11=TRUE,0.9,1)*IF(D55="Shotgun",P55,1)*IF(F55="Rapid-Fire",0.8,1)+IF(OR(D55="Fusion Rifle",D55="Linear Fusion Rifle"),0.516,0) -> 0 | Y55: 0 | Z55: =VLOOKUP(D55,backend!$AV$4:$AZ57,5,FALSE)*IF(D55="Shotgun",P55,1)+IF(OR(D55="Fusion Rifle",D55="Linear Fusion Rifle"),0.516,0) -> 0 | AA55: =MAX(X55,Z55) -> 0 | AB55: =AJ55/MAX(AJ$15:AJ97)*100 -> 65.295795 | AC55: =AL55/MAX(AL$15:AL97)*100 -> 82.853969 | AD55: =AVERAGE(AB55:AC55) -> 74.074882 | AE55: =60/R55*(P55-1) -> 31.451613 | AF55: =ROUNDDOWN(U55/P55,0)*AE55+ROUNDDOWN((U55-1)/P55,0)*AA55+Max(0,((U55-ROUNDDOWN(U55/P55,0)*P55)-1)*(60/R55)) -> 31.451613 | AG55: =P55*L55 -> 1346334 | AH55: =IF(ISERROR(AG55/AE55),"-",AG55/AE55) -> 42806.517 | AI55: =U55*L55 -> 1346334 | AJ55: =ROUNDDOWN(U55/N55,0)*AG55 -> 1346334 | AK55: =AI55/AF55 -> 42806.517 | AL55: =IF(P55=1,AK55,MAX(AK55,(ROUNDDOWN(U55/P55,0)*AG55)/(ROUNDDOWN(U55/P55,0)*AE55+(ROUNDDOWN(U55/P55,0)-1)*AA55))) -> 42806.517 | AM55: =IF(P55=U55,AH55,AG55/(AE55+AA55)) -> 42806.517 | AN55: =ROUNDDOWN(B$4/(AA55+AE55),0) -> 0 | AO55: =B$4-AN55*AA55 -> 20 | AP55: =IF(AN55=AQ55,0,B$4-(AN55*AA55+AQ55*AE55)) -> 0 | AQ55: =MIN(AN55+1,IF(ISERROR(ROUNDDOWN(AO55/AE55,0)),AN55+1,ROUNDDOWN(AO55/AE55,0))) -> 0 | AR55: =AQ55*AG55 -> 0 | AS55: =Max(0,AO55-AQ55*AE55)-AP55 -> 20 | AT55: =MIN(N55,IF(AN55<AQ55,0,ROUNDDOWN(IF(AS55=0,0,AS55*(R55/60)+1),0))) -> 42 | AU55: =AT55*L55 -> 856758 | AV55: =Min(AI55,AU55+AR55) -> 856758
B56: Heavy | C56: FALSE | D56: Sword | E56: sword_wave | F56: Wave | G56: =D56&" - "& F56 -> Sword - Wave | H56: Any | I56: - | J56: - | K56: =VLOOKUP(E56,backend!$BP$5:$BQ57,2,FALSE) -> 20399 | L56: =K56*M56*IF(B56="Special",VLOOKUP(I56,backend!$H$4:$M57,2,FALSE),VLOOKUP(I56,backend!$H$4:$M57,3,FALSE))*IF(B56="Special",VLOOKUP(J56,backend!$H$4:$M57,2,FALSE),VLOOKUP(J56,backend!$H$4:$M57,3,FALSE))*IF($B$8=TRUE,VLOOKUP(D56,BuffsDebuffs!$P$8:$X$27,MATCH(H56,BuffsDebuffs!$P$8:$X$8,0),FALSE),1)*IF($B$6=TRUE,backend!$BN$5,1) -> 20399 | M56: =VLOOKUP(E56,backend!$BP$5:$BS57,4,FALSE) -> 1 | N56: =U56 -> 67 | O56: =N56 -> 67 | P56: =MAX(IFNA(VLOOKUP(IF($B$10=TRUE,O56,N56),backend!$P$4:$Y57,MATCH(I56,backend!$P$3:$Y$3,0),FALSE),IF($B$10=TRUE,O56,N56)),IFNA(VLOOKUP(IF($B$10=TRUE,O56,N56),backend!$P$4:$Y57,MATCH(J56,backend!$P$3:$Y$3,0),FALSE),IF($B$10=TRUE,O56,N56))) -> 67 | Q56: 124 | R56: =Q56/VLOOKUP(I56,backend!$H$4:$N57,7,FALSE)/VLOOKUP(J56,backend!$H$4:$N57,7,FALSE) -> 124 | S56: 67 | T56: 74 | U56: =MAX(IFNA(VLOOKUP(IF($B$9=TRUE,T56,S56),backend!$AA$4:$AF57,MATCH(I56,backend!$AA$3:$AF$3,0),FALSE),IF($B$9=TRUE,T56,S56)),IFNA(VLOOKUP(IF($B$9=TRUE,T56,S56),backend!$AA$4:$AF57,MATCH(J56,backend!$AA$3:$AF$3,0),FALSE),IF($B$9=TRUE,T56,S56))) -> 67 | V56: =VLOOKUP(E56,backend!$BB$4:$BH57,7,FALSE) -> 0 | W56: =MIN(100,V56+VLOOKUP(I56,backend!$H$4:$N57,5,FALSE)+VLOOKUP(J56,backend!$H$4:$N57,5,FALSE)+IF($B$11=TRUE,100,0)+IF($B$12,10,0)) -> 0 | X56: =(VLOOKUP(D56,backend!$AV$4:$AZ57,2,FALSE)*W56^2+VLOOKUP(D56,backend!$AV$4:$AZ57,3,FALSE)*W56+VLOOKUP(D56,backend!$AV$4:$AZ57,4,FALSE))*VLOOKUP(I56,backend!$H$4:$N57,6,FALSE)*VLOOKUP(J56,backend!$H$4:$N57,6,FALSE)*IF($B$12=TRUE,0.85,1)*IF($B$11=TRUE,0.9,1)*IF(D56="Shotgun",P56,1)*IF(F56="Rapid-Fire",0.8,1)+IF(OR(D56="Fusion Rifle",D56="Linear Fusion Rifle"),0.516,0) -> 0 | Y56: 0 | Z56: =VLOOKUP(D56,backend!$AV$4:$AZ57,5,FALSE)*IF(D56="Shotgun",P56,1)+IF(OR(D56="Fusion Rifle",D56="Linear Fusion Rifle"),0.516,0) -> 0 | AA56: =MAX(X56,Z56) -> 0 | AB56: =AJ56/MAX(AJ$15:AJ98)*100 -> 66.285125 | AC56: =AL56/MAX(AL$15:AL98)*100 -> 82.834948 | AD56: =AVERAGE(AB56:AC56) -> 74.560037 | AE56: =60/R56*(P56-1) -> 31.935484 | AF56: =ROUNDDOWN(U56/P56,0)*AE56+ROUNDDOWN((U56-1)/P56,0)*AA56+Max(0,((U56-ROUNDDOWN(U56/P56,0)*P56)-1)*(60/R56)) -> 31.935484 | AG56: =P56*L56 -> 1366733 | AH56: =IF(ISERROR(AG56/AE56),"-",AG56/AE56) -> 42796.69 | AI56: =U56*L56 -> 1366733 | AJ56: =ROUNDDOWN(U56/N56,0)*AG56 -> 1366733 | AK56: =AI56/AF56 -> 42796.69 | AL56: =IF(P56=1,AK56,MAX(AK56,(ROUNDDOWN(U56/P56,0)*AG56)/(ROUNDDOWN(U56/P56,0)*AE56+(ROUNDDOWN(U56/P56,0)-1)*AA56))) -> 42796.69 | AM56: =IF(P56=U56,AH56,AG56/(AE56+AA56)) -> 42796.69 | AN56: =ROUNDDOWN(B$4/(AA56+AE56),0) -> 0 | AO56: =B$4-AN56*AA56 -> 20 | AP56: =IF(AN56=AQ56,0,B$4-(AN56*AA56+AQ56*AE56)) -> 0 | AQ56: =MIN(AN56+1,IF(ISERROR(ROUNDDOWN(AO56/AE56,0)),AN56+1,ROUNDDOWN(AO56/AE56,0))) -> 0 | AR56: =AQ56*AG56 -> 0 | AS56: =Max(0,AO56-AQ56*AE56)-AP56 -> 20 | AT56: =MIN(N56,IF(AN56<AQ56,0,ROUNDDOWN(IF(AS56=0,0,AS56*(R56/60)+1),0))) -> 42 | AU56: =AT56*L56 -> 856758 | AV56: =Min(AI56,AU56+AR56) -> 856758
B57: Special | C57: FALSE | D57: Trace Rifle | E57: trace_adaptive | F57: Adaptive | G57: =D57&" - "& F57 -> Trace Rifle - Adaptive | H57: Any | I57: - | J57: - | K57: =VLOOKUP(E57,backend!$BP$5:$BQ57,2,FALSE) -> 1035 | L57: =K57*M57*IF(B57="Special",VLOOKUP(I57,backend!$H$4:$M57,2,FALSE),VLOOKUP(I57,backend!$H$4:$M57,3,FALSE))*IF(B57="Special",VLOOKUP(J57,backend!$H$4:$M57,2,FALSE),VLOOKUP(J57,backend!$H$4:$M57,3,FALSE))*IF($B$8=TRUE,VLOOKUP(D57,BuffsDebuffs!$P$8:$X$27,MATCH(H57,BuffsDebuffs!$P$8:$X$8,0),FALSE),1)*IF($B$6=TRUE,backend!$BN$5,1) -> 1390.5 | M57: =VLOOKUP(E57,backend!$BP$5:$BS57,4,FALSE) -> 1.3434783 | N57: 97 | O57: 104 | P57: =MAX(IFNA(VLOOKUP(IF($B$10=TRUE,O57,N57),backend!$P$4:$Y57,MATCH(I57,backend!$P$3:$Y$3,0),FALSE),IF($B$10=TRUE,O57,N57)),IFNA(VLOOKUP(IF($B$10=TRUE,O57,N57),backend!$P$4:$Y57,MATCH(J57,backend!$P$3:$Y$3,0),FALSE),IF($B$10=TRUE,O57,N57))) -> 97 | Q57: 900 | R57: =Q57/VLOOKUP(I57,backend!$H$4:$N57,7,FALSE)/VLOOKUP(J57,backend!$H$4:$N57,7,FALSE) -> 900 | S57: 509 | T57: 626 | U57: =MAX(IFNA(VLOOKUP(IF($B$9=TRUE,T57,S57),backend!$AA$4:$AF57,MATCH(I57,backend!$AA$3:$AF$3,0),FALSE),IF($B$9=TRUE,T57,S57)),IFNA(VLOOKUP(IF($B$9=TRUE,T57,S57),backend!$AA$4:$AF57,MATCH(J57,backend!$AA$3:$AF$3,0),FALSE),IF($B$9=TRUE,T57,S57))) -> 509 | V57: =VLOOKUP(E57,backend!$BB$4:$BH57,7,FALSE) -> 47.6 | W57: =MIN(100,V57+VLOOKUP(I57,backend!$H$4:$N57,5,FALSE)+VLOOKUP(J57,backend!$H$4:$N57,5,FALSE)+IF($B$11=TRUE,100,0)+IF($B$12,10,0)) -> 47.6 | X57: =(VLOOKUP(D57,backend!$AV$4:$AZ57,2,FALSE)*W57^2+VLOOKUP(D57,backend!$AV$4:$AZ57,3,FALSE)*W57+VLOOKUP(D57,backend!$AV$4:$AZ57,4,FALSE))*VLOOKUP(I57,backend!$H$4:$N57,6,FALSE)*VLOOKUP(J57,backend!$H$4:$N57,6,FALSE)*IF($B$12=TRUE,0.85,1)*IF($B$11=TRUE,0.9,1)*IF(D57="Shotgun",P57,1)*IF(F57="Rapid-Fire",0.8,1)+IF(OR(D57="Fusion Rifle",D57="Linear Fusion Rifle"),0.516,0) -> 2.025488 | Y57: 1.234 | Z57: =VLOOKUP(D57,backend!$AV$4:$AZ57,5,FALSE)*IF(D57="Shotgun",P57,1)+IF(OR(D57="Fusion Rifle",D57="Linear Fusion Rifle"),0.516,0) -> 0.867 | AA57: =MAX(X57,Z57) -> 2.025488 | AB57: =AJ57/MAX(AJ$15:AJ99)*100 -> 32.707333 | AC57: =AL57/MAX(AL$15:AL99)*100 -> 32.549974 | AD57: =AVERAGE(AB57:AC57) -> 32.628653 | AE57: =60/R57*(P57-1) -> 6.4 | AF57: =ROUNDDOWN(U57/P57,0)*AE57+ROUNDDOWN((U57-1)/P57,0)*AA57+Max(0,((U57-ROUNDDOWN(U57/P57,0)*P57)-1)*(60/R57)) -> 43.660773 | AG57: =P57*L57 -> 134878.5 | AH57: =IF(ISERROR(AG57/AE57),"-",AG57/AE57) -> 21074.766 | AI57: =U57*L57 -> 707764.5 | AJ57: =ROUNDDOWN(U57/N57,0)*AG57 -> 674392.5 | AK57: =AI57/AF57 -> 16210.535 | AL57: =IF(P57=1,AK57,MAX(AK57,(ROUNDDOWN(U57/P57,0)*AG57)/(ROUNDDOWN(U57/P57,0)*AE57+(ROUNDDOWN(U57/P57,0)-1)*AA57))) -> 16816.949 | AM57: =IF(P57=U57,AH57,AG57/(AE57+AA57)) -> 16008.39 | AN57: =ROUNDDOWN(B$4/(AA57+AE57),0) -> 2 | AO57: =B$4-AN57*AA57 -> 15.949024 | AP57: =IF(AN57=AQ57,0,B$4-(AN57*AA57+AQ57*AE57)) -> 0 | AQ57: =MIN(AN57+1,IF(ISERROR(ROUNDDOWN(AO57/AE57,0)),AN57+1,ROUNDDOWN(AO57/AE57,0))) -> 2 | AR57: =AQ57*AG57 -> 269757 | AS57: =Max(0,AO57-AQ57*AE57)-AP57 -> 3.149024 | AT57: =MIN(N57,IF(AN57<AQ57,0,ROUNDDOWN(IF(AS57=0,0,AS57*(R57/60)+1),0))) -> 48 | AU57: =AT57*L57 -> 66744 | AV57: =Min(AI57,AU57+AR57) -> 336501

Sheet backend
A2: Elements | C2: Stat Points | E2: Encounter Data | H2: Damage and Reload perks | P2: Magazine perks | AA2: Reserves perks | AH2: Perk Exclusivity (Not currently utilized) | AV2: Reload Formula | BB2: Base Reload Averages | BJ2: Surges | BM2: Scaling | BP2: Damage values
A3: Any | C3: 0 | E3: Encounter | F3: Duration | H3: perkname | I3: dmg special | J3: dmg heavy | K3: dmg mag combo | L3: reload stat | M3: reload multi | N3: rpm multi | P3: - | Q3: Triple Tap | R3: Fourth Time's the Charm | S3: Rewind Rounds | T3: Reconstruction | U3: Clown Cartridge | V3: Bipod | W3: Overflow | X3: Envious Assassin | Y3: Relentless Strike | AA3: Base | AB3: Bipod | AC3: Triple Tap | AD3: Fourth Time's the Charm | AE3: Field Prep | AF3: Relentless Strike | AH3: Perkname | AI3: Fusion Rifle | AJ3: Glaive | AK3: Grenade Launcher | AL3: Heavy Grenade Launcher | AM3: Linear Fusion Rifle | AN3: Machine Gun | AO3: Rocket Launcher | AP3: Shotgun | AQ3: Sidearm | AR3: Sniper Rifle | AS3: Sword | AT3: Trace Rifle | AV3: Weapon type | AW3: evpp | AX3: vpp | AY3: offset | AZ3: Cap | BB3: archetype | BC3: 1 | BD3: 2 | BE3: 3 | BF3: 4 | BG3: 5 | BH3: Average | BJ3: x 0 | BK3: 0 | BM3: RAD Multiplier | BN3: 45.9741 | BP3: Weapon | BQ3: Boss Testing | BT3: Enclave Control values | CA3: Control
A4: Kinetic | C4: 1 | E4: CE - Crota | F4: 30 | H4: - | I4: 1 | J4: 1 | K4: 1 | L4: 0 | M4: 1 | N4: 1 | P4: 1 | Q4: =ROUND(1.5*P4-1,0) -> 1 | R4: =MAX(1,4*FLOOR(P4/2,1)-2+MOD(P4,2)) -> 1 | S4: =IF(P4=1,1,P4+ROUNDUP((P4/2),0)+ROUNDUP((P4/4),0)) -> 1 | T4: =P4*2 -> 2 | U4: =ROUNDUP(P4*1.3,0) -> 2 | V4: =P4+1 -> 2 | W4: =P4*2 -> 2 | X4: =P4*3 -> 3 | Y4: =Q4 -> 1 | AA4: 1 | AB4: =AA4+5 -> 6 | AC4: =ROUNDDOWN(AA4*1.34,0) -> 1 | AD4: =IF(AA4<4,AA4,ROUNDDOWN(AA4*1.67,0)) -> 1 | AE4: =ROUNDUP(AA4*1.1,0) -> 2 | AF4: =AC4 -> 1 | AH4: Adagio | AI4: Adagio | AJ4: Adagio | AK4: Adagio | AL4: Adagio | AM4: Adagio | AN4: Adagio | AO4: Adagio | AP4: Adagio | AQ4: Adagio | AR4: Adagio | AS4: Adagio | AT4: Adagio | AV4: Fusion Rifle | AW4: 6.15281e-05 | AX4: -0.0198054 | AY4: 2.8285704 | AZ4: 1.067 | BB4: fr_adaptive | BC4: 31 | BD4: 40 | BE4: 34 | BF4: 32 | BG4: 31 | BH4: =AVERAGE(BC4:BG4) -> 33.6 | BJ4: x 1 | BK4: 0.1 | BM4: Master Multiplier | BN4: 26.1775 | BQ4: Kalli Body | BR4: Kalli Head | BS4: Kalli Crit /2 | BT4: Enclave Body | BU4: Enclave Level | BV4: Baseline Body | BW4: Crit (Mossy) | BX4: Boss X (Mossy) | BY4: Base to Boss | BZ4: Boss Body | CA4: Body Ctrl | CB4: Crit Ctrl
A5: Stasis | C5: 2 | E5: CE - Deathsinger | F5: 45 | H5: Adagio | I5: 1.3 | J5: 1.3 | K5: 1.3 | L5: 0 | M5: 1 | N5: 1.2 | P5: 2 | Q5: =ROUND(1.5*P5-1,0) -> 2 | R5: =MAX(1,4*FLOOR(P5/2,1)-2+MOD(P5,2)) -> 2 | S5: =IF(P5=1,1,P5+ROUNDUP((P5/2),0)+ROUNDUP((P5/4),0)) -> 4 | T5: =P5*2 -> 4 | U5: =ROUNDUP(P5*1.3,0) -> 3 | V5: =P5+1 -> 3 | W5: =P5*2 -> 4 | X5: =P5*3 -> 6 | Y5: =Q5 -> 2 | AA5: 2 | AB5: =AA5+5 -> 7 | AC5: =ROUNDDOWN(AA5*1.34,0) -> 2 | AD5: =IF(AA5<4,AA5,ROUNDDOWN(AA5*1.67,0)) -> 2 | AE5: =ROUNDUP(AA5*1.1,0) -> 3 | AF5: =AC5 -> 2 | AH5: Adrenaline Junkie x5 | AI5: Adrenaline Junkie x5 | AJ5: Adrenaline Junkie x5 | AK5: Adrenaline Junkie x5 | AL5: Adrenaline Junkie x5 | AM5: Adrenaline Junkie x5 | AN5: Adrenaline Junkie x5 | AO5: Adrenaline Junkie x5 | AP5: Adrenaline Junkie x5 | AQ5: Adrenaline Junkie x5 | AR5: Adrenaline Junkie x5 | AS5: Adrenaline Junkie x5 | AT5: Adrenaline Junkie x5 | AV5: Glaive | AW5: 0 | AX5: -0.0175 | AY5: 3.5 | AZ5: 1.35 | BB5: fr_aggressive | BC5: 34 | BH5: =AVERAGE(BC5:BG5) -> 34 | BJ5: x 2 | BK5: 0.17 | BM5: RAD to Master | BN5: =BN4/BN3 -> 0.56939668 | BP5: fr_adaptive | BQ5: =7*5582 -> 39074 | BR5: - | BS5: 1 | BT5: =7*2425 -> 16975 | BU5: 2005 | BV5: =BT5/(1+((1/30)*BU5)/1.3333333333333) -> 332.02934 | BW5: 1 | BX5: 2.55 | BY5: 45.9741 | BZ5: =BV5*BX5*BY5 -> 38925.113 | CA5: =BZ5/BQ5 -> 0.99618961 | CB5: =BW5/BS5 -> 1
A6: Strand | C6: 3 | E6: DSC - Atraks | F6: 3 | H6: Adrenaline Junkie x5 | I6: 1.33 | J6: 1.33 | K6: 1.33 | L6: 0 | M6: 1 | N6: 1 | P6: 3 | Q6: =ROUND(1.5*P6-1,0) -> 4 | R6: =MAX(1,4*FLOOR(P6/2,1)-2+MOD(P6,2)) -> 3 | S6: =IF(P6=1,1,P6+ROUNDUP((P6/2),0)+ROUNDUP((P6/4),0)) -> 6 | T6: =P6*2 -> 6 | U6: =ROUNDUP(P6*1.3,0) -> 4 | V6: =P6+1 -> 4 | W6: =P6*2 -> 6 | X6: =P6*3 -> 9 | Y6: =Q6 -> 4 | AA6: 3 | AB6: =AA6+5 -> 8 | AC6: =ROUNDDOWN(AA6*1.34,0) -> 4 | AD6: =IF(AA6<4,AA6,ROUNDDOWN(AA6*1.67,0)) -> 3 | AE6: =ROUNDUP(AA6*1.1,0) -> 4 | AF6: =AC6 -> 4 | AH6: Bait and Switch | AI6: Bait and Switch | AJ6: Bait and Switch | AK6: Bait and Switch | AL6: Bait and Switch | AM6: Bait and Switch | AN6: Bait and Switch | AO6: Bait and Switch | AP6: Bait and Switch | AQ6: Bait and Switch | AR6: Bait and Switch | AS6: Bait and Switch | AT6: Bait and Switch | AV6: Grenade Launcher | AW6: 7.24199e-05 | AX6: -0.0216432 | AY6: 3.2410461 | AZ6: 1.5 | BB6: fr_hi | BC6: 16 | BD6: 22 | BE6: 19 | BF6: 20 | BG6: 18 | BH6: =AVERAGE(BC6:BG6) -> 19 | BJ6: x 3 | BK6: 0.22 | BP6: fr_aggressive | BQ6: =7*6452 -> 45164 | BR6: - | BS6: 1 | BT6: =7*2804 -> 19628 | BU6: 2006 | BV6: =BT6/(1+((1/30)*BU6)/1.3333333333333) -> 383.73412 | BW6: 1 | BX6: 2.55 | BY6: 45.9741 | BZ6: =BV6*BX6*BY6 -> 44986.668 | CA6: =BZ6/BQ6 -> 0.9960736 | CB6: =BW6/BS6 -> 1
A7: Arc | C7: 4 | E7: DSC - Taniks | F7: 15 | H7: Bait and Switch | I7: 1.3 | J7: 1.3 | K7: 1.3 | L7: 0 | M7: 1 | N7: 1 | P7: 4 | Q7: =ROUND(1.5*P7-1,0) -> 5 | R7: =MAX(1,4*FLOOR(P7/2,1)-2+MOD(P7,2)) -> 6 | S7: =IF(P7=1,1,P7+ROUNDUP((P7/2),0)+ROUNDUP((P7/4),0)) -> 7 | T7: =P7*2 -> 8 | U7: =ROUNDUP(P7*1.3,0) -> 6 | V7: =P7+1 -> 5 | W7: =P7*2 -> 8 | X7: =P7*3 -> 12 | Y7: =Q7 -> 5 | AA7: 4 | AB7: =AA7+5 -> 9 | AC7: =ROUNDDOWN(AA7*1.34,0) -> 5 | AD7: =IF(AA7<4,AA7,ROUNDDOWN(AA7*1.67,0)) -> 6 | AE7: =ROUNDUP(AA7*1.1,0) -> 5 | AF7: =AC7 -> 5 | AH7: Bipod | AO7: Bipod | AV7: Heavy Grenade Launcher | AW7: 7.55233e-05 | AX7: -0.0248947 | AY7: 4.1288015 | AZ7: 1.967 | BB7: fr_precision | BC7: 31 | BD7: 30 | BE7: 26 | BF7: 34 | BG7: 33 | BH7: =AVERAGE(BC7:BG7) -> 30.8 | BJ7: x 4 | BK7: 0.25 | BP7: fr_hi | BQ7: =5*9915 -> 49575 | BR7: - | BS7: 1 | BT7: =5*4281 -> 21405 | BU7: 1993 | BV7: =BT7/(1+((1/30)*BU7)/1.3333333333333) -> 421.15101 | BW7: 1 | BX7: 2.55 | BY7: 45.9741 | BZ7: =BV7*BX7*BY7 -> 49373.198 | CA7: =BZ7/BQ7 -> 0.99592937 | CB7: =BW7/BS7 -> 1
A8: Solar | C8: 5 | E8: Duality - Caiatl | F8: 10 | H8: Bipod | I8: 0.75 | J8: 0.75 | K8: 0.75 | L8: -20 | M8: 1 | N8: 0.75 | P8: 5 | Q8: =ROUND(1.5*P8-1,0) -> 7 | R8: =MAX(1,4*FLOOR(P8/2,1)-2+MOD(P8,2)) -> 7 | S8: =IF(P8=1,1,P8+ROUNDUP((P8/2),0)+ROUNDUP((P8/4),0)) -> 10 | T8: =P8*2 -> 10 | U8: =ROUNDUP(P8*1.3,0) -> 7 | V8: =P8+1 -> 6 | W8: =P8*2 -> 10 | X8: =P8*3 -> 15 | Y8: =Q8 -> 7 | AA8: 5 | AB8: =AA8+5 -> 10 | AC8: =ROUNDDOWN(AA8*1.34,0) -> 6 | AD8: =IF(AA8<4,AA8,ROUNDDOWN(AA8*1.67,0)) -> 8 | AE8: =ROUNDUP(AA8*1.1,0) -> 6 | AF8: =AC8 -> 6 | AH8: Cascade Point | AI8: Cascade Point | AJ8: Cascade Point | AK8: Cascade Point | AL8: Cascade Point | AM8: Cascade Point | AN8: Cascade Point | AO8: Cascade Point | AP8: Cascade Point | AQ8: Cascade Point | AR8: Cascade Point | AS8: Cascade Point | AT8: Cascade Point | AV8: Linear Fusion Rifle | AW8: 5.88462e-05 | AX8: -0.0199884 | AY8: 2.8720646 | AZ8: 1.133 | BB8: fr_rf | BC8: 48 | BD8: 46 | BE8: 44 | BF8: 45 | BG8: 46 | BH8: =AVERAGE(BC8:BG8) -> 45.8 | BP8: fr_precision | BQ8: =7*5789 -> 40523 | BR8: - | BS8: 1 | BT8: =7*2499 -> 17493 | BU8: 1993 | BV8: =BT8/(1+((1/30)*BU8)/1.3333333333333) -> 344.18101 | BW8: 1 | BX8: 2.55 | BY8: 45.9741 | BZ8: =BV8*BX8*BY8 -> 40349.701 | CA8: =BZ8/BQ8 -> 0.99572345 | CB8: =BW8/BS8 -> 1
A9: Void | C9: 6 | E9: Duality - Gahlran | F9: 30 | H9: Cascade Point | I9: 1 | J9: 1 | K9: 1 | L9: 0 | M9: 1 | N9: 0.7 | P9: 6 | Q9: =ROUND(1.5*P9-1,0) -> 8 | R9: =MAX(1,4*FLOOR(P9/2,1)-2+MOD(P9,2)) -> 10 | S9: =IF(P9=1,1,P9+ROUNDUP((P9/2),0)+ROUNDUP((P9/4),0)) -> 11 | T9: =P9*2 -> 12 | U9: =ROUNDUP(P9*1.3,0) -> 8 | V9: =P9+1 -> 7 | W9: =P9*2 -> 12 | X9: =P9*3 -> 18 | Y9: =Q9 -> 8 | AA9: 6 | AB9: =AA9+5 -> 11 | AC9: =ROUNDDOWN(AA9*1.34,0) -> 8 | AD9: =IF(AA9<4,AA9,ROUNDDOWN(AA9*1.67,0)) -> 10 | AE9: =ROUNDUP(AA9*1.1,0) -> 7 | AF9: =AC9 -> 8 | AH9: Chaos Reshaped x2 | AI9: Chaos Reshaped x2 | AJ9: Chaos Reshaped x2 | AK9: Chaos Reshaped x2 | AL9: Chaos Reshaped x2 | AM9: Chaos Reshaped x2 | AN9: Chaos Reshaped x2 | AO9: Chaos Reshaped x2 | AP9: Chaos Reshaped x2 | AQ9: Chaos Reshaped x2 | AR9: Chaos Reshaped x2 | AS9: Chaos Reshaped x2 | AT9: Chaos Reshaped x2 | AV9: Machine Gun | AW9: 9.05351e-05 | AX9: -0.0305819 | AY9: 6.1219905 | AZ9: 1.4 | BB9: glaive_adaptive | BC9: 55 | BD9: 54 | BE9: 25 | BF9: 50 | BG9: 40 | BH9: =AVERAGE(BC9:BG9) -> 44.8 | BP9: fr_rf | BQ9: =9*4100 -> 36900 | BR9: - | BS9: 1 | BT9: =9*1771 -> 15939 | BU9: 1993 | BV9: =BT9/(1+((1/30)*BU9)/1.3333333333333) -> 313.60551 | BW9: 1 | BX9: 2.55 | BY9: 45.9741 | BZ9: =BV9*BX9*BY9 -> 36765.214 | CA9: =BZ9/BQ9 -> 0.99634727 | CB9: =BW9/BS9 -> 1
C10: 7 | E10: GoA - Avarrok | F10: 30 | H10: Chaos Reshaped x2 | I10: 1.35 | J10: 1.35 | K10: 1.35 | L10: 0 | M10: 1 | N10: 1 | P10: 7 | Q10: =ROUND(1.5*P10-1,0) -> 10 | R10: =MAX(1,4*FLOOR(P10/2,1)-2+MOD(P10,2)) -> 11 | S10: =IF(P10=1,1,P10+ROUNDUP((P10/2),0)+ROUNDUP((P10/4),0)) -> 13 | T10: =P10*2 -> 14 | U10: =ROUNDUP(P10*1.3,0) -> 10 | V10: =P10+1 -> 8 | W10: =P10*2 -> 14 | X10: =P10*3 -> 21 | Y10: =Q10 -> 10 | AA10: 7 | AB10: =AA10+5 -> 12 | AC10: =ROUNDDOWN(AA10*1.34,0) -> 9 | AD10: =IF(AA10<4,AA10,ROUNDDOWN(AA10*1.67,0)) -> 11 | AE10: =ROUNDUP(AA10*1.1,0) -> 8 | AF10: =AC10 -> 9 | AH10: Clown Cartridge | AI10: Clown Cartridge | AJ10: Clown Cartridge | AK10: Clown Cartridge | AL10: Clown Cartridge | AM10: Clown Cartridge | AN10: Clown Cartridge | AO10: Clown Cartridge | AP10: Clown Cartridge | AQ10: Clown Cartridge | AR10: Clown Cartridge | AS10: Clown Cartridge | AT10: Clown Cartridge | AV10: Rocket Launcher | AW10: 0.000103959 | AX10: -0.0252069 | AY10: 4.0918221 | AZ10: 2.1 | BB10: glaive_aggressive | BC10: 43 | BD10: 35 | BE10: 30 | BH10: =AVERAGE(BC10:BG10) -> 36 | BP10: glaive_adaptive | BQ10: 23455 | BR10: - | BS10: 1 | BT10: 8601 | BU10: 1993 | BV10: =BT10/(1+((1/30)*BU10)/1.3333333333333) -> 169.22774 | BW10: 1 | BX10: 3 | BY10: 45.9741 | BZ10: =BV10*BX10*BY10 -> 23340.279 | CA10: =BZ10/BQ10 -> 0.99510891 | CB10: =BW10/BS10 -> 1
C11: 8 | E11: GoA - Phry'zia | F11: 30 | H11: Clown Cartridge | I11: 1 | J11: 1 | K11: 1 | L11: 0 | M11: 1 | N11: 1 | P11: 8 | Q11: =ROUND(1.5*P11-1,0) -> 11 | R11: =MAX(1,4*FLOOR(P11/2,1)-2+MOD(P11,2)) -> 14 | S11: =IF(P11=1,1,P11+ROUNDUP((P11/2),0)+ROUNDUP((P11/4),0)) -> 14 | T11: =P11*2 -> 16 | U11: =ROUNDUP(P11*1.3,0) -> 11 | V11: =P11+1 -> 9 | W11: =P11*2 -> 16 | X11: =P11*3 -> 24 | Y11: =Q11 -> 11 | AA11: 8 | AB11: =AA11+5 -> 13 | AC11: =ROUNDDOWN(AA11*1.34,0) -> 10 | AD11: =IF(AA11<4,AA11,ROUNDDOWN(AA11*1.67,0)) -> 13 | AE11: =ROUNDUP(AA11*1.1,0) -> 9 | AF11: =AC11 -> 10 | AH11: Controlled Burst | AI11: Controlled Burst | AV11: Shotgun | AW11: 6.40462e-05 | AX11: -0.0141721 | AY11: 1.25061 | AZ11: 0.167 | BB11: glaive_rf | BC11: 69 | BD11: 63 | BH11: =AVERAGE(BC11:BG11) -> 66 | BP11: glaive_aggressive | BQ11: 26918 | BR11: - | BS11: 1 | BT11: 9969 | BU11: 2013 | BV11: =BT11/(1+((1/30)*BU11)/1.3333333333333) -> 194.23283 | BW11: 1 | BX11: 3 | BY11: 45.9741 | BZ11: =BV11*BX11*BY11 -> 26789.039 | CA11: =BZ11/BQ11 -> 0.9952091 | CB11: =BW11/BS11 -> 1
C12: 9 | E12: GoS - Consecrated Mind | F12: 20 | H12: Controlled Burst | I12: 1.2 | J12: 1.2 | K12: 1.2 | L12: 0 | M12: 1 | N12: 0.9 | P12: 9 | Q12: =ROUND(1.5*P12-1,0) -> 13 | R12: =MAX(1,4*FLOOR(P12/2,1)-2+MOD(P12,2)) -> 15 | S12: =IF(P12=1,1,P12+ROUNDUP((P12/2),0)+ROUNDUP((P12/4),0)) -> 17 | T12: =P12*2 -> 18 | U12: =ROUNDUP(P12*1.3,0) -> 12 | V12: =P12+1 -> 10 | W12: =P12*2 -> 18 | X12: =P12*3 -> 27 | Y12: =Q12 -> 13 | AA12: 9 | AB12: =AA12+5 -> 14 | AC12: =ROUNDDOWN(AA12*1.34,0) -> 12 | AD12: =IF(AA12<4,AA12,ROUNDDOWN(AA12*1.67,0)) -> 15 | AE12: =ROUNDUP(AA12*1.1,0) -> 10 | AF12: =AC12 -> 12 | AH12: Desperate Measures x3 | AI12: Desperate Measures x3 | AJ12: Desperate Measures x3 | AK12: Desperate Measures x3 | AL12: Desperate Measures x3 | AM12: Desperate Measures x3 | AN12: Desperate Measures x3 | AO12: Desperate Measures x3 | AP12: Desperate Measures x3 | AQ12: Desperate Measures x3 | AR12: Desperate Measures x3 | AS12: Desperate Measures x3 | AT12: Desperate Measures x3 | AV12: Sidearm | AW12: 2.38311e-05 | AX12: -0.0124553 | AY12: 2.1466725 | AZ12: 0.733 | BB12: gl_ad | BC12: 70 | BD12: 65 | BH12: =AVERAGE(BC12:BG12) -> 67.5 | BP12: glaive_rf | BQ12: 18469 | BR12: - | BS12: 1 | BT12: 6816 | BU12: 2006 | BV12: =BT12/(1+((1/30)*BU12)/1.3333333333333) -> 133.25513 | BW12: 1 | BX12: 3 | BY12: 45.9741 | BZ12: =BV12*BX12*BY12 -> 18378.854 | CA12: =BZ12/BQ12 -> 0.99511908 | CB12: =BW12/BS12 -> 1
C13: 10 | E13: GoS - Sanctified Mind | F13: 17.5 | H13: Desperate Measures x3 | I13: 1.3 | J13: 1.3 | K13: 1.3 | L13: 0 | M13: 1 | N13: 1 | P13: 10 | Q13: =ROUND(1.5*P13-1,0) -> 14 | R13: =MAX(1,4*FLOOR(P13/2,1)-2+MOD(P13,2)) -> 18 | S13: =IF(P13=1,1,P13+ROUNDUP((P13/2),0)+ROUNDUP((P13/4),0)) -> 18 | T13: =P13*2 -> 20 | U13: =ROUNDUP(P13*1.3,0) -> 13 | V13: =P13+1 -> 11 | W13: =P13*2 -> 20 | X13: =P13*3 -> 30 | Y13: =Q13 -> 14 | AA13: 10 | AB13: =AA13+5 -> 15 | AC13: =ROUNDDOWN(AA13*1.34,0) -> 13 | AD13: =IF(AA13<4,AA13,ROUNDDOWN(AA13*1.67,0)) -> 16 | AE13: =ROUNDUP(AA13*1.1,0) -> 11 | AF13: =AC13 -> 13 | AH13: Dual Loader | AP13: Dual Loader | AV13: Sniper Rifle | AW13: 6.74498e-05 | AX13: -0.0231542 | AY13: 3.8384 | AZ13: 1.733 | BB13: gl_df | BC13: 32 | BD13: 39 | BE13: 32 | BH13: =AVERAGE(BC13:BG13) -> 34.333333 | BP13: gl_ad | BQ13: =3*897+21*2301 -> 51012 | BR13: - | BS13: 1 | BV13: =BT13/(1+((1/30)*BU13)/1.3333333333333) -> 0 | BW13: 1 | BX13: 2.5 | BY13: 45.9741 | BZ13: =BV13*BX13*BY13 -> 0 | CA13: 1 | CB13: =BW13/BS13 -> 1
C14: 11 | E14: GotD - Ecthar | F14: 40 | H14: Dual Loader | I14: 1 | J14: 1 | K14: 1 | L14: 0 | M14: 0.5 | N14: 1 | P14: 11 | Q14: =ROUND(1.5*P14-1,0) -> 16 | R14: =MAX(1,4*FLOOR(P14/2,1)-2+MOD(P14,2)) -> 19 | S14: =IF(P14=1,1,P14+ROUNDUP((P14/2),0)+ROUNDUP((P14/4),0)) -> 20 | T14: =P14*2 -> 22 | U14: =ROUNDUP(P14*1.3,0) -> 15 | V14: =P14+1 -> 12 | W14: =P14*2 -> 22 | X14: =P14*3 -> 33 | Y14: =Q14 -> 16 | AA14: 11 | AB14: =AA14+5 -> 16 | AC14: =ROUNDDOWN(AA14*1.34,0) -> 14 | AD14: =IF(AA14<4,AA14,ROUNDDOWN(AA14*1.67,0)) -> 18 | AE14: =ROUNDUP(AA14*1.1,0) -> 13 | AF14: =AC14 -> 14 | AH14: Enlightened Action | AI14: Enlightened Action | AJ14: Enlightened Action | AK14: Enlightened Action | AL14: Enlightened Action | AM14: Enlightened Action | AN14: Enlightened Action | AO14: Enlightened Action | AP14: Enlightened Action | AQ14: Enlightened Action | AR14: Enlightened Action | AS14: Enlightened Action | AT14: Enlightened Action | AV14: Sword | AW14: 0 | AX14: 0 | AY14: 0 | AZ14: 0 | BB14: gl_lw | BC14: 64 | BD14: 71 | BE14: 62 | BF14: 63 | BG14: 70 | BH14: =AVERAGE(BC14:BG14) -> 66 | BP14: gl_df | BQ14: =2*8316+2*10874 -> 38380 | BR14: - | BS14: 1 | BT14: =2*8444 -> 16888 | BU14: 1993 | BV14: =BT14/(1+((1/30)*BU14)/1.3333333333333) -> 332.27742 | BW14: 1 | BX14: 2.5 | BY14: 45.9741 | BZ14: =BV14*BX14*BY14 -> 38190.389 | CA14: =BZ14/BQ14 -> 0.99505963 | CB14: =BW14/BS14 -> 1
C15: 12 | E15: GotD - Simmumah | F15: 45 | H15: Enlightened Action | I15: 1 | J15: 1 | K15: 1 | L15: 50 | M15: 1 | N15: 1 | P15: 12 | Q15: =ROUND(1.5*P15-1,0) -> 17 | R15: =MAX(1,4*FLOOR(P15/2,1)-2+MOD(P15,2)) -> 22 | S15: =IF(P15=1,1,P15+ROUNDUP((P15/2),0)+ROUNDUP((P15/4),0)) -> 21 | T15: =P15*2 -> 24 | U15: =ROUNDUP(P15*1.3,0) -> 16 | V15: =P15+1 -> 13 | W15: =P15*2 -> 24 | X15: =P15*3 -> 36 | Y15: =Q15 -> 17 | AA15: 12 | AB15: =AA15+5 -> 17 | AC15: =ROUNDDOWN(AA15*1.34,0) -> 16 | AD15: =IF(AA15<4,AA15,ROUNDDOWN(AA15*1.67,0)) -> 20 | AE15: =ROUNDUP(AA15*1.1,0) -> 14 | AF15: =AC15 -> 16 | AH15: Envious Arsenal | AI15: Envious Arsenal | AJ15: Envious Arsenal | AK15: Envious Arsenal | AL15: Envious Arsenal | AM15: Envious Arsenal | AN15: Envious Arsenal | AO15: Envious Arsenal | AP15: Envious Arsenal | AQ15: Envious Arsenal | AR15: Envious Arsenal | AS15: Envious Arsenal | AT15: Envious Arsenal | AV15: Trace Rifle | AW15: 5e-05 | AX15: -0.0155 | AY15: 2.65 | AZ15: 0.867 | BB15: gl_mm | BC15: 63 | BH15: =AVERAGE(BC15:BG15) -> 63 | BP15: gl_lw | BQ15: =9617+21221 -> 30838 | BR15: - | BS15: 1 | BT15: 13490.222 | BU15: 1981 | BV15: =BT15/(1+((1/30)*BU15)/1.3333333333333) -> 267.00093 | BW15: 1 | BX15: 2.5 | BY15: 45.9741 | BZ15: =BV15*BX15*BY15 -> 30687.819 | CA15: =BZ15/BQ15 -> 0.99513 | CB15: =BW15/BS15 -> 1
C16: 13 | E16: KF - Daughters | F16: 30 | H16: Envious Arsenal | I16: 1 | J16: 1 | K16: 1 | L16: 0 | M16: 0 | N16: 1 | P16: 13 | Q16: =ROUND(1.5*P16-1,0) -> 19 | R16: =MAX(1,4*FLOOR(P16/2,1)-2+MOD(P16,2)) -> 23 | S16: =IF(P16=1,1,P16+ROUNDUP((P16/2),0)+ROUNDUP((P16/4),0)) -> 24 | T16: =P16*2 -> 26 | U16: =ROUNDUP(P16*1.3,0) -> 17 | V16: =P16+1 -> 14 | W16: =P16*2 -> 26 | X16: =P16*3 -> 39 | Y16: =Q16 -> 19 | AA16: 13 | AB16: =AA16+5 -> 18 | AC16: =ROUNDDOWN(AA16*1.34,0) -> 17 | AD16: =IF(AA16<4,AA16,ROUNDDOWN(AA16*1.67,0)) -> 21 | AE16: =ROUNDUP(AA16*1.1,0) -> 15 | AF16: =AC16 -> 17 | AH16: Envious Assassin | AI16: Envious Assassin | AJ16: Envious Assassin | AK16: Envious Assassin | AL16: Envious Assassin | AM16: Envious Assassin | AN16: Envious Assassin | AO16: Envious Assassin | AP16: Envious Assassin | AQ16: Envious Assassin | AR16: Envious Assassin | AS16: Envious Assassin | AT16: Envious Assassin | BB16: gl_wave | BC16: 63 | BD16: 69 | BE16: 71 | BF16: 68 | BG16: 71 | BH16: =AVERAGE(BC16:BG16) -> 68.4 | BP16: gl_mm | BQ16: =26773+12938 -> 39711 | BR16: - | BS16: 1 | BT16: 17551.274 | BU16: 2002 | BV16: =BT16/(1+((1/30)*BU16)/1.3333333333333) -> 343.80557 | BW16: 1 | BX16: 2.5 | BY16: 45.9741 | BZ16: =BV16*BX16*BY16 -> 39515.379 | CA16: =BZ16/BQ16 -> 0.99507388 | CB16: =BW16/BS16 -> 1
C17: 14 | E17: KF - Golgoroth | F17: 10 | H17: Envious Assassin | I17: 1 | J17: 1 | K17: 1 | L17: 0 | M17: 1 | N17: 1 | P17: 14 | Q17: =ROUND(1.5*P17-1,0) -> 20 | R17: =MAX(1,4*FLOOR(P17/2,1)-2+MOD(P17,2)) -> 26 | S17: =IF(P17=1,1,P17+ROUNDUP((P17/2),0)+ROUNDUP((P17/4),0)) -> 25 | T17: =P17*2 -> 28 | U17: =ROUNDUP(P17*1.3,0) -> 19 | V17: =P17+1 -> 15 | W17: =P17*2 -> 28 | X17: =P17*3 -> 42 | Y17: =Q17 -> 20 | AA17: 14 | AB17: =AA17+5 -> 19 | AC17: =ROUNDDOWN(AA17*1.34,0) -> 18 | AD17: =IF(AA17<4,AA17,ROUNDDOWN(AA17*1.67,0)) -> 23 | AE17: =ROUNDUP(AA17*1.1,0) -> 16 | AF17: =AC17 -> 18 | AH17: Explosive Light | AO17: Explosive Light | BB17: hgl_adaptive | BC17: 41 | BD17: 42 | BE17: 39 | BF17: 47 | BG17: 46 | BH17: =AVERAGE(BC17:BG17) -> 43 | BP17: gl_wave | BQ17: 22413 | BR17: - | BS17: 1 | BV17: =BT17/(1+((1/30)*BU17)/1.3333333333333) -> 0 | BW17: 1 | BX17: 2.5 | BY17: 45.9741 | BZ17: =BV17*BX17*BY17 -> 0 | CA17: 1 | CB17: =BW17/BS17 -> 1
C18: 15 | E18: KF - Oryx | F18: 20 | H18: Explosive Light (only RL) | I18: 1.25 | J18: 1.25 | K18: 1.25 | L18: 0 | M18: 1 | N18: 1 | P18: 15 | Q18: =ROUND(1.5*P18-1,0) -> 22 | R18: =MAX(1,4*FLOOR(P18/2,1)-2+MOD(P18,2)) -> 27 | S18: =IF(P18=1,1,P18+ROUNDUP((P18/2),0)+ROUNDUP((P18/4),0)) -> 27 | T18: =P18*2 -> 30 | U18: =ROUNDUP(P18*1.3,0) -> 20 | V18: =P18+1 -> 16 | W18: =P18*2 -> 30 | X18: =P18*3 -> 45 | Y18: =Q18 -> 22 | AA18: 15 | AB18: =AA18+5 -> 20 | AC18: =ROUNDDOWN(AA18*1.34,0) -> 20 | AD18: =IF(AA18<4,AA18,ROUNDDOWN(AA18*1.67,0)) -> 25 | AE18: =ROUNDUP(AA18*1.1,0) -> 17 | AF18: =AC18 -> 20 | AH18: Field Prep | AI18: Field Prep | AJ18: Field Prep | AK18: Field Prep | AL18: Field Prep | AM18: Field Prep | AN18: Field Prep | AO18: Field Prep | AP18: Field Prep | AQ18: Field Prep | AR18: Field Prep | AS18: Field Prep | AT18: Field Prep | BB18: hgl_wave | BC18: 42 | BD18: 39 | BH18: =AVERAGE(BC18:BG18) -> 40.5 | BP18: hgl_adaptive | BQ18: =30482+11698 -> 42180 | BR18: - | BS18: 1 | BT18: 13723.464 | BU18: 1989 | BV18: =BT18/(1+((1/30)*BU18)/1.3333333333333) -> 270.54635 | BW18: 1 | BX18: 3 | BY18: 45.9741 | BZ18: =BV18*BX18*BY18 -> 37314.375 | CA18: =BZ18/BQ18 -> 0.88464617 | CB18: =BW18/BS18 -> 1
C19: 16 | E19: KF - Warpriest | F19: 30 | H19: Field Prep | I19: 1 | J19: 1 | K19: 1 | L19: 45 | M19: 0.8 | N19: 1 | P19: 16 | Q19: =ROUND(1.5*P19-1,0) -> 23 | R19: =MAX(1,4*FLOOR(P19/2,1)-2+MOD(P19,2)) -> 30 | S19: =IF(P19=1,1,P19+ROUNDUP((P19/2),0)+ROUNDUP((P19/4),0)) -> 28 | T19: =P19*2 -> 32 | U19: =ROUNDUP(P19*1.3,0) -> 21 | V19: =P19+1 -> 17 | W19: =P19*2 -> 32 | X19: =P19*3 -> 48 | Y19: =Q19 -> 23 | AA19: 16 | AB19: =AA19+5 -> 21 | AC19: =ROUNDDOWN(AA19*1.34,0) -> 21 | AD19: =IF(AA19<4,AA19,ROUNDDOWN(AA19*1.67,0)) -> 26 | AE19: =ROUNDUP(AA19*1.1,0) -> 18 | AF19: =AC19 -> 21 | AH19: Firing Line | AM19: Firing Line | AN19: Firing Line | AR19: Firing Line | AT19: Firing Line | BB19: hgl_rapid | BC19: 29 | BD19: 21 | BE19: 28 | BF19: 22 | BG19: 24 | BH19: =AVERAGE(BC19:BG19) -> 24.8 | BP19: hgl_wave | BQ19: 41377 | BR19: - | BS19: 1 | BV19: =BT19/(1+((1/30)*BU19)/1.3333333333333) -> 0 | BW19: 1 | BX19: 3 | BY19: 45.9741 | BZ19: =BV19*BX19*BY19 -> 0 | CA19: 1 | CB19: =BW19/BS19 -> 1
C20: 17 | E20: LW - Kalli | F20: 15 | H20: Firing Line | I20: 1.2 | J20: 1.2 | K20: 1.2 | L20: 0 | M20: 1 | N20: 1 | P20: 17 | Q20: =ROUND(1.5*P20-1,0) -> 25 | R20: =MAX(1,4*FLOOR(P20/2,1)-2+MOD(P20,2)) -> 31 | S20: =IF(P20=1,1,P20+ROUNDUP((P20/2),0)+ROUNDUP((P20/4),0)) -> 31 | T20: =P20*2 -> 34 | U20: =ROUNDUP(P20*1.3,0) -> 23 | V20: =P20+1 -> 18 | W20: =P20*2 -> 34 | X20: =P20*3 -> 51 | Y20: =Q20 -> 25 | AA20: 17 | AB20: =AA20+5 -> 22 | AC20: =ROUNDDOWN(AA20*1.34,0) -> 22 | AD20: =IF(AA20<4,AA20,ROUNDDOWN(AA20*1.67,0)) -> 28 | AE20: =ROUNDUP(AA20*1.1,0) -> 19 | AF20: =AC20 -> 22 | AH20: Focused Fury | AM20: Focused Fury | AN20: Focused Fury | AR20: Focused Fury | AT20: Focused Fury | BB20: lfr_adaptive | BC20: 28 | BD20: 24 | BE20: 25 | BF20: 22 | BG20: 25 | BH20: =AVERAGE(BC20:BG20) -> 24.8 | BP20: hgl_rapid | BQ20: =12508+23858 -> 36366 | BR20: - | BS20: 1 | BT20: 11859.363 | BU20: 1994 | BV20: =BT20/(1+((1/30)*BU20)/1.3333333333333) -> 233.22248 | BW20: 1 | BX20: 3 | BY20: 45.9741 | BZ20: =BV20*BX20*BY20 -> 32166.581 | CA20: =BZ20/BQ20 -> 0.88452348 | CB20: =BW20/BS20 -> 1
C21: 18 | E21: LW - Morgeth | F21: 45 | H21: Focused Fury | I21: 1.2 | J21: 1.2 | K21: 1.2 | L21: 0 | M21: 1 | N21: 1 | P21: 18 | Q21: =ROUND(1.5*P21-1,0) -> 26 | R21: =MAX(1,4*FLOOR(P21/2,1)-2+MOD(P21,2)) -> 34 | S21: =IF(P21=1,1,P21+ROUNDUP((P21/2),0)+ROUNDUP((P21/4),0)) -> 32 | T21: =P21*2 -> 36 | U21: =ROUNDUP(P21*1.3,0) -> 24 | V21: =P21+1 -> 19 | W21: =P21*2 -> 36 | X21: =P21*3 -> 54 | Y21: =Q21 -> 26 | AA21: 18 | AB21: =AA21+5 -> 23 | AC21: =ROUNDDOWN(AA21*1.34,0) -> 24 | AD21: =IF(AA21<4,AA21,ROUNDDOWN(AA21*1.67,0)) -> 30 | AE21: =ROUNDUP(AA21*1.1,0) -> 20 | AF21: =AC21 -> 24 | AH21: Fourth Time's the Charm | AM21: Fourth Time's the Charm | AN21: Fourth Time's the Charm | AR21: Fourth Time's the Charm | AT21: Fourth Time's the Charm | BB21: lfr_precision | BC21: 23 | BD21: 25 | BE21: 25 | BF21: 23 | BG21: 29 | BH21: =AVERAGE(BC21:BG21) -> 25 | BP21: lfr_adaptive | BQ21: =3*7011 -> 21033 | BR21: =3*43869 -> 131607 | BS21: =(BR21/2)/BQ21 -> 3.1285837 | BT21: =3*4545 -> 13635 | BU21: 1993 | BV21: =BT21/(1+((1/30)*BU21)/1.3333333333333) -> 268.27349 | BW21: 3.44 | BX21: 1.543 | BY21: 45.9741 | BZ21: =BV21*BX21*BY21 -> 19030.794 | CA21: =BZ21/BQ21 -> 0.90480647 | CB21: =BW21/BS21 -> 1.0995391
C22: 19 | E22: LW - Riven | F22: 10 | H22: Fourth Time's the Charm | I22: 1 | J22: 1 | K22: 1 | L22: 0 | M22: 1 | N22: 1 | P22: 19 | Q22: =ROUND(1.5*P22-1,0) -> 28 | R22: =MAX(1,4*FLOOR(P22/2,1)-2+MOD(P22,2)) -> 35 | S22: =IF(P22=1,1,P22+ROUNDUP((P22/2),0)+ROUNDUP((P22/4),0)) -> 34 | T22: =P22*2 -> 38 | U22: =ROUNDUP(P22*1.3,0) -> 25 | V22: =P22+1 -> 20 | W22: =P22*2 -> 38 | X22: =P22*3 -> 57 | Y22: =Q22 -> 28 | AA22: 19 | AB22: =AA22+5 -> 24 | AC22: =ROUNDDOWN(AA22*1.34,0) -> 25 | AD22: =IF(AA22<4,AA22,ROUNDDOWN(AA22*1.67,0)) -> 31 | AE22: =ROUNDUP(AA22*1.1,0) -> 21 | AF22: =AC22 -> 25 | AH22: Frenzy | AI22: Frenzy | AJ22: Frenzy | AK22: Frenzy | AL22: Frenzy | AM22: Frenzy | AN22: Frenzy | AO22: Frenzy | AP22: Frenzy | AQ22: Frenzy | AR22: Frenzy | AS22: Frenzy | AT22: Frenzy | BB22: lmg_adaptive | BC22: 60 | BD22: 43 | BE22: 50 | BF22: 64 | BG22: 45 | BH22: =AVERAGE(BC22:BG22) -> 52.4 | BP22: lfr_precision | BQ22: 14769 | BR22: 92406 | BS22: =(BR22/2)/BQ22 -> 3.128377 | BT22: 9573 | BU22: 1993 | BV22: =BT22/(1+((1/30)*BU22)/1.3333333333333) -> 188.35219 | BW22: 3.44 | BX22: 1.543 | BY22: 45.9741 | BZ22: =BV22*BX22*BY22 -> 13361.334 | CA22: =BZ22/BQ22 -> 0.90468782 | CB22: =BW22/BS22 -> 1.0996117
C23: 20 | E23: LW - Shuro Chi | F23: 10 | H23: Frenzy | I23: 1.15 | J23: 1.15 | K23: 1.15 | L23: 100 | M23: 1 | N23: 1 | P23: 20 | Q23: =ROUND(1.5*P23-1,0) -> 29 | R23: =MAX(1,4*FLOOR(P23/2,1)-2+MOD(P23,2)) -> 38 | S23: =IF(P23=1,1,P23+ROUNDUP((P23/2),0)+ROUNDUP((P23/4),0)) -> 35 | T23: =P23*2 -> 40 | U23: =ROUNDUP(P23*1.3,0) -> 26 | V23: =P23+1 -> 21 | W23: =P23*2 -> 40 | X23: =P23*3 -> 60 | Y23: =Q23 -> 29 | AA23: 20 | AB23: =AA23+5 -> 25 | AC23: =ROUNDDOWN(AA23*1.34,0) -> 26 | AD23: =IF(AA23<4,AA23,ROUNDDOWN(AA23*1.67,0)) -> 33 | AE23: =ROUNDUP(AA23*1.1,0) -> 22 | AF23: =AC23 -> 26 | AH23: Full Auto Trigger System | AP23: Full Auto Trigger System | BB23: lmg_aggressive | BC23: 41 | BH23: =AVERAGE(BC23:BG23) -> 41 | BP23: lmg_adaptive | BQ23: 3473 | BR23: 9737 | BS23: =(BR23/2)/BQ23 -> 1.401814 | BT23: 2099 | BU23: 1993 | BV23: =BT23/(1+((1/30)*BU23)/1.3333333333333) -> 41.298574 | BW23: 1.4 | BX23: 2.16 | BY23: 45.9741 | BZ23: =BV23*BX23*BY23 -> 4101.1159 | CA23: =BZ23/BQ23 -> 1.1808569 | CB23: =BW23/BS23 -> 0.99870597
C24: 21 | E24: PoH - Zulmak | F24: 20 | H24: Full Auto Trigger System | I24: 1 | J24: 1 | K24: 1 | L24: 0 | M24: 1 | N24: 0.9 | P24: 21 | Q24: =ROUND(1.5*P24-1,0) -> 31 | R24: =MAX(1,4*FLOOR(P24/2,1)-2+MOD(P24,2)) -> 39 | S24: =IF(P24=1,1,P24+ROUNDUP((P24/2),0)+ROUNDUP((P24/4),0)) -> 38 | T24: =P24*2 -> 42 | U24: =ROUNDUP(P24*1.3,0) -> 28 | V24: =P24+1 -> 22 | W24: =P24*2 -> 42 | X24: =P24*3 -> 63 | Y24: =Q24 -> 31 | AA24: 21 | AB24: =AA24+5 -> 26 | AC24: =ROUNDDOWN(AA24*1.34,0) -> 28 | AD24: =IF(AA24<4,AA24,ROUNDDOWN(AA24*1.67,0)) -> 35 | AE24: =ROUNDUP(AA24*1.1,0) -> 24 | AF24: =AC24 -> 28 | AH24: Full Court | AL24: Full Court | BB24: lmg_hi | BC24: 33 | BD24: 35 | BE24: 38 | BF24: 24 | BG24: 36 | BH24: =AVERAGE(BC24:BG24) -> 33.2 | BP24: lmg_aggressive | BQ24: 3013 | BR24: 7857 | BS24: =(BR24/2)/BQ24 -> 1.30385 | BT24: 1821 | BU24: 1993 | BV24: =BT24/(1+((1/30)*BU24)/1.3333333333333) -> 35.828824 | BW24: 1.3 | BX24: 2.16 | BY24: 45.9741 | BZ24: =BV24*BX24*BY24 -> 3557.9476 | CA24: =BZ24/BQ24 -> 1.1808654 | CB24: =BW24/BS24 -> 0.99704722
C25: 22 | E25: Prophecy - Kell Echo | F25: 90 | H25: Full Court | I25: 1.25 | J25: 1.25 | K25: 1.25 | L25: 0 | M25: 1 | N25: 1 | P25: 22 | Q25: =ROUND(1.5*P25-1,0) -> 32 | R25: =MAX(1,4*FLOOR(P25/2,1)-2+MOD(P25,2)) -> 42 | S25: =IF(P25=1,1,P25+ROUNDUP((P25/2),0)+ROUNDUP((P25/4),0)) -> 39 | T25: =P25*2 -> 44 | U25: =ROUNDUP(P25*1.3,0) -> 29 | V25: =P25+1 -> 23 | W25: =P25*2 -> 44 | X25: =P25*3 -> 66 | Y25: =Q25 -> 32 | AA25: 22 | AB25: =AA25+5 -> 27 | AC25: =ROUNDDOWN(AA25*1.34,0) -> 29 | AD25: =IF(AA25<4,AA25,ROUNDDOWN(AA25*1.67,0)) -> 36 | AE25: =ROUNDUP(AA25*1.1,0) -> 25 | AF25: =AC25 -> 29 | AH25: Golden Tricorn x2 | AI25: Golden Tricorn x2 | AJ25: Golden Tricorn x2 | AK25: Golden Tricorn x2 | AL25: Golden Tricorn x2 | AM25: Golden Tricorn x2 | AN25: Golden Tricorn x2 | AO25: Golden Tricorn x2 | AP25: Golden Tricorn x2 | AQ25: Golden Tricorn x2 | AR25: Golden Tricorn x2 | AS25: Golden Tricorn x2 | AT25: Golden Tricorn x2 | BB25: lmg_rf | BC25: 61 | BD25: 64 | BE25: 67 | BF25: 57 | BG25: 62 | BH25: =AVERAGE(BC25:BG25) -> 62.2 | BP25: lmg_hi | BQ25: 3975 | BR25: 11455 | BS25: =(BR25/2)/BQ25 -> 1.4408805 | BT25: 2398 | BU25: 1989 | BV25: =BT25/(1+((1/30)*BU25)/1.3333333333333) -> 47.274519 | BW25: 1.44 | BX25: 2.16 | BY25: 45.9741 | BZ25: =BV25*BX25*BY25 -> 4694.5515 | CA25: =BZ25/BQ25 -> 1.1810193 | CB25: =BW25/BS25 -> 0.99938891
C26: 23 | E26: Prophecy - Phalanx Echo | F26: 45 | H26: Golden Tricorn x2 | I26: 1.5 | J26: 1.5 | K26: 1.5 | L26: 0 | M26: 1 | N26: 1 | P26: 23 | Q26: =ROUND(1.5*P26-1,0) -> 34 | R26: =MAX(1,4*FLOOR(P26/2,1)-2+MOD(P26,2)) -> 43 | S26: =IF(P26=1,1,P26+ROUNDUP((P26/2),0)+ROUNDUP((P26/4),0)) -> 41 | T26: =P26*2 -> 46 | U26: =ROUNDUP(P26*1.3,0) -> 30 | V26: =P26+1 -> 24 | W26: =P26*2 -> 46 | X26: =P26*3 -> 69 | Y26: =Q26 -> 34 | AA26: 23 | AB26: =AA26+5 -> 28 | AC26: =ROUNDDOWN(AA26*1.34,0) -> 30 | AD26: =IF(AA26<4,AA26,ROUNDDOWN(AA26*1.67,0)) -> 38 | AE26: =ROUNDUP(AA26*1.1,0) -> 26 | AF26: =AC26 -> 30 | AH26: High Ground x3 | AI26: High Ground x3 | AJ26: High Ground x3 | AK26: High Ground x3 | AL26: High Ground x3 | AM26: High Ground x3 | AN26: High Ground x3 | AO26: High Ground x3 | AP26: High Ground x3 | AQ26: High Ground x3 | AR26: High Ground x3 | AS26: High Ground x3 | AT26: High Ground x3 | BB26: rl_adaptive | BC26: 44 | BD26: 44 | BE26: 45 | BF26: 42 | BG26: 39 | BH26: =AVERAGE(BC26:BG26) -> 42.8 | BP26: lmg_rf | BQ26: 2135 | BR26: 5566 | BS26: =(BR26/2)/BQ26 -> 1.3035129 | BT26: 1283 | BU26: 1981 | BV26: =BT26/(1+((1/30)*BU26)/1.3333333333333) -> 25.39337 | BW26: 1.3 | BX26: 2.16 | BY26: 45.9741 | BZ26: =BV26*BX26*BY26 -> 2521.6646 | CA26: =BZ26/BQ26 -> 1.1811075 | CB26: =BW26/BS26 -> 0.99730507
C27: 24 | E27: RoN - Nezarec | F27: 30 | H27: High Ground x3 | I27: 1.25 | J27: 1.25 | K27: 1.25 | L27: 0 | M27: 1 | N27: 1 | P27: 24 | Q27: =ROUND(1.5*P27-1,0) -> 35 | R27: =MAX(1,4*FLOOR(P27/2,1)-2+MOD(P27,2)) -> 46 | S27: =IF(P27=1,1,P27+ROUNDUP((P27/2),0)+ROUNDUP((P27/4),0)) -> 42 | T27: =P27*2 -> 48 | U27: =ROUNDUP(P27*1.3,0) -> 32 | V27: =P27+1 -> 25 | W27: =P27*2 -> 48 | X27: =P27*3 -> 72 | Y27: =Q27 -> 35 | AA27: 24 | AB27: =AA27+5 -> 29 | AC27: =ROUNDDOWN(AA27*1.34,0) -> 32 | AD27: =IF(AA27<4,AA27,ROUNDDOWN(AA27*1.67,0)) -> 40 | AE27: =ROUNDUP(AA27*1.1,0) -> 27 | AF27: =AC27 -> 32 | AH27: High-Impact Reserves | AI27: High-Impact Reserves | AJ27: High-Impact Reserves | AM27: High-Impact Reserves | AN27: High-Impact Reserves | AP27: High-Impact Reserves | AQ27: High-Impact Reserves | AR27: High-Impact Reserves | AT27: High-Impact Reserves | BB27: rl_aggressive | BC27: 54 | BD27: 57 | BE27: 62 | BF27: 58 | BG27: 60 | BH27: =AVERAGE(BC27:BG27) -> 58.2 | BP27: rl_adaptive | BQ27: =22386+71306 -> 93692 | BR27: - | BS27: 1 | BT27: 21930.943 | BU27: 1993 | BV27: =BT27/(1+((1/30)*BU27)/1.3333333333333) -> 431.49912 | BW27: 1 | BX27: 4.7 | BY27: 45.9741 | BZ27: =BV27*BX27*BY27 -> 93237.582 | CA27: =BZ27/BQ27 -> 0.99514988 | CB27: =BW27/BS27 -> 1
C28: 25 | E28: RoN - Zo'Aurc | F28: 10 | H28: High-Impact Reserves | I28: 1.16 | J28: 1.16 | K28: 1.16 | L28: 0 | M28: 1 | N28: 1 | P28: 25 | Q28: =ROUND(1.5*P28-1,0) -> 37 | R28: =MAX(1,4*FLOOR(P28/2,1)-2+MOD(P28,2)) -> 47 | S28: =IF(P28=1,1,P28+ROUNDUP((P28/2),0)+ROUNDUP((P28/4),0)) -> 45 | T28: =P28*2 -> 50 | U28: =ROUNDUP(P28*1.3,0) -> 33 | V28: =P28+1 -> 26 | W28: =P28*2 -> 50 | X28: =P28*3 -> 75 | Y28: =Q28 -> 37 | AA28: 25 | AB28: =AA28+5 -> 30 | AC28: =ROUNDDOWN(AA28*1.34,0) -> 33 | AD28: =IF(AA28<4,AA28,ROUNDDOWN(AA28*1.67,0)) -> 41 | AE28: =ROUNDUP(AA28*1.1,0) -> 28 | AF28: =AC28 -> 33 | AH28: Impulse Amplifier | AJ28: Impulse Amplifier | AK28: Impulse Amplifier | AL28: Impulse Amplifier | AO28: Impulse Amplifier | AQ28: Impulse Amplifier | BB28: rl_hi | BC28: 35 | BD28: 33 | BE28: 38 | BF28: 34 | BG28: 34 | BH28: =AVERAGE(BC28:BG28) -> 34.8 | BP28: rl_aggressive | BQ28: =22386+71306 -> 93692 | BR28: - | BS28: 1 | BT28: 21930.943 | BU28: 1993 | BV28: =BT28/(1+((1/30)*BU28)/1.3333333333333) -> 431.49912 | BW28: 1 | BX28: 4.7 | BY28: 45.9741 | BZ28: =BV28*BX28*BY28 -> 93237.582 | CA28: =BZ28/BQ28 -> 0.99514988 | CB28: =BW28/BS28 -> 1
C29: 26 | E29: SotW - Akelous | F29: 20 | H29: Impulse Amplifier | I29: 1 | J29: 1 | K29: 1 | L29: 20 | M29: 0.8 | N29: 1 | P29: 26 | Q29: =ROUND(1.5*P29-1,0) -> 38 | R29: =MAX(1,4*FLOOR(P29/2,1)-2+MOD(P29,2)) -> 50 | S29: =IF(P29=1,1,P29+ROUNDUP((P29/2),0)+ROUNDUP((P29/4),0)) -> 46 | T29: =P29*2 -> 52 | U29: =ROUNDUP(P29*1.3,0) -> 34 | V29: =P29+1 -> 27 | W29: =P29*2 -> 52 | X29: =P29*3 -> 78 | Y29: =Q29 -> 38 | AA29: 26 | AB29: =AA29+5 -> 31 | AC29: =ROUNDDOWN(AA29*1.34,0) -> 34 | AD29: =IF(AA29<4,AA29,ROUNDDOWN(AA29*1.67,0)) -> 43 | AE29: =ROUNDUP(AA29*1.1,0) -> 29 | AF29: =AC29 -> 34 | AH29: Keep Away | AI29: Keep Away | AJ29: Keep Away | AK29: Keep Away | AL29: Keep Away | AM29: Keep Away | AN29: Keep Away | AO29: Keep Away | AP29: Keep Away | AQ29: Keep Away | AR29: Keep Away | AS29: Keep Away | AT29: Keep Away | BB29: rl_precision | BC29: 23 | BD29: 22 | BE29: 27 | BF29: 29 | BG29: 23 | BH29: =AVERAGE(BC29:BG29) -> 24.8 | BP29: rl_hi | BQ29: =8706+75628 -> 84334 | BR29: - | BS29: 1 | BT29: 19741.867 | BU29: 1993 | BV29: =BT29/(1+((1/30)*BU29)/1.3333333333333) -> 388.42827 | BW29: 1 | BX29: 4.7 | BY29: 45.9741 | BZ29: =BV29*BX29*BY29 -> 83930.908 | CA29: =BZ29/BQ29 -> 0.99522029 | CB29: =BW29/BS29 -> 1
C30: 27 | E30: SotW - Persys | F30: 25 | H30: Keep Away | I30: 1 | J30: 1 | K30: 1 | L30: 30 | M30: 1 | N30: 1 | P30: 27 | Q30: =ROUND(1.5*P30-1,0) -> 40 | R30: =MAX(1,4*FLOOR(P30/2,1)-2+MOD(P30,2)) -> 51 | S30: =IF(P30=1,1,P30+ROUNDUP((P30/2),0)+ROUNDUP((P30/4),0)) -> 48 | T30: =P30*2 -> 54 | U30: =ROUNDUP(P30*1.3,0) -> 36 | V30: =P30+1 -> 28 | W30: =P30*2 -> 54 | X30: =P30*3 -> 81 | Y30: =Q30 -> 40 | AA30: 27 | AB30: =AA30+5 -> 32 | AC30: =ROUNDDOWN(AA30*1.34,0) -> 36 | AD30: =IF(AA30<4,AA30,ROUNDDOWN(AA30*1.67,0)) -> 45 | AE30: =ROUNDUP(AA30*1.1,0) -> 30 | AF30: =AC30 -> 36 | AH30: Loose Change | AI30: Loose Change | AJ30: Loose Change | AK30: Loose Change | AL30: Loose Change | AM30: Loose Change | AN30: Loose Change | AO30: Loose Change | AP30: Loose Change | AQ30: Loose Change | AR30: Loose Change | AS30: Loose Change | AT30: Loose Change | BB30: sg_aggressive | BC30: 32 | BD30: 30 | BE30: 31 | BF30: 34 | BG30: 32 | BH30: =AVERAGE(BC30:BG30) -> 31.8 | BP30: rl_precision | BQ30: =19333+61582 -> 80915 | BR30: - | BS30: 1 | BT30: 18829.803 | BU30: 1981 | BV30: =BT30/(1+((1/30)*BU30)/1.3333333333333) -> 372.68289 | BW30: 1 | BX30: 4.7 | BY30: 45.9741 | BZ30: =BV30*BX30*BY30 -> 80528.675 | CA30: =BZ30/BQ30 -> 0.99522554 | CB30: =BW30/BS30 -> 1
C31: 28 | E31: ST - Dul Incaru | F31: 45 | H31: Loose Change | I31: 1 | J31: 1 | K31: 1 | L31: 50 | M31: 1 | N31: 1 | P31: 28 | Q31: =ROUND(1.5*P31-1,0) -> 41 | R31: =MAX(1,4*FLOOR(P31/2,1)-2+MOD(P31,2)) -> 54 | S31: =IF(P31=1,1,P31+ROUNDUP((P31/2),0)+ROUNDUP((P31/4),0)) -> 49 | T31: =P31*2 -> 56 | U31: =ROUNDUP(P31*1.3,0) -> 37 | V31: =P31+1 -> 29 | W31: =P31*2 -> 56 | X31: =P31*3 -> 84 | Y31: =Q31 -> 41 | AA31: 28 | AB31: =AA31+5 -> 33 | AC31: =ROUNDDOWN(AA31*1.34,0) -> 37 | AD31: =IF(AA31<4,AA31,ROUNDDOWN(AA31*1.67,0)) -> 46 | AE31: =ROUNDUP(AA31*1.1,0) -> 31 | AF31: =AC31 -> 37 | AH31: One For All | AI31: One For All | AJ31: One For All | AK31: One For All | AL31: One For All | AM31: One For All | AN31: One For All | AO31: One For All | AP31: One For All | AQ31: One For All | AR31: One For All | AS31: One For All | AT31: One For All | BB31: sg_hb | BC31: 69 | BH31: =AVERAGE(BC31:BG31) -> 69 | BP31: sg_aggressive | BQ31: =12*3185 -> 38220 | BR31: 84084 | BS31: =(BR31/2)/BQ31 -> 1.1 | BT31: =12*1522 -> 18264 | BU31: 1992 | BV31: =BT31/(1+((1/30)*BU31)/1.3333333333333) -> 359.52756 | BW31: 1.1 | BX31: 2.3 | BY31: 45.9741 | BZ31: =BV31*BX31*BY31 -> 38016.599 | CA31: =BZ31/BQ31 -> 0.99467814 | CB31: =BW31/BS31 -> 1
C32: 29 | E32: ST - Vorgeth | F32: 30 | H32: One For All | I32: 1.35 | J32: 1.35 | K32: 1.35 | L32: 0 | M32: 1 | N32: 1 | P32: 29 | Q32: =ROUND(1.5*P32-1,0) -> 43 | R32: =MAX(1,4*FLOOR(P32/2,1)-2+MOD(P32,2)) -> 55 | S32: =IF(P32=1,1,P32+ROUNDUP((P32/2),0)+ROUNDUP((P32/4),0)) -> 52 | T32: =P32*2 -> 58 | U32: =ROUNDUP(P32*1.3,0) -> 38 | V32: =P32+1 -> 30 | W32: =P32*2 -> 58 | X32: =P32*3 -> 87 | Y32: =Q32 -> 43 | AA32: 29 | AB32: =AA32+5 -> 34 | AC32: =ROUNDDOWN(AA32*1.34,0) -> 38 | AD32: =IF(AA32<4,AA32,ROUNDDOWN(AA32*1.67,0)) -> 48 | AE32: =ROUNDUP(AA32*1.1,0) -> 32 | AF32: =AC32 -> 38 | AH32: Overflow | AI32: Overflow | AJ32: Overflow | AK32: Overflow | AL32: Overflow | AM32: Overflow | AN32: Overflow | AO32: Overflow | AP32: Overflow | AQ32: Overflow | AR32: Overflow | AS32: Overflow | AT32: Overflow | BB32: sg_lw | BC32: 54 | BD32: 62 | BE32: 56 | BF32: 56 | BG32: 59 | BH32: =AVERAGE(BC32:BG32) -> 57.4 | BP32: sg_lw | BQ32: =12*2623 -> 31476 | BR32: 69247 | BS32: =(BR32/2)/BQ32 -> 1.0999968 | BT32: =12*1254 -> 15048 | BU32: 1992 | BV32: =BT32/(1+((1/30)*BU32)/1.3333333333333) -> 296.22047 | BW32: 1.1 | BX32: 2.3 | BY32: 45.9741 | BZ32: =BV32*BX32*BY32 -> 31322.48 | CA32: =BZ32/BQ32 -> 0.99512264 | CB32: =BW32/BS32 -> 1.0000029
C33: 30 | E33: VoG - Atheon | F33: 30 | H33: Overflow | I33: 1 | J33: 1 | K33: 1 | L33: 0 | M33: 1 | N33: 1 | P33: 30 | Q33: =ROUND(1.5*P33-1,0) -> 44 | R33: =MAX(1,4*FLOOR(P33/2,1)-2+MOD(P33,2)) -> 58 | S33: =IF(P33=1,1,P33+ROUNDUP((P33/2),0)+ROUNDUP((P33/4),0)) -> 53 | T33: =P33*2 -> 60 | U33: =ROUNDUP(P33*1.3,0) -> 39 | V33: =P33+1 -> 31 | W33: =P33*2 -> 60 | X33: =P33*3 -> 90 | Y33: =Q33 -> 44 | AA33: 30 | AB33: =AA33+5 -> 35 | AC33: =ROUNDDOWN(AA33*1.34,0) -> 40 | AD33: =IF(AA33<4,AA33,ROUNDDOWN(AA33*1.67,0)) -> 50 | AE33: =ROUNDUP(AA33*1.1,0) -> 33 | AF33: =AC33 -> 40 | AH33: Paracausal Affinity | AI33: Paracausal Affinity | AJ33: Paracausal Affinity | AK33: Paracausal Affinity | AL33: Paracausal Affinity | AM33: Paracausal Affinity | AN33: Paracausal Affinity | AO33: Paracausal Affinity | AP33: Paracausal Affinity | AQ33: Paracausal Affinity | AR33: Paracausal Affinity | AS33: Paracausal Affinity | AT33: Paracausal Affinity | BB33: sg_slug | BC33: 44 | BD33: 48 | BE33: 45 | BF33: 49 | BG33: 48 | BH33: =AVERAGE(BC33:BG33) -> 46.8 | BP33: sg_slug | BQ33: 20714 | BR33: 72701 | BS33: =(BR33/2)/BQ33 -> 1.7548759 | BT33: 9961 | BU33: 2004 | BV33: =BT33/(1+((1/30)*BU33)/1.3333333333333) -> 194.93151 | BW33: 1.75 | BX33: 2.3 | BY33: 45.9741 | BZ33: =BV33*BX33*BY33 -> 20612.141 | CA33: =BZ33/BQ33 -> 0.99508262 | CB33: =BW33/BS33 -> 0.9972215
C34: 31 | E34: VoG - Templar | F34: 60 | H34: Paracausal Affinity | I34: 1.2 | J34: 1.2 | K34: 1.2 | L34: 0 | M34: 1 | N34: 1 | P34: 31 | Q34: =ROUND(1.5*P34-1,0) -> 46 | R34: =MAX(1,4*FLOOR(P34/2,1)-2+MOD(P34,2)) -> 59 | S34: =IF(P34=1,1,P34+ROUNDUP((P34/2),0)+ROUNDUP((P34/4),0)) -> 55 | T34: =P34*2 -> 62 | U34: =ROUNDUP(P34*1.3,0) -> 41 | V34: =P34+1 -> 32 | W34: =P34*2 -> 62 | X34: =P34*3 -> 93 | Y34: =Q34 -> 46 | AA34: 31 | AB34: =AA34+5 -> 36 | AC34: =ROUNDDOWN(AA34*1.34,0) -> 41 | AD34: =IF(AA34<4,AA34,ROUNDDOWN(AA34*1.67,0)) -> 51 | AE34: =ROUNDUP(AA34*1.1,0) -> 35 | AF34: =AC34 -> 41 | AH34: Precision Instrument | AM34: Precision Instrument | AN34: Precision Instrument | AR34: Precision Instrument | AT34: Precision Instrument | BB34: sg_precision | BC34: 49 | BD34: 47 | BE34: 46 | BF34: 51 | BG34: 41 | BH34: =AVERAGE(BC34:BG34) -> 46.8 | BP34: sg_precision | BQ34: =12*2743 -> 32916 | BR34: 72415 | BS34: =(BR34/2)/BQ34 -> 1.099997 | BT34: =12*1312 -> 15744 | BU34: 1993 | BV34: =BT34/(1+((1/30)*BU34)/1.3333333333333) -> 309.76881 | BW34: 1.1 | BX34: 2.3 | BY34: 45.9741 | BZ34: =BV34*BX34*BY34 -> 32755.088 | CA34: =BZ34/BQ34 -> 0.99511142 | CB34: =BW34/BS34 -> 1.0000028
C35: 32 | E35: VotD - Caretaker | F35: 15 | H35: Precision Instrument | I35: 1.25 | J35: 1.25 | K35: 1.25 | L35: 0 | M35: 1 | N35: 1 | P35: 32 | Q35: =ROUND(1.5*P35-1,0) -> 47 | R35: =MAX(1,4*FLOOR(P35/2,1)-2+MOD(P35,2)) -> 62 | S35: =IF(P35=1,1,P35+ROUNDUP((P35/2),0)+ROUNDUP((P35/4),0)) -> 56 | T35: =P35*2 -> 64 | U35: =ROUNDUP(P35*1.3,0) -> 42 | V35: =P35+1 -> 33 | W35: =P35*2 -> 64 | X35: =P35*3 -> 96 | Y35: =Q35 -> 47 | AA35: 32 | AB35: =AA35+5 -> 37 | AC35: =ROUNDDOWN(AA35*1.34,0) -> 42 | AD35: =IF(AA35<4,AA35,ROUNDDOWN(AA35*1.67,0)) -> 53 | AE35: =ROUNDUP(AA35*1.1,0) -> 36 | AF35: =AC35 -> 42 | AH35: Rapid-Hit x5 | AM35: Rapid-Hit x5 | AN35: Rapid-Hit x5 | AR35: Rapid-Hit x5 | AT35: Rapid-Hit x5 | BB35: sg_rf | BC35: 64 | BD35: 61 | BE35: 63 | BF35: 61 | BG35: 64 | BH35: =AVERAGE(BC35:BG35) -> 62.6 | BP35: sg_rf | BQ35: =12*2115 -> 25380 | BR35: 55836 | BS35: =(BR35/2)/BQ35 -> 1.1 | BT35: =12*1017 -> 12204 | BU35: 2004 | BV35: =BT35/(1+((1/30)*BU35)/1.3333333333333) -> 238.82583 | BW35: 1.1 | BX35: 2.3 | BY35: 45.9741 | BZ35: =BV35*BX35*BY35 -> 25253.546 | CA35: =BZ35/BQ35 -> 0.99501758 | CB35: =BW35/BS35 -> 1
C36: 33 | E36: VotD - Rhulk | F36: 35 | H36: Rapid-Hit x5 | I36: 1 | J36: 1 | K36: 1 | L36: 60 | M36: 0.92 | N36: 1 | P36: 33 | Q36: =ROUND(1.5*P36-1,0) -> 49 | R36: =MAX(1,4*FLOOR(P36/2,1)-2+MOD(P36,2)) -> 63 | S36: =IF(P36=1,1,P36+ROUNDUP((P36/2),0)+ROUNDUP((P36/4),0)) -> 59 | T36: =P36*2 -> 66 | U36: =ROUNDUP(P36*1.3,0) -> 43 | V36: =P36+1 -> 34 | W36: =P36*2 -> 66 | X36: =P36*3 -> 99 | Y36: =Q36 -> 49 | AA36: 33 | AB36: =AA36+5 -> 38 | AC36: =ROUNDDOWN(AA36*1.34,0) -> 44 | AD36: =IF(AA36<4,AA36,ROUNDDOWN(AA36*1.67,0)) -> 55 | AE36: =ROUNDUP(AA36*1.1,0) -> 37 | AF36: =AC36 -> 44 | AH36: Reconstruction | AI36: Reconstruction | AJ36: Reconstruction | AK36: Reconstruction | AL36: Reconstruction | AM36: Reconstruction | AN36: Reconstruction | AO36: Reconstruction | AP36: Reconstruction | AQ36: Reconstruction | AR36: Reconstruction | AS36: Reconstruction | AT36: Reconstruction | BB36: sidearm_rocket | BC36: 29 | BD36: 36 | BE36: 35 | BF36: 28 | BH36: =AVERAGE(BC36:BG36) -> 32 | BP36: sidearm_rocket | BQ36: =2871+13259 -> 16130 | BR36: =BQ36*1.0366*2 -> 33440.716 | BS36: =(BR36/2)/BQ36 -> 1.0366 | BT36: 12388 | BU36: 2006 | BV36: =BT36/(1+((1/30)*BU36)/1.3333333333333) -> 242.18964 | BW36: 1.04 | BX36: 1.442 | BY36: 45.9741 | BZ36: =BV36*BX36*BY36 -> 16055.878 | CA36: =BZ36/BQ36 -> 0.9954047 | CB36: =BW36/BS36 -> 1.00328
C37: 34 | E37: WR - Locus | F37: 60 | H37: Reconstruction | I37: 1 | J37: 1 | K37: 1 | L37: 0 | M37: 1 | N37: 1 | P37: 34 | Q37: =ROUND(1.5*P37-1,0) -> 50 | R37: =MAX(1,4*FLOOR(P37/2,1)-2+MOD(P37,2)) -> 66 | S37: =IF(P37=1,1,P37+ROUNDUP((P37/2),0)+ROUNDUP((P37/4),0)) -> 60 | T37: =P37*2 -> 68 | U37: =ROUNDUP(P37*1.3,0) -> 45 | V37: =P37+1 -> 35 | W37: =P37*2 -> 68 | X37: =P37*3 -> 102 | Y37: =Q37 -> 50 | AA37: 34 | AB37: =AA37+5 -> 39 | AC37: =ROUNDDOWN(AA37*1.34,0) -> 45 | AD37: =IF(AA37<4,AA37,ROUNDDOWN(AA37*1.67,0)) -> 56 | AE37: =ROUNDUP(AA37*1.1,0) -> 38 | AF37: =AC37 -> 45 | AH37: Relentless Strike | AS37: Relentless Strike | BB37: sr_adaptive | BC37: 39 | BD37: 45 | BE37: 40 | BF37: 40 | BG37: 39 | BH37: =AVERAGE(BC37:BG37) -> 40.6 | BP37: sr_adaptive | BQ37: 8887 | BR37: 57675 | BS37: =(BR37/2)/BQ37 -> 3.2449083 | BT37: 6429 | BU37: 1992 | BV37: =BT37/(1+((1/30)*BU37)/1.3333333333333) -> 126.55512 | BW37: 3.25 | BX37: 1.52 | BY37: 45.9741 | BZ37: =BV37*BX37*BY37 -> 8843.7516 | CA37: =BZ37/BQ37 -> 0.99513352 | CB37: =BW37/BS37 -> 1.0015691
C38: 35 | E38: WR - Hefnd's Vengeance | F38: 15 | H38: Relentless Strike | I38: 1 | J38: 1 | K38: 1 | L38: 0 | M38: 1 | N38: 1 | P38: 35 | Q38: =ROUND(1.5*P38-1,0) -> 52 | R38: =MAX(1,4*FLOOR(P38/2,1)-2+MOD(P38,2)) -> 67 | S38: =IF(P38=1,1,P38+ROUNDUP((P38/2),0)+ROUNDUP((P38/4),0)) -> 62 | T38: =P38*2 -> 70 | U38: =ROUNDUP(P38*1.3,0) -> 46 | V38: =P38+1 -> 36 | W38: =P38*2 -> 70 | X38: =P38*3 -> 105 | Y38: =Q38 -> 52 | AA38: 35 | AB38: =AA38+5 -> 40 | AC38: =ROUNDDOWN(AA38*1.34,0) -> 46 | AD38: =IF(AA38<4,AA38,ROUNDDOWN(AA38*1.67,0)) -> 58 | AE38: =ROUNDUP(AA38*1.1,0) -> 39 | AF38: =AC38 -> 46 | AH38: Rewind Rounds | AI38: Rewind Rounds | AJ38: Rewind Rounds | AM38: Rewind Rounds | AN38: Rewind Rounds | AP38: Rewind Rounds | AQ38: Rewind Rounds | AR38: Rewind Rounds | AS38: Rewind Rounds | AT38: Rewind Rounds | BB38: sr_aggressive | BC38: 27 | BD38: 36 | BE38: 35 | BF38: 28 | BG38: 27 | BH38: =AVERAGE(BC38:BG38) -> 30.6 | BP38: sr_aggressive | BQ38: 10082 | BR38: 70573 | BS38: =(BR38/2)/BQ38 -> 3.4999504 | BT38: 7344 | BU38: 2006 | BV38: =BT38/(1+((1/30)*BU38)/1.3333333333333) -> 143.57771 | BW38: 3.5 | BX38: 1.52 | BY38: 45.9741 | BZ38: =BV38*BX38*BY38 -> 10033.301 | CA38: =BZ38/BQ38 -> 0.99516974 | CB38: =BW38/BS38 -> 1.0000142
C39: 36 | E39: SE - Herald | F39: 35 | H39: Rewind Rounds | I39: 1 | J39: 1 | K39: 1 | L39: 0 | M39: 1 | N39: 1 | P39: 36 | Q39: =ROUND(1.5*P39-1,0) -> 53 | R39: =MAX(1,4*FLOOR(P39/2,1)-2+MOD(P39,2)) -> 70 | S39: =IF(P39=1,1,P39+ROUNDUP((P39/2),0)+ROUNDUP((P39/4),0)) -> 63 | T39: =P39*2 -> 72 | U39: =ROUNDUP(P39*1.3,0) -> 47 | V39: =P39+1 -> 37 | W39: =P39*2 -> 72 | X39: =P39*3 -> 108 | Y39: =Q39 -> 53 | AA39: 36 | AB39: =AA39+5 -> 41 | AC39: =ROUNDDOWN(AA39*1.34,0) -> 48 | AD39: =IF(AA39<4,AA39,ROUNDDOWN(AA39*1.67,0)) -> 60 | AE39: =ROUNDUP(AA39*1.1,0) -> 40 | AF39: =AC39 -> 48 | AH39: Surrounded | AI39: Surrounded | AJ39: Surrounded | AK39: Surrounded | AL39: Surrounded | AM39: Surrounded | AN39: Surrounded | AO39: Surrounded | AP39: Surrounded | AQ39: Surrounded | AR39: Surrounded | AS39: Surrounded | AT39: Surrounded | BB39: sr_rf | BC39: 57 | BD39: 58 | BE39: 55 | BF39: 57 | BG39: 56 | BH39: =AVERAGE(BC39:BG39) -> 56.6 | BP39: sr_rf | BQ39: 6348 | BR39: 43687 | BS39: =(BR39/2)/BQ39 -> 3.441005 | BT39: 4619 | BU39: 2004 | BV39: =BT39/(1+((1/30)*BU39)/1.3333333333333) -> 90.391389 | BW39: 3.44 | BX39: 1.52 | BY39: 45.9741 | BZ39: =BV39*BX39*BY39 -> 6316.6074 | CA39: =BZ39/BQ39 -> 0.99505473 | CB39: =BW39/BS39 -> 0.99970792
