Workbook

Sheet Home
A1: Welcome to my boss DPS spreadsheet! Here you'll find the most accurate boss damage testing that currently exists in Destiny 2. Feel free to make a copy (File > Make a copy) if you want to play around with the data yourself. Here's a brief overview of the tabs: | C1: WATCH: How does this spreadsheet work? | D1: Current News
A2: Changelog | B2: History of changes made to the spreadsheet. | C2: If you have any suggestions or questions, feel free to reach out to me at @theaegisrelic on Discord. | D2: Working on MoT damage testing and stuff.
A3: FAQ | B3: Commonly asked questions/myths about boss DPS.
A4: Equipment | B4: The stuff you need for DPS, whether it be weapons or armor.
A5: Weapons | B5: True weapon damage values against Templar.
A6: Abilities | B6: True ability damage values against Templar.
A7: Scaling | B7: How well certain damage sources stack with multiple users.
A8: Ranking | B8: DPS strategies involving more than one weapon, ranked by DPS/total.
A9: Graphing | B9: Full data dump of relevant DPS strategies over time.
A10: Sustained | B10: Precise DPS of individual damage sources.
A11: Swap | B11: Measures of DPS in the context of swapping.
A12: Bosses | B12: Health values and considerations.
A13: Pack Hunter | B13: Pack Hunter scaling and stacking tests.
A14: Ergo Sum | B14: Testing every archetype combination of Destiny's first special sword.
... A18: Testing | B18: Clipboard dump for temporary experiments.

Sheet Changelog
A1: Date | B1: Description
A2: upcoming | B2: Renegades testing.
A3: 46093 | B3: Added Something Something to Sustained tab.
A4: 46084 | B4: Added Hellion to Swap tab.
A5: 46054 | B5: Added New Land Beyond holster swap to Swap tab.
A6: 46052 | B6: Added Shattershafts chunking to Historical tab.
A7: 46051 | B7: Updated chunking values for every relevant Weapons tab entry.
A8: 46044 | B8: Added Contraverse chunking to Sustained tab and Historical tab, added pre-additive Verity grapples to Historical tab.
A9: 46030 | B9: Updated New Land Beyond reserves in Sustained tab.
A10: 46027 | B10: Updated bolt values in Weapons tab.
A11: 46012 | B11: Updated New Malpais value in Weapons and Sustained tab.
A12: 46008 | B12: Added Heirloom and Praxic Blade to Weapons and Sustained tab.
A13: 46007 | B13: Updated Golden Gun Nighthawk and Needlestorm Mataiodoxia values in Abilities and Swap tabs.
A14: 46005 | B14: Added Equilibrium legendary archetypes to Weapons tab and Sustained tab. Added Equilibrium bosses to Bosses tab.
... A191: 45119 | B191: Video released, Conditional pellet Apex rotation modified to account for Heat Rises (2 dash), added FAQ, Bosses, and Historical tabs.

Sheet FAQ
A1: Frequently Asked Questions
A2: Adept Impact | B2: How much does Adept Impact matter on swords? | C2: 2.93% on light attack, 1.9% on heavy attack (wave).
A3: BnS first shot | B3: Does Bait and Switch affect the shot that activates it? | C3: It depends. If a Bait and Switch weapon is the one to activate Bait and Switch, people typically think that, because the timer has not started and the damage number appears to be an unbuffed one, it is not active. However, in solo instances, the game actually does do the BnS damage to the enemy, meaning that BnS is effectively a flat 30% perk for all shots if used correctly. In the attached video, see that both rocket shots do approximately the same amount to the health bar despite the first shot being the activation condition (the difference between both shots' damage can be attributed to the ~7500 DDT damage error against Templar, 1 pixel's worth). In team settings, however, BnS does not seem to affect the first shot due to instance activity, which likely resulted in the 27% buff value you see in the Wolfpacks tab rather than a full 30.
A4: BnS timing | B4: How long do you have to activate Bait and Switch? | C4: About 7 seconds between each weapon (14s total). No, this does not mean you can shoot weapon 1, wait 1 second, shoot weapon 2, wait 13 seconds, then shoot your Bait weapon. Additionally, you can infinitely store Bait and Switch prep by repeatedly tapping your second weapon without ever going back to your first weapon, provided you initially shot your second weapon within 7 seconds of firing the first. Finally, you can't start shooting weapons to reproc Bait and Switch until its timer is out.
A5: Danger Zone blinding | B5: Does Danger Zone increase the blast radius of the blinding effect of Disorienting Grenades? | C5: No, not even with blast radius that is theoretically >0.
A6: Cluster Bomb | B6: How much damage does Cluster Bomb add to a rocket? | C6: On Templar, each cluster does 334+1669 damage (old scalar). Assuming all 8 clusters hit, that's 16024 extra damage on top of a base value of 72339, which comes out to an increase of ~22.15%. However, none of this damage is affected by Pack Hunter, which yields a final result of ~17.5% overall against a regular Pack Hunter rocket.
A7: Debuff extension | B7: How does debuff extension work? | C7: Timer-based full debuffs (30%) like Tractor and Felwinter's can have their timers refreshed by the application of a timer-based weaken, including Echo of Undermining grenades and Snare Bomb. This interaction does not work with either Tether variant, since the debuff applied by those supers does not seem to apply as a timed status effect, but rather by a consistent connection to the Tether object itself.
A8: Double vs. triple swaps | B8: How much damage loss is not using a third weapon in an Izi rocket rotation? | C8: With how little your third weapon (GL/slug/sniper) makes up these days, in an Izi/slug/Apex Broodweaver rotation, you lose something like 4% of your damage by not using a third weapon, but having a third fill is still important if you're waiting for your rocket to load.
A9: Duality | B9: Is Duality worth using in the context of slug swapping? | C9: Given that the standard double slug rocket rotation doesn't use any exotics, using Duality in place of Sojourner's Tale actually boosts damage by about 18.5% per shot against Frenzy Sojourner's. On top of this, in certain boss phases, you can proc On Black Wings and refresh it during damage through precision hits on the boss.
A10: Frame-based damage | B10: How much are certain damage sources affected by FPS? | C10: Health bar-wise, not at all. This includes Leviathan's Breath, Touch of Thunder storm grenades, Anarchy, and Wolfpack rockets, tested at 30 (capped) to 150 (uncapped). When others have found that the game reports lower wipe screen numbers, this is likely because the game counts damage ticks on a per-frame basis, whereas the instance itself actually calculates damage values at its own rate.
A11: Frontloaded health bars | B11: Are bosses "frontloaded" in health? | C11: No. Based on extensive testing across every raid and dungeon boss in the game, not a single boss has a health bar that is not uniformly distributed.
A12: Golden Gun buffing | B12: Does Well override Radiant for Golden Gun purposes? What about kinetic surges? | C12: Yes. Stay outside a Well if you want to do full Golden Gun damage! As for kinetic surges, they are patched and no longer stack with Golden Gun! Finally, other empowering buffs like Lumina and Banner Shield also override the Radiant buff for Golden Gun :(
A13: Kinetic Tremors | B13: How much damage does Kinetic Tremors add to different weapons? Does it scale with different multipliers? | C13: Here's how Kinetic Tremors scales on different weapon types, converted to a perk equivalent: rapid sniper: ~57.8% buff, 0.433s proc rapid scout: ~160.2% buff, 0.932s proc rapid pulse: ~49.6% buff, 0.981s proc precision HC: ~82.3% buff, 1.392s proc adaptive sidearm: ~109.4% buff, 1.2s proc rapid auto: ~175.6% buff, ~0.83s proc lightweight SMG: ~163.7% buff, ~0.804s proc precision bow: ~146.1% buff, ~1.15s proc And yes, it scales with buffs/debuffs/surges/most perks, but it does not stack with other players — only one KT user per team.
... A21: Weavewalk | B21: Is Weavewalk worth using with Rain of Fire for reloading rockets? | C21: Generally no, the animation is too slow (slower than a dash or Ascent reload, and approaching reloading at ~1.8s).

Sheet Equipment (WIP)
A1: # | B1: Pic | C1: Role | D1: Name | E1: Column 1 | F1: Column 2 | G1: Perk 1 | H1: Perk 2 | I1: Notes
A2: 1 | C2: Ability | D2: Celestial Nighthawk | E2: / | F2: / | G2: / | H2: / | I2: Solid damage super with great ranged burst
A3: 1 | C3: Ability | D3: Cuirass of the Falling Star | E3: / | F3: / | G3: / | H3: / | I3: Zero effort for best damage super in the game
A4: 1 | C4: Main | D4: Ergo Sum | E4: / | F4: / | G4: Caster Frame Lightweight Frame Wave Frame | H4: The Perfect Fifth Unplanned Reprieve Wolfpack Rounds | I4: Best sword damage when Transcendent
A5: 1 | C5: Buff | D5: Gjallarhorn | E5: Fixed | F5: Fixed | G5: Fixed | H5: Fixed | I5: Exists to augment Hezen users
A6: 1 | C6: Main | D6: Hezen Vengeance | E6: Quick Launch | F6: Impact Casing | G6: Overflow Envious Assassin Cluster Bomb | H6: Bait and Switch Elemental Honing | I6: Best general burst damage
A7: 1 | C7: Buff | D7: Sanguine Alchemy | E7: / | F7: / | G7: / | H7: / | I7: Best damage armor exotic, free 10% for doing nothing
A8: 1 | C8: Ability | D8: Solipsism | E8: / | F8: / | G8: Spirit of Inmost Light Spirit of Apotheosis | H8: Spirit of the Star-Eater Spirit of Verity | I8: Great pairing with Nova, excellent for Transcendence farming
A9: 1 | C9: Utility | D9: Tractor Cannon | E9: Fixed | F9: Fixed | G9: Fixed | H9: Fixed | I9: Easiest long-term 30% debuff source
A10: 2 | C10: Main | D10: Bequest | E10: Jagged Edge | F10: Swordmaster's Guard | G10: Relentless Strikes | H10: Surrounded | I10: Very easy Surrounded sword damage
A11: 2 | C11: Filler | D11: Choir of One | E11: Fluted Barrel | F11: Alloy Magazine Flared Magwell | G11: Short-Action Stock | H11: Onslaught | I11: Great for object-based damage, like Crypt Security or blights
A12: 2 | C12: Main | D12: Cynosure | E12: Quick Launch | F12: Impact Casing | G12: Overflow Envious Assassin Reconstruction | H12: Elemental Honing High Ground | I12: Hezen alternative with Reconstruction
A13: 2 | C13: Buff | D13: Edge of Action | E13: Lightweight Emitter | F13: Swap Mag | G13: Short-Action Stock | H13: / | I13: Free 5% buff and great refreshable protection for glaive/sword damage
... A110: 4 | C110: Filler | D110: Yesterday's Question | E110: Fluted Barrel | F110: Appended Mag | G110: Rapid Hit | H110: Vorpal Weapon | I110: Best energy slot legendary LP HC, basically irrelevant

Sheet Weapons (old)
A1: INFORMATION | G1: VISUAL | L1: HEALTHBAR | T1: VERIFICATION
A2: 🖼️ | B2: Type | C2: Subtype | D2: primary Tick | E2: secondary Ticks | F2: Modifiers | G2: Boss | H2: Wipe | I2: # | J2: Full Modifiers | K2: visual Value | L2: Boss | M2: # | N2: Type | O2: HP1 | P2: HP2 | Q2: % | R2: Full Modifiers | S2: healthbar Value | T2: Patch | U2: NG | V2: Multi | W2: Crit | X2: Ratio | Y2: Deviation
B3: Auto rifle | C3: Adaptive frame | D3: 383 | E3: 219 body | G3: S | H3: 383 | I3: 1 | J3: =IFS(G3="S",21494/2048*1.25,G3="C",1.25*2*1.22,OR(G3="R",G3="T"),1.25*1.22) -> 13.118896 | K3: =H3/I3/J3/V3/U3 -> 25.386547 | L3: S | M3: 49 | N3: B | O3: 90.023753 | P3: 85.748219 | Q3: =O3-P3 -> 4.275534 | R3: =IFS(L3="S",21494/2048*1.25) -> 13.118896 | S3: =IFS(N3="B",Q3/M3/100*249945/R3/V3/U3 *W3,N3="C",Q3/M3/100*249945/R3/V3/U3 ) -> 25.281233 | T3: 9.0.0.8 | U3: 1 | V3: 1.15 | W3: =383/219 -> 1.7488584 | X3: =S3/K3 -> 0.99585159 | Y3: =(S3-K3)*M3*U3*V3*J3/(249945/845) -> -0.2632015
B4: Auto rifle | C4: Balanced heat weapon - 450RPM primary | D4: 596 | E4: 352 body | G4: S | H4: 596 | I4: 1 | J4: =IFS(G4="S",21494/2048*1.25,G4="C",1.25*2*1.22,OR(G4="R",G4="T"),1.25*1.22) -> 13.118896 | K4: =H4/I4/J4/V4/U4 -> 37.623727 | L4: S | M4: 50 | N4: B | O4: 90.023753 | P4: 83.016627 | Q4: =O4-P4 -> 7.007126 | R4: =IFS(L4="S",21494/2048*1.25) -> 13.118896 | S4: =IFS(N4="B",Q4/M4/100*249945/R4/V4/U4 *W4,N4="C",Q4/M4/100*249945/R4/V4/U4 ) -> 37.439801 | T4: 9.5.0.2 | U4: 1.05 | V4: 1.15 | W4: =596/352 -> 1.6931818 | X4: =S4/K4 -> 0.99511143 | Y4: =(S4-K4)*M4*U4*V4*J4/(249945/845) -> -0.49250518
B5: Auto rifle | C5: Centrifuse | D5: 543 | E5: 320 body | G5: S | H5: 543 | I5: 1 | J5: =IFS(G5="S",21494/2048*1.25,G5="C",1.25*2*1.22,OR(G5="R",G5="T"),1.25*1.22) -> 13.118896 | K5: =H5/I5/J5/V5/U5 -> 32.719902 | L5: S | M5: 44 | N5: B | O5: 90.023753 | P5: 84.441805 | Q5: =O5-P5 -> 5.581948 | R5: =IFS(L5="S",21494/2048*1.25) -> 13.118896 | S5: =IFS(N5="B",Q5/M5/100*249945/R5/V5/U5 *W5,N5="C",Q5/M5/100*249945/R5/V5/U5 ) -> 32.421984 | T5: 9.0.0.8 | U5: 1.1 | V5: 1.15 | W5: =543/320 -> 1.696875 | X5: =S5/K5 -> 0.99089488 | Y5: =(S5-K5)*M5*U5*V5*J5/(249945/845) -> -0.73544529
B6: Auto rifle | C6: Cerberus+1 | D6: =1064*1.25 -> 1330 | E6: 741 body | F6: point blank | G6: S | H6: 1330 | I6: 1 | J6: =IFS(G6="S",21494/2048*1.25,G6="C",1.25*2*1.22,OR(G6="R",G6="T"),1.25*1.22) -> 13.118896 | K6: =H6/I6/J6/V6/U6 -> 88.156938 | L6: S | M6: 7 | N6: B | O6: 90.023753 | P6: 87.885986 | Q6: =O6-P6 -> 2.137767 | R6: =IFS(L6="S",21494/2048*1.25) -> 13.118896 | S6: =IFS(N6="B",Q6/M6/100*249945/R6/V6/U6 *W6,N6="C",Q6/M6/100*249945/R6/V6/U6 ) -> 90.812382 | T6: 9.0.0.8 | U6: 1 | V6: 1.15 | W6: =1330/741 -> 1.7948718 | X6: =S6/K6 -> 1.0301218 | Y6: =(S6-K6)*M6*U6*V6*J6/(249945/845) -> 0.94807506
B7: Auto rifle | C7: Choir of One | D7: 4128 | E7: 2301 body | F7: hitscan | G7: S | H7: 4128 | I7: 1 | J7: =IFS(G7="S",21494/2048*1.25,G7="C",1.25*2*1.22,OR(G7="R",G7="T"),1.25*1.22) -> 13.118896 | K7: =H7/I7/J7/V7/U7 -> 248.74357 | L7: S | M7: 19 | N7: B | O7: 90.023753 | P7: 72.565321 | Q7: =O7-P7 -> 17.458432 | R7: =IFS(L7="S",21494/2048*1.25) -> 13.118896 | S7: =IFS(N7="B",Q7/M7/100*249945/R7/V7/U7 *W7,N7="C",Q7/M7/100*249945/R7/V7/U7 ) -> 248.27405 | T7: 9.0.0.8 | U7: 1.1 | V7: 1.15 | W7: =4128/2301 -> 1.7940026 | X7: =S7/K7 -> 0.99811244 | Y7: =(S7-K7)*M7*U7*V7*J7/(249945/845) -> -0.50050197
B8: Auto rifle | C8: Choir of One | D8: 8061 | E8: 930 secondary | F8: projectile - point blank | G8: S | H8: =8061+930 -> 8991 | I8: 1 | J8: =IFS(G8="S",21494/2048*1.25,G8="C",1.25*2*1.22,OR(G8="R",G8="T"),1.25*1.22) -> 13.118896 | K8: =H8/I8/J8/V8/U8 -> 541.7765 | L8: S | M8: 4 | N8: B | O8: 90.023753 | P8: 75.534442 | Q8: =O8-P8 -> 14.489311 | R8: =IFS(L8="S",21494/2048*1.25) -> 13.118896 | S8: =IFS(N8="B",Q8/M8/100*249945/R8/V8/U8 *W8,N8="C",Q8/M8/100*249945/R8/V8/U8 ) -> 545.56232 | T8: 9.0.0.8 | U8: 1.1 | V8: 1.15 | W8: 1 | X8: =S8/K8 -> 1.0069878 | Y8: =(S8-K8)*M8*U8*V8*J8/(249945/845) -> 0.84960923
B9: Auto rifle | C9: Choir of One | D9: 1613 | E9: 155 secondary | F9: projectile - spaced | G9: S | H9: =(1613+155)*5 -> 8840 | I9: 1 | J9: =IFS(G9="S",21494/2048*1.25,G9="C",1.25*2*1.22,OR(G9="R",G9="T"),1.25*1.22) -> 13.118896 | K9: =H9/I9/J9/V9/U9 -> 532.6776 | L9: / | M9: / | N9: / | O9: / | P9: / | Q9: / | R9: / | S9: / | T9: 9.0.0.8 | U9: 1.1 | V9: 1.15 | W9: 1 | X9: =101183/101700 -> 0.99491642 | Y9: =(101183-101700)/(1500000/845) -> -0.29124333
B10: Auto rifle | C10: Hard Light | D10: 383 | E10: 219 body | G10: S | H10: 383 | I10: 1 | J10: =IFS(G10="S",21494/2048*1.25,G10="C",1.25*2*1.22,OR(G10="R",G10="T"),1.25*1.22) -> 13.118896 | K10: =H10/I10/J10/V10/U10 -> 25.386547 | L10: S | M10: 49 | N10: B | O10: 90.023753 | P10: 85.748219 | Q10: =O10-P10 -> 4.275534 | R10: =IFS(L10="S",21494/2048*1.25) -> 13.118896 | S10: =IFS(N10="B",Q10/M10/100*249945/R10/V10/U10 *W10,N10="C",Q10/M10/100*249945/R10/V10/U10 ) -> 25.281233 | T10: 9.0.0.8 | U10: 1 | V10: 1.15 | W10: =383/219 -> 1.7488584 | X10: =S10/K10 -> 0.99585159 | Y10: =(S10-K10)*M10*U10*V10*J10/(249945/845) -> -0.2632015
B11: Auto rifle | C11: High-impact frame | D11: 626 | E11: 349 body | G11: S | H11: 626 | I11: 1 | J11: =IFS(G11="S",21494/2048*1.25,G11="C",1.25*2*1.22,OR(G11="R",G11="T"),1.25*1.22) -> 13.118896 | K11: =H11/I11/J11/V11/U11 -> 41.493416 | L11: S | M11: 38 | N11: B | O11: 90.023753 | P11: 84.679335 | Q11: =O11-P11 -> 5.344418 | R11: =IFS(L11="S",21494/2048*1.25) -> 13.118896 | S11: =IFS(N11="B",Q11/M11/100*249945/R11/V11/U11 *W11,N11="C",Q11/M11/100*249945/R11/V11/U11 ) -> 41.794106 | T11: 9.0.0.8 | U11: 1 | V11: 1.15 | W11: =626/349 -> 1.7936963 | X11: =S11/K11 -> 1.0072467 | Y11: =(S11-K11)*M11*U11*V11*J11/(249945/845) -> 0.58278682
B12: Auto rifle | C12: Khvostov 7G-0X | D12: 383 | E12: 219 body, 1350/770 ricochet | F12: average - with ricochetting bullets | G12: S | H12: =(219*35+770*7)*W12 -> 22831.347 | I12: 42 | J12: =IFS(G12="S",21494/2048*1.25,G12="C",1.25*2*1.22,OR(G12="R",G12="T"),1.25*1.22) -> 13.118896 | K12: =H12/I12/J12/V12/U12 -> 36.031895 | L12: / | M12: / | N12: / | O12: / | P12: / | Q12: / | R12: / | S12: / | T12: 9.0.0.8 | U12: 1 | V12: 1.15 | W12: =383/219 -> 1.7488584 | X12: =30178/30490 -> 0.98976714 | Y12: =(30178-30490)/(1500000/845) -> -0.17576
B13: Auto rifle | C13: Monte Carlo | D13: 383 | E13: 219 body | G13: S | H13: 383 | I13: 1 | J13: =IFS(G13="S",21494/2048*1.25,G13="C",1.25*2*1.22,OR(G13="R",G13="T"),1.25*1.22) -> 13.118896 | K13: =H13/I13/J13/V13/U13 -> 25.386547 | L13: S | M13: 43 | N13: B | O13: 90.023753 | P13: 86.223278 | Q13: =O13-P13 -> 3.800475 | R13: =IFS(L13="S",21494/2048*1.25) -> 13.118896 | S13: =IFS(N13="B",Q13/M13/100*249945/R13/V13/U13 *W13,N13="C",Q13/M13/100*249945/R13/V13/U13 ) -> 25.607866 | T13: 9.0.0.8 | U13: 1 | V13: 1.15 | W13: =383/219 -> 1.7488584 | X13: =S13/K13 -> 1.008718 | Y13: =(S13-K13)*M13*U13*V13*J13/(249945/845) -> 0.48539519
B14: Auto rifle | C14: Necrochasm | D14: 336 | E14: 198 body, 267 OFT | G14: S | H14: 336 | I14: 1 | J14: =IFS(G14="S",21494/2048*1.25,G14="C",1.25*2*1.22,OR(G14="R",G14="T"),1.25*1.22) -> 13.118896 | K14: =H14/I14/J14/V14/U14 -> 22.271226 | L14: S | M14: 50 | N14: B | O14: 90.023753 | P14: 86.104513 | Q14: =O14-P14 -> 3.91924 | R14: =IFS(L14="S",21494/2048*1.25) -> 13.118896 | S14: =IFS(N14="B",Q14/M14/100*249945/R14/V14/U14 *W14,N14="C",Q14/M14/100*249945/R14/V14/U14 ) -> 22.037141 | T14: 9.0.0.8 | U14: 1 | V14: 1.15 | W14: =336/198 -> 1.6969697 | X14: =S14/K14 -> 0.98948934 | Y14: =(S14-K14)*M14*U14*V14*J14/(249945/845) -> -0.59696893
B15: Auto rifle | C15: Precision frame | D15: 494 | E15: 291 body | G15: S | H15: 494 | I15: 1 | J15: =IFS(G15="S",21494/2048*1.25,G15="C",1.25*2*1.22,OR(G15="R",G15="T"),1.25*1.22) -> 13.118896 | K15: =H15/I15/J15/V15/U15 -> 32.744005 | L15: S | M15: 38 | N15: B | O15: 90.023753 | P15: 85.510689 | Q15: =O15-P15 -> 4.513064 | R15: =IFS(L15="S",21494/2048*1.25) -> 13.118896 | S15: =IFS(N15="B",Q15/M15/100*249945/R15/V15/U15 *W15,N15="C",Q15/M15/100*249945/R15/V15/U15 ) -> 33.401899 | T15: 9.0.0.8 | U15: 1 | V15: 1.15 | W15: =494/291 -> 1.6975945 | X15: =S15/K15 -> 1.020092 | Y15: =(S15-K15)*M15*U15*V15*J15/(249945/845) -> 1.2751078
B16: Auto rifle | C16: Quicksilver Storm | D16: 336 | E16: 198 body, 1164/68 rocket | F16: average - with tracking rockets | G16: S | H16: =1164+68+336*10 -> 4592 | I16: 11 | J16: =IFS(G16="S",21494/2048*1.25,G16="C",1.25*2*1.22,OR(G16="R",G16="T"),1.25*1.22) -> 13.118896 | K16: =H16/I16/J16/V16/U16 -> 27.670312 | L16: S | M16: 11 | N16: C | O16: 90.023753 | P16: 88.123515 | Q16: =O16-P16 -> 1.900238 | R16: =IFS(L16="S",21494/2048*1.25) -> 13.118896 | S16: =IFS(N16="B",Q16/M16/100*249945/R16/V16/U16 *W16,N16="C",Q16/M16/100*249945/R16/V16/U16 ) -> 28.61967 | T16: 9.0.0.8 | U16: 1 | V16: 1.15 | W16: =(494*10+1164+68)/(291*10+1164+68) -> 1.4901014 | X16: =S16/K16 -> 1.0343096 | Y16: =(S16-K16)*M16*U16*V16*J16/(249945/845) -> 0.53263574
B17: Auto rifle | C17: Quicksilver Storm | D17: 6979 | E17: 200 secondary | F17: Grenades Prepped | G17: S | H17: =6979+200 -> 7179 | I17: 1 | J17: =IFS(G17="S",21494/2048*1.25,G17="C",1.25*2*1.22,OR(G17="R",G17="T"),1.25*1.22) -> 13.118896 | K17: =H17/I17/J17/V17/U17 -> 475.84861 | L17: S | M17: 3 | N17: B | O17: 80.522565 | P17: 71.852732 | Q17: =O17-P17 -> 8.669833 | R17: =IFS(L17="S",21494/2048*1.25) -> 13.118896 | S17: =IFS(N17="B",Q17/M17/100*249945/R17/V17/U17 *W17,N17="C",Q17/M17/100*249945/R17/V17/U17 ) -> 478.78307 | T17: 9.0.0.8 | U17: 1 | V17: 1.15 | W17: 1 | X17: =S17/K17 -> 1.0061668 | Y17: =(S17-K17)*M17*U17*V17*J17/(249945/845) -> 0.44901041
B18: Auto rifle | C18: Rapid-fire frame | D18: 336 | E18: 198 body | G18: S | H18: 336 | I18: 1 | J18: =IFS(G18="S",21494/2048*1.25,G18="C",1.25*2*1.22,OR(G18="R",G18="T"),1.25*1.22) -> 13.118896 | K18: =H18/I18/J18/V18/U18 -> 22.271226 | L18: S | M18: 51 | N18: B | O18: 90.023753 | P18: 85.985748 | Q18: =O18-P18 -> 4.038005 | R18: =IFS(L18="S",21494/2048*1.25) -> 13.118896 | S18: =IFS(N18="B",Q18/M18/100*249945/R18/V18/U18 *W18,N18="C",Q18/M18/100*249945/R18/V18/U18 ) -> 22.259739 | T18: 9.0.0.8 | U18: 1 | V18: 1.15 | W18: =336/198 -> 1.6969697 | X18: =S18/K18 -> 0.99948421 | Y18: =(S18-K18)*M18*U18*V18*J18/(249945/845) -> -0.029880709
B19: Auto rifle | C19: Support frame | D19: 384 | E19: 274 body | G19: S | H19: 384 | I19: 1 | J19: =IFS(G19="S",21494/2048*1.25,G19="C",1.25*2*1.22,OR(G19="R",G19="T"),1.25*1.22) -> 13.118896 | K19: =H19/I19/J19/V19/U19 -> 25.45283 | L19: S | M19: 28 | N19: B | O19: 90.023753 | P19: 86.935867 | Q19: =O19-P19 -> 3.087886 | R19: =IFS(L19="S",21494/2048*1.25) -> 13.118896 | S19: =IFS(N19="B",Q19/M19/100*249945/R19/V19/U19 *W19,N19="C",Q19/M19/100*249945/R19/V19/U19 ) -> 25.605496 | T19: 9.0.0.8 | U19: 1 | V19: 1.15 | W19: =384/274 -> 1.4014599 | X19: =S19/K19 -> 1.005998 | Y19: =(S19-K19)*M19*U19*V19*J19/(249945/845) -> 0.21802587
B20: Auto rifle | C20: SUROS Regime | D20: 626 | E20: 384 max body, 349 min body | F20: average - Dual Speed Receiver | G20: S | H20: =(349*18+367*6+368*2+369+370*2+372+373+374+376+379+381+384)*W20 -> 23260.653 | I20: 36 | J20: =IFS(G20="S",21494/2048*1.25,G20="C",1.25*2*1.22,OR(G20="R",G20="T"),1.25*1.22) -> 13.118896 | K20: =H20/I20/J20/V20/U20 -> 42.827652 | L20: S | M20: 36 | N20: B | O20: 90.023753 | P20: 84.7981 | Q20: =O20-P20 -> 5.225653 | R20: =IFS(L20="S",21494/2048*1.25) -> 13.118896 | S20: =IFS(N20="B",Q20/M20/100*249945/R20/V20/U20 *W20,N20="C",Q20/M20/100*249945/R20/V20/U20 ) -> 43.135643 | T20: 9.0.0.8 | U20: 1 | V20: 1.15 | W20: =626/349 -> 1.7936963 | X20: =S20/K20 -> 1.0071914 | Y20: =(S20-K20)*M20*U20*V20*J20/(249945/845) -> 0.56552145
B21: Auto rifle | C21: SUROS Regime | D21: 359 | E21: 240 max body, 219 min body | F21: Spinning Up | G21: S | H21: =(219*18+230*8+231*2+232*2+233+234+235+237+238+240)*W21 -> 13319.064 | I21: 36 | J21: =IFS(G21="S",21494/2048*1.25,G21="C",1.25*2*1.22,OR(G21="R",G21="T"),1.25*1.22) -> 13.118896 | K21: =H21/I21/J21/V21/U21 -> 24.523139 | L21: S | M21: 36 | N21: B | O21: 90.023753 | P21: 86.698337 | Q21: =O21-P21 -> 3.325416 | R21: =IFS(L21="S",21494/2048*1.25) -> 13.118896 | S21: =IFS(N21="B",Q21/M21/100*249945/R21/V21/U21 *W21,N21="C",Q21/M21/100*249945/R21/V21/U21 ) -> 25.086676 | T21: 9.0.0.8 | U21: 1 | V21: 1.15 | W21: =359/219 -> 1.6392694 | X21: =S21/K21 -> 1.0229798 | Y21: =(S21-K21)*M21*U21*V21*J21/(249945/845) -> 1.0347431
B22: Auto rifle | C22: Sweet Business | D22: 423 | E22: 379 explosive, 275 body | F22: average - with explosive rounds, no ramping | G22: T | H22: =5460*1.5 -> 8190 | I22: 150 | J22: =IFS(G22="S",21494/2048*1.25,G22="C",1.25*2*1.22,OR(G22="R",G22="T"),1.25*1.22) -> 1.525 | K22: =H22/I22/J22/V22/U22 -> 31.133286 | L22: / | M22: / | N22: / | O22: / | P22: / | Q22: / | R22: / | S22: / | T22: 9.1.5.2 | U22: 1 | V22: 1.15 | W22: =423/275 -> 1.5381818 | X22: =33728/34664 -> 0.97299792 | Y22: =(33728-34664)/(1500000/845) -> -0.52728
B23: Auto rifle | C23: Tommy's Matchbook | D23: 11202 | E23: 432 ramped, 218 body 732 ramped crit, 369 crit | F23: average - with ignition | G23: T | H23: =7007*1.5 -> 10510.5 | I23: 100 | J23: =IFS(G23="S",21494/2048*1.25,G23="C",1.25*2*1.22,OR(G23="R",G23="T"),1.25*1.22) -> 1.525 | K23: =H23/I23/J23/V23/U23 -> 54.48325 | L23: T | M23: 100 | N23: C | O23: 99.64497 | P23: 94.08284 | Q23: =O23-P23 -> 5.56213 | R23: =1.25*1.22 -> 1.525 | S23: =IFS(N23="B",Q23/M23/100*182596/R23/V23/U23 *W23,N23="C",Q23/M23/100*182596/R23/V23/U23 ) -> 52.646806 | T23: 9.1.5.2 | U23: 1.1 | V23: 1.15 | W23: =369/218 -> 1.6926606 | X23: =44379/44090 -> 1.0065548 | Y23: =(44379-44090)/(1500000/845) -> 0.16280333
B24: Bow | C24: Heirloom | D24: 1399 | E24: 1166 crit, 1053 body | F24: uncharged | G24: C | H24: 38475 | I24: 15 | J24: =1.25*2*1.15 -> 2.875 | K24: =H24/I24/J24/V24/U24 -> 738.86038 | L24: C | M24: 15 | N24: C | O24: 100 | P24: 97.39645 | Q24: =O24-P24 -> 2.60355 | R24: =1.25*2*1.15 -> 2.875 | S24: =Q24/M24/100*1500000/R24/V24/U24 -> 749.96489 | T24: 9.5.0.3 | U24: 1.05 | V24: 1.15 | W24: =(1399+1166)/(1399+1053) -> 1.0460848 | X24: =S24/K24 -> 1.0150292 | Y24: =(S24-K24)*M24*U24*V24*J24/(1500000/845) -> 0.3257475
B25: Bow | C25: Heirloom | D25: 1637 | E25: 1719 scorched splash, 1590/1669 crit 2345 ignition, 1435/1507 body | F25: average - 1/3 charge, with ignition, catalyst | G25: C | H25: 19691 | I25: 5 | J25: =1.25*2*1.15 -> 2.875 | K25: =H25/I25/J25/V25/U25 -> 1134.4171 | L25: C | M25: 5 | N25: C | O25: 100 | P25: 98.698225 | Q25: =O25-P25 -> 1.301775 | R25: =1.25*2*1.15 -> 2.875 | S25: =Q25/M25/100*1500000/R25/V25/U25 -> 1124.9473 | T25: 9.5.0.3 | U25: 1.05 | V25: 1.15 | W25: =19691/18694 -> 1.0533326 | X25: =S25/K25 -> 0.99165228 | Y25: =(S25-K25)*M25*U25*V25*J25/(1500000/845) -> -0.092597917
B26: Bow | C26: Heirloom | D26: 2862 | E26: 3005 scorched splash, 1786/1875 crit 2345 ignition, 2583/2712 body | F26: average - 2/3 charge, with ignition, catalyst | G26: C | H26: 17149 | I26: 3 | J26: =1.25*2*1.15 -> 2.875 | K26: =H26/I26/J26/V26/U26 -> 1646.6169 | L26: C | M26: 3 | N26: C | O26: 100 | P26: 98.816568 | Q26: =O26-P26 -> 1.183432 | R26: =1.25*2*1.15 -> 2.875 | S26: =Q26/M26/100*1500000/R26/V26/U26 -> 1704.4659 | T26: 9.5.0.3 | U26: 1.05 | V26: 1.15 | W26: =17149/14470 -> 1.1851417 | X26: =S26/K26 -> 1.0351321 | Y26: =(S26-K26)*M26*U26*V26*J26/(1500000/845) -> 0.33939707
B27: Bow | C27: Heirloom | D27: 2862 | E27: 3005/2862 splash, 2679/2813 crit 2345 ignition, 2583/2712 body | F27: average - fully charged, with ignition, catalyst | G27: C | H27: 27908 | I27: 4 | J27: =1.25*2*1.15 -> 2.875 | K27: =H27/I27/J27/V27/U27 -> 2009.7579 | L27: C | M27: 4 | N27: C | O27: 100 | P27: 98.106509 | Q27: =O27-P27 -> 1.893491 | R27: =1.25*2*1.15 -> 2.875 | S27: =Q27/M27/100*1500000/R27/V27/U27 -> 2045.3589 | T27: 9.5.0.3 | U27: 1.05 | V27: 1.15 | W27: =27908/26794 -> 1.0415765 | X27: =S27/K27 -> 1.0177141 | Y27: =(S27-K27)*M27*U27*V27*J27/(1500000/845) -> 0.27849228
B28: Bow | C28: Hierarchy of Needs | D28: 3508 | E28: 2195 body, 2316 seeker | G28: S | H28: 3508 | I28: 1 | J28: =IFS(G28="S",21494/2048*1.25,G28="C",1.25*2*1.22,OR(G28="R",G28="T"),1.25*1.22) -> 13.118896 | K28: =H28/I28/J28/V28/U28 -> 211.38383 | L28: S | M28: 5 | N28: C | O28: 90.023753 | P28: 83.016627 | Q28: =O28-P28 -> 7.007126 | R28: =IFS(L28="S",21494/2048*1.25) -> 13.118896 | S28: =IFS(N28="B",Q28/M28/100*249945/R28/V28/U28 *W28,N28="C",Q28/M28/100*249945/R28/V28/U28 ) -> 211.07002 | T28: 9.0.0.8 | U28: 1.1 | V28: 1.15 | W28: =3508/2195 -> 1.5981777 | X28: =S28/K28 -> 0.99851546 | Y28: =(S28-K28)*M28*U28*V28*J28/(249945/845) -> -0.088030914
B29: Bow | C29: High-impact frame | D29: 5861 | E29: 4364 body, 67 tick | F29: Charged Bolts | G29: C | H29: 62027 | I29: 10 | J29: =1.25*2*1.15*1.17 -> 3.36375 | K29: =H29/I29/J29/V29/U29 -> 1596.5226 | L29: C | M29: 10 | N29: C | O29: 100 | P29: 95.502959 | Q29: =O29-P29 -> 4.497041 | R29: =1.25*2*1.15*1.17 -> 3.36375 | S29: =Q29/M29/100*1500000/R29/V29/U29 -> 1736.2506 | T29: 9.5.0.3 | U29: 1.05 | V29: 1.1 | W29: =62027/46990 -> 1.3200043 | X29: =S29/K29 -> 1.0875202 | Y29: =(S29-K29)*M29*U29*V29*J29/(1500000/845) -> 3.0581198
B30: Bow | C30: High-impact frame | D30: 2638 | E30: 3224 explosion, 1964 body | F30: Explosive Bolts | G30: C | H30: 58620 | I30: 10 | J30: =1.25*2*1.15*1.17 -> 3.36375 | K30: =H30/I30/J30/V30/U30 -> 1508.8293 | L30: C | M30: 10 | N30: C | O30: 100 | P30: 96.094675 | Q30: =O30-P30 -> 3.905325 | R30: =1.25*2*1.15*1.17 -> 3.36375 | S30: =Q30/M30/100*1500000/R30/V30/U30 -> 1507.7966 | T30: 9.5.0.3 | U30: 1.05 | V30: 1.1 | W30: =58620/51880 -> 1.1299152 | X30: =S30/K30 -> 0.99931551 | Y30: =(S30-K30)*M30*U30*V30*J30/(1500000/845) -> -0.02260375
B31: Bow | C31: High-impact frame | D31: 6447 | E31: 4800 body | F31: Heavy Bolts | G31: C | H31: 64470 | I31: 10 | J31: =1.25*2*1.15*1.17 -> 3.36375 | K31: =H31/I31/J31/V31/U31 -> 1659.4034 | L31: C | M31: 10 | N31: C | O31: 100 | P31: 95.739645 | Q31: =O31-P31 -> 4.260355 | R31: =1.25*2*1.15*1.17 -> 3.36375 | S31: =Q31/M31/100*1500000/R31/V31/U31 -> 1644.8691 | T31: 9.5.0.3 | U31: 1.05 | V31: 1.1 | W31: =64470/48000 -> 1.343125 | X31: =S31/K31 -> 0.99124128 | Y31: =(S31-K31)*M31*U31*V31*J31/(1500000/845) -> -0.31810025
B32: Bow | C32: High-impact frame | D32: 5861 | E32: 4364 body, 1111/556 retrieval | F32: Serrated Bolts, with retrieval | G32: C | H32: 64725 | I32: 10 | J32: =1.25*2*1.15*1.17 -> 3.36375 | K32: =H32/I32/J32/V32/U32 -> 1665.9669 | L32: C | M32: 10 | N32: C | O32: 100 | P32: 95.621302 | Q32: =O32-P32 -> 4.378698 | R32: =1.25*2*1.15*1.17 -> 3.36375 | S32: =Q32/M32/100*1500000/R32/V32/U32 -> 1690.5599 | T32: 9.5.0.3 | U32: 1.05 | V32: 1.1 | W32: =64725/49755 -> 1.3008743 | X32: =S32/K32 -> 1.014762 | Y32: =(S32-K32)*M32*U32*V32*J32/(1500000/845) -> 0.5382481
B33: Bow | C33: High-impact frame | D33: 5861 | E33: 4364 body, 56 explosion | F33: Spring-Auger Bolts | G33: C | H33: 59170 | I33: 10 | J33: =1.25*2*1.15*1.17 -> 3.36375 | K33: =H33/I33/J33/V33/U33 -> 1522.9859 | L33: C | M33: 10 | N33: C | O33: 100 | P33: 96.094675 | Q33: =O33-P33 -> 3.905325 | R33: =1.25*2*1.15*1.17 -> 3.36375 | S33: =Q33/M33/100*1500000/R33/V33/U33 -> 1507.7966 | T33: 9.5.0.3 | U33: 1.05 | V33: 1.1 | W33: =59170/44200 -> 1.3386878 | X33: =S33/K33 -> 0.99002662 | Y33: =(S33-K33)*M33*U33*V33*J33/(1500000/845) -> -0.33243708
B34: Bow | C34: High-impact longbow frame | D34: 3977 | E34: 3050 body, 1625 seeker | G34: S | H34: 3977 | I34: 1 | J34: =IFS(G34="S",21494/2048*1.25,G34="C",1.25*2*1.22,OR(G34="R",G34="T"),1.25*1.22) -> 13.118896 | K34: =H34/I34/J34/V34/U34 -> 255.17719 | L34: S | M34: 2 | N34: C | O34: 90.023753 | P34: 86.817102 | Q34: =O34-P34 -> 3.206651 | R34: =IFS(L34="S",21494/2048*1.25) -> 13.118896 | S34: =IFS(N34="B",Q34/M34/100*249945/R34/V34/U34 *W34,N34="C",Q34/M34/100*249945/R34/V34/U34 ) -> 257.1298 | T34: 9.0.0.8 | U34: 1.08 | V34: 1.1 | W34: =3977/3050 -> 1.3039344 | X34: =S34/K34 -> 1.007652 | Y34: =(S34-K34)*M34*U34*V34*J34/(249945/845) -> 0.20576505
B35: Bow | C35: Le Monarque | D35: 2898 | E35: 1814 body, 459 poison, 1506 seeker | F35: average - with poison | G35: C | H35: 6580 | I35: 5 | J35: =IFS(G35="S",21494/2048*1.25,G35="C",1.25*2*1.22,OR(G35="R",G35="T"),1.25*1.22) -> 3.05 | K35: =H35/I35/J35/V35/U35 -> 375.19601 | L35: S | M35: 5 | N35: C | O35: 90.023753 | P35: 78.384798 | Q35: =O35-P35 -> 11.638955 | R35: =IFS(L35="S",21494/2048*1.25) -> 13.118896 | S35: =IFS(N35="B",Q35/M35/100*249945/R35/V35/U35 *W35,N35="C",Q35/M35/100*249945/R35/V35/U35 ) -> 385.64996 | T35: 9.0.0.8 | U35: 1 | V35: 1.15 | W35: =6580/5320 -> 1.2368421 | X35: =S35/K35 -> 1.0278626 | Y35: =(S35-K35)*M35*U35*V35*J35/(249945/845) -> 0.61981272
B36: Bow | C36: Leviathan's Breath | D36: 16620 | E36: 7674 body, 12262 impact, 984 splash | G36: S | H36: =16620+12262+984 -> 29866 | I36: 1 | J36: =IFS(G36="S",21494/2048*1.25,G36="C",1.25*2*1.22,OR(G36="R",G36="T"),1.25*1.22) -> 13.118896 | K36: =H36/I36/J36/V36/U36 -> 2069.6031 | L36: S | M36: 3 | N36: C | O36: 90.023753 | P36: 54.15677 | Q36: =O36-P36 -> 35.866983 | R36: =IFS(L36="S",21494/2048*1.25) -> 13.118896 | S36: =IFS(N36="B",Q36/M36/100*249945/R36/V36/U36 *W36,N36="C",Q36/M36/100*249945/R36/V36/U36 ) -> 2070.7518 | T36: 9.1.0.2 | U36: 1 | V36: 1.1 | W36: =(16620+12262+984)/(7674+16620+984) -> 1.1815017 | X36: =S36/K36 -> 1.000555 | Y36: =(S36-K36)*M36*U36*V36*J36/(249945/845) -> 0.16812662
B37: Bow | C37: Lightweight frame | D37: 2997 | E37: 1876 body, 1506 seeker | G37: S | H37: 2997 | I37: 1 | J37: =IFS(G37="S",21494/2048*1.25,G37="C",1.25*2*1.22,OR(G37="R",G37="T"),1.25*1.22) -> 13.118896 | K37: =H37/I37/J37/V37/U37 -> 198.65139 | L37: S | M37: 5 | N37: C | O37: 90.023753 | P37: 83.966746 | Q37: =O37-P37 -> 6.057007 | R37: =IFS(L37="S",21494/2048*1.25) -> 13.118896 | S37: =IFS(N37="B",Q37/M37/100*249945/R37/V37/U37 *W37,N37="C",Q37/M37/100*249945/R37/V37/U37 ) -> 200.69538 | T37: 9.0.0.8 | U37: 1 | V37: 1.15 | W37: =2997/1876 -> 1.597548 | X37: =S37/K37 -> 1.0102894 | Y37: =(S37-K37)*M37*U37*V37*J37/(249945/845) -> 0.52126385
B38: Bow | C38: Precision frame | D38: 3071 | E38: 2356 body, 1506 seeker | G38: S | H38: 3071 | I38: 1 | J38: =IFS(G38="S",21494/2048*1.25,G38="C",1.25*2*1.22,OR(G38="R",G38="T"),1.25*1.22) -> 13.118896 | K38: =H38/I38/J38/V38/U38 -> 203.55636 | L38: S | M38: 5 | N38: C | O38: 90.023753 | P38: 83.847981 | Q38: =O38-P38 -> 6.175772 | R38: =IFS(L38="S",21494/2048*1.25) -> 13.118896 | S38: =IFS(N38="B",Q38/M38/100*249945/R38/V38/U38 *W38,N38="C",Q38/M38/100*249945/R38/V38/U38 ) -> 204.63059 | T38: 9.0.0.8 | U38: 1 | V38: 1.15 | W38: =3071/2356 -> 1.3034805 | X38: =S38/K38 -> 1.0052773 | Y38: =(S38-K38)*M38*U38*V38*J38/(249945/845) -> 0.27395291
B39: Bow | C39: Ticuu's Divination | D39: 4076 | E39: 2997 impact, 188 mark, 1506 seeker | F39: average - alternating modes, 0 stacks | G39: S | H39: =188*3+2997+4076 -> 7637 | I39: 2 | J39: =IFS(G39="S",21494/2048*1.25,G39="C",1.25*2*1.22,OR(G39="R",G39="T"),1.25*1.22) -> 13.118896 | K39: =H39/I39/J39/V39/U39 -> 253.10321 | L39: S | M39: 2 | N39: C | O39: 90.023753 | P39: 86.935867 | Q39: =O39-P39 -> 3.087886 | R39: =IFS(L39="S",21494/2048*1.25) -> 13.118896 | S39: =IFS(N39="B",Q39/M39/100*249945/R39/V39/U39 *W39,N39="C",Q39/M39/100*249945/R39/V39/U39 ) -> 255.78824 | T39: 9.0.0.8 | U39: 1 | V39: 1.15 | W39: =5616/3374 -> 1.6644932 | X39: =S39/K39 -> 1.0106084 | Y39: =(S39-K39)*M39*U39*V39*J39/(249945/845) -> 0.27389658
B40: Bow | C40: Ticuu's Divination | D40: 4076 | E40: 5616 impact, 3374 body, 341 mark | F40: average - alternating modes, 6 stacks | G40: S | H40: =341*3+5616+4076 -> 10715 | I40: 2 | J40: =IFS(G40="S",21494/2048*1.25,G40="C",1.25*2*1.22,OR(G40="R",G40="T"),1.25*1.22) -> 13.118896 | K40: =H40/I40/J40/V40/U40 -> 355.11338 | L40: S | M40: 2 | N40: C | O40: 69.35867 | P40: 64.964371 | Q40: =O40-P40 -> 4.394299 | R40: =IFS(L40="S",21494/2048*1.25) -> 13.118896 | S40: =IFS(N40="B",Q40/M40/100*249945/R40/V40/U40 *W40,N40="C",Q40/M40/100*249945/R40/V40/U40 ) -> 364.00631 | T40: 9.0.0.8 | U40: 1 | V40: 1.15 | W40: =5616/3374 -> 1.6644932 | X40: =S40/K40 -> 1.0250425 | Y40: =(S40-K40)*M40*U40*V40*J40/(249945/845) -> 0.90715712
B41: Bow | C41: Trinity Ghoul | D41: 1044 | E41: 801 body, 1506 seeker | G41: S | H41: =1044*3 -> 3132 | I41: 1 | J41: =IFS(G41="S",21494/2048*1.25,G41="C",1.25*2*1.22,OR(G41="R",G41="T"),1.25*1.22) -> 13.118896 | K41: =H41/I41/J41/V41/U41 -> 207.59965 | L41: S | M41: 5 | N41: C | O41: 90.023753 | P41: 83.729216 | Q41: =O41-P41 -> 6.294537 | R41: =IFS(L41="S",21494/2048*1.25) -> 13.118896 | S41: =IFS(N41="B",Q41/M41/100*249945/R41/V41/U41 *W41,N41="C",Q41/M41/100*249945/R41/V41/U41 ) -> 208.5658 | T41: 9.0.0.8 | U41: 1 | V41: 1.15 | W41: =1044/801 -> 1.3033708 | X41: =S41/K41 -> 1.0046539 | Y41: =(S41-K41)*M41*U41*V41*J41/(249945/845) -> 0.24639031
B42: Bow | C42: Verglas Curve | D42: 2997 | E42: 1876 body, 1506 seeker | G42: S | H42: 2997 | I42: 1 | J42: =IFS(G42="S",21494/2048*1.25,G42="C",1.25*2*1.22,OR(G42="R",G42="T"),1.25*1.22) -> 13.118896 | K42: =H42/I42/J42/V42/U42 -> 198.65139 | L42: S | M42: 6 | N42: C | O42: 90.023753 | P42: 82.779097 | Q42: =O42-P42 -> 7.244656 | R42: =IFS(L42="S",21494/2048*1.25) -> 13.118896 | S42: =IFS(N42="B",Q42/M42/100*249945/R42/V42/U42 *W42,N42="C",Q42/M42/100*249945/R42/V42/U42 ) -> 200.03953 | T42: 9.0.0.8 | U42: 1 | V42: 1.15 | W42: =2997/1876 -> 1.597548 | X42: =S42/K42 -> 1.0069878 | Y42: =(S42-K42)*M42*U42*V42*J42/(249945/845) -> 0.42480884
B43: Bow | C43: Wish-Ender | D43: 2688 | E43: 2413 pierce, 1498 body, 1506 seeker blighted: 3359 impact, 3016 pierce | G43: S | H43: =2688+2413*2 -> 7514 | I43: 1 | J43: =IFS(G43="S",21494/2048*1.25,G43="C",1.25*2*1.22,OR(G43="R",G43="T"),1.25*1.22) -> 13.118896 | K43: =H43/I43/J43/V43/U43 -> 498.05356 | L43: S | M43: 1 | N43: C | O43: 90.023753 | P43: 87.054632 | Q43: =O43-P43 -> 2.969121 | R43: =IFS(L43="S",21494/2048*1.25) -> 13.118896 | S43: =IFS(N43="B",Q43/M43/100*249945/R43/V43/U43 *W43,N43="C",Q43/M43/100*249945/R43/V43/U43 ) -> 491.90043 | T43: 9.0.0.8 | U43: 1 | V43: 1.15 | W43: =2688/1498 -> 1.7943925 | X43: =S43/K43 -> 0.98764566 | Y43: =(S43-K43)*M43*U43*V43*J43/(249945/845) -> -0.31383619
B44: Bow | C44: Wish-Keeper | D44: 3376 | E44: 2589 body, 1655 seeker | G44: S | H44: 3376 | I44: 1 | J44: =IFS(G44="S",21494/2048*1.25,G44="C",1.25*2*1.22,OR(G44="R",G44="T"),1.25*1.22) -> 13.118896 | K44: =H44/I44/J44/V44/U44 -> 203.42982 | L44: S | M44: 4 | N44: C | O44: 90.023753 | P44: 84.56057 | Q44: =O44-P44 -> 5.463183 | R44: =IFS(L44="S",21494/2048*1.25) -> 13.118896 | S44: =IFS(N44="B",Q44/M44/100*249945/R44/V44/U44 *W44,N44="C",Q44/M44/100*249945/R44/V44/U44 ) -> 205.70383 | T44: 9.0.0.8 | U44: 1.1 | V44: 1.15 | W44: =3376/2589 -> 1.3039784 | X44: =S44/K44 -> 1.0111784 | Y44: =(S44-K44)*M44*U44*V44*J44/(249945/845) -> 0.51033257
B45: Fusion rifle | C45: Adaptive frame | D45: 1679 | F45: Charge MW, Accelerated Coils | G45: S | H45: =7*1679 -> 11753 | I45: 1 | J45: =IFS(G45="S",21494/2048*1.25,G45="C",1.25*2*1.22,OR(G45="R",G45="T"),1.25*1.22) -> 13.118896 | K45: =H45/I45/J45/V45/U45 -> 779.02894 | L45: S | M45: 5 | N45: B | O45: 90.023753 | P45: 66.508314 | Q45: =O45-P45 -> 23.515439 | R45: =IFS(L45="S",21494/2048*1.25) -> 13.118896 | S45: =IFS(N45="B",Q45/M45/100*249945/R45/V45/U45 *W45,N45="C",Q45/M45/100*249945/R45/V45/U45 ) -> 779.17031 | T45: 9.5.0 | U45: 1 | V45: 1.15 | W45: 1 | X45: =S45/K45 -> 1.0001815 | Y45: =(S45-K45)*M45*U45*V45*J45/(249945/845) -> 0.03605228
B46: Fusion rifle | C46: Aggressive frame | D46: 1045 | F46: Charge MW, Accelerated Coils | G46: S | H46: =12*1045 -> 12540 | I46: 1 | J46: =IFS(G46="S",21494/2048*1.25,G46="C",1.25*2*1.22,OR(G46="R",G46="T"),1.25*1.22) -> 13.118896 | K46: =H46/I46/J46/V46/U46 -> 831.19398 | L46: S | M46: 3 | N46: B | O46: 90.023753 | P46: 74.940618 | Q46: =O46-P46 -> 15.083135 | R46: =IFS(L46="S",21494/2048*1.25) -> 13.118896 | S46: =IFS(N46="B",Q46/M46/100*249945/R46/V46/U46 *W46,N46="C",Q46/M46/100*249945/R46/V46/U46 ) -> 832.95142 | T46: 9.5.0 | U46: 1 | V46: 1.15 | W46: 1 | X46: =S46/K46 -> 1.0021143 | Y46: =(S46-K46)*M46*U46*V46*J46/(249945/845) -> 0.26891036
B47: Fusion rifle | C47: Bastion | D47: 6561 | E47: 9488 Fury | G47: S | H47: =6561*3 -> 19683 | I47: 1 | J47: =IFS(G47="S",21494/2048*1.25,G47="C",1.25*2*1.22,OR(G47="R",G47="T"),1.25*1.22) -> 13.118896 | K47: =H47/I47/J47/V47/U47 -> 1304.6564 | L47: S | M47: 2 | N47: B | O47: 90.023753 | P47: 74.228029 | Q47: =O47-P47 -> 15.795724 | R47: =IFS(L47="S",21494/2048*1.25) -> 13.118896 | S47: =IFS(N47="B",Q47/M47/100*249945/R47/V47/U47 *W47,N47="C",Q47/M47/100*249945/R47/V47/U47 ) -> 1308.4552 | T47: 9.1.0.2 | U47: 1 | V47: 1.15 | W47: 1 | X47: =S47/K47 -> 1.0029117 | Y47: =(S47-K47)*M47*U47*V47*J47/(249945/845) -> 0.3875088
B48: Fusion rifle | C48: Delicate Tomb | D48: 619 | F48: ADS | G48: S | H48: =16*619 -> 9904 | I48: 1 | J48: =IFS(G48="S",21494/2048*1.25,G48="C",1.25*2*1.22,OR(G48="R",G48="T"),1.25*1.22) -> 13.118896 | K48: =H48/I48/J48/V48/U48 -> 656.47091 | L48: S | M48: 3 | N48: B | O48: 90.023753 | P48: 84.085511 | Q48: =O48-P48 -> 5.938242 | R48: =IFS(L48="S",21494/2048*1.25) -> 13.118896 | S48: =IFS(N48="B",Q48/M48/100*249945/R48/V48/U48 *W48,N48="C",Q48/M48/100*249945/R48/V48/U48 ) -> 327.93362 | T48: 9.1.0.2 | U48: 1 | V48: 1.15 | W48: 1 | X48: =S48/K48 -> 0.49954022 | Y48: =(S48-K48)*M48*U48*V48*J48/(249945/845) -> -50.270514
B49: Fusion rifle | C49: Delicate Tomb | D49: 742 | F49: hipfire | G49: S | H49: =742*16 -> 11872 | I49: 1 | J49: =IFS(G49="S",21494/2048*1.25,G49="C",1.25*2*1.22,OR(G49="R",G49="T"),1.25*1.22) -> 13.118896 | K49: =H49/I49/J49/V49/U49 -> 786.91666 | L49: / | M49: / | N49: / | O49: / | P49: / | Q49: / | R49: / | S49: / | T49: 9.1.0.2 | U49: 1 | V49: 1.15 | W49: 1 | X49: =53254/108576 -> 0.49047672 | Y49: =(53254-108576)/(1500000/845) -> -31.164727
B50: Fusion rifle | C50: High-impact frame | D50: 3083 | F50: Charge MW, Accelerated Coils | G50: S | H50: =3083*5 -> 15415 | I50: 1 | J50: =IFS(G50="S",21494/2048*1.25,G50="C",1.25*2*1.22,OR(G50="R",G50="T"),1.25*1.22) -> 13.118896 | K50: =H50/I50/J50/V50/U50 -> 1021.7588 | L50: S | M50: 4 | N50: B | O50: 90.023753 | P50: 65.320665 | Q50: =O50-P50 -> 24.703088 | R50: =IFS(L50="S",21494/2048*1.25) -> 13.118896 | S50: =IFS(N50="B",Q50/M50/100*249945/R50/V50/U50 *W50,N50="C",Q50/M50/100*249945/R50/V50/U50 ) -> 1023.153 | T50: 9.5.0 | U50: 1 | V50: 1.15 | W50: 1 | X50: =S50/K50 -> 1.0013645 | Y50: =(S50-K50)*M50*U50*V50*J50/(249945/845) -> 0.28443313
B51: Fusion rifle | C51: Jötunn | D51: 8737 | E51: 2474 secondary, 421 scorch | F51: average - successive shots | G51: S | H51: =(8737*5+2474*5+421*16)/5 -> 12558.2 | I51: 1 | J51: =IFS(G51="S",21494/2048*1.25,G51="C",1.25*2*1.22,OR(G51="R",G51="T"),1.25*1.22) -> 13.118896 | K51: =H51/I51/J51/V51/U51 -> 832.40034 | L51: S | M51: 5 | N51: B | O51: 90.023753 | P51: 64.845606 | Q51: =O51-P51 -> 25.178147 | R51: =IFS(L51="S",21494/2048*1.25) -> 13.118896 | S51: =IFS(N51="B",Q51/M51/100*249945/R51/V51/U51 *W51,N51="C",Q51/M51/100*249945/R51/V51/U51 ) -> 834.26316 | T51: 9.1.0.2 | U51: 1 | V51: 1.15 | W51: 1 | X51: =S51/K51 -> 1.0022379 | Y51: =(S51-K51)*M51*U51*V51*J51/(249945/845) -> 0.47506049
B52: Fusion rifle | C52: Merciless | D52: 2975 | E52: check Wipe column | F52: Conserve Momentum x0, full mag | G52: S | H52: =2975+2955+2936+2916+2896+2877+2857+2837+2817+2798+2778+2758+2738+2719+2699+2679*25 -> 109531 | I52: 1 | J52: =IFS(G52="S",21494/2048*1.25,G52="C",1.25*2*1.22,OR(G52="R",G52="T"),1.25*1.22) -> 13.118896 | K52: =H52/I52/J52/V52/U52 -> 7260.0884 | L52: S | M52: 1 | N52: B | O52: 90.023753 | P52: 46.199525 | Q52: =O52-P52 -> 43.824228 | R52: =IFS(L52="S",21494/2048*1.25) -> 13.118896 | S52: =IFS(N52="B",Q52/M52/100*249945/R52/V52/U52 *W52,N52="C",Q52/M52/100*249945/R52/V52/U52 ) -> 7260.4507 | T52: 9.1.0.2 | U52: 1 | V52: 1.15 | W52: 1 | X52: =S52/K52 -> 1.0000499 | Y52: =(S52-K52)*M52*U52*V52*J52/(249945/845) -> 0.018481426
B53: Fusion rifle | C53: Merciless | D53: 2679 | F53: Conserve Momentum x15, full mag | G53: S | H53: =2679*8*5 -> 107160 | I53: 1 | J53: =IFS(G53="S",21494/2048*1.25,G53="C",1.25*2*1.22,OR(G53="R",G53="T"),1.25*1.22) -> 13.118896 | K53: =H53/I53/J53/V53/U53 -> 7102.9304 | L53: S | M53: 1 | N53: B | O53: 72.921615 | P53: 30.047506 | Q53: =O53-P53 -> 42.874109 | R53: =IFS(L53="S",21494/2048*1.25) -> 13.118896 | S53: =IFS(N53="B",Q53/M53/100*249945/R53/V53/U53 *W53,N53="C",Q53/M53/100*249945/R53/V53/U53 ) -> 7103.0425 | T53: 9.1.0.2 | U53: 1 | V53: 1.15 | W53: 1 | X53: =S53/K53 -> 1.0000158 | Y53: =(S53-K53)*M53*U53*V53*J53/(249945/845) -> 0.0057193396
B54: Fusion rifle | C54: One Thousand Voices | D54: 12230 | E54: 2775 explosion, 214 impact, 344 scorch | F54: average | G54: S | H54: =10*214+9*2775+12230/2+344 -> 33574 | I54: 1 | J54: =IFS(G54="S",21494/2048*1.25,G54="C",1.25*2*1.22,OR(G54="R",G54="T"),1.25*1.22) -> 13.118896 | K54: =H54/I54/J54/V54/U54 -> 2326.5538 | L54: / | M54: / | N54: / | O54: / | P54: / | Q54: / | R54: / | S54: / | T54: 9.1.0.2 | U54: 1 | V54: 1.1 | W54: 1 | X54: =92308/81048 -> 1.13893 | Y54: =(92308-81048)/(1500000/845) -> 6.3431333
B55: Fusion rifle | C55: One Thousand Voices | D55: 12230 | E55: 2775 explosion, 214 impact | F55: average - Ember of Ashes | G55: S | H55: =10*214+9*2775+12230 -> 39345 | I55: 1 | J55: =IFS(G55="S",21494/2048*1.25,G55="C",1.25*2*1.22,OR(G55="R",G55="T"),1.25*1.22) -> 13.118896 | K55: =H55/I55/J55/V55/U55 -> 2726.4627 | L55: / | M55: / | N55: / | O55: / | P55: / | Q55: / | R55: / | S55: / | T55: 9.1.0.2 | U55: 1 | V55: 1.1 | W55: 1 | X55: =122485/105753 -> 1.1582177 | Y55: =(122485-105753)/(1500000/845) -> 9.4256933
B56: Fusion rifle | C56: Precision frame | D56: 1741 | F56: Charge MW, Accelerated Coils | G56: S | H56: =1741*7 -> 12187 | I56: 1 | J56: =IFS(G56="S",21494/2048*1.25,G56="C",1.25*2*1.22,OR(G56="R",G56="T"),1.25*1.22) -> 13.118896 | K56: =H56/I56/J56/V56/U56 -> 807.79594 | L56: S | M56: 5 | N56: B | O56: 90.023753 | P56: 65.558195 | Q56: =O56-P56 -> 24.465558 | R56: =IFS(L56="S",21494/2048*1.25) -> 13.118896 | S56: =IFS(N56="B",Q56/M56/100*249945/R56/V56/U56 *W56,N56="C",Q56/M56/100*249945/R56/V56/U56 ) -> 810.65194 | T56: 9.5.0 | U56: 1 | V56: 1.15 | W56: 1 | X56: =S56/K56 -> 1.0035356 | Y56: =(S56-K56)*M56*U56*V56*J56/(249945/845) -> 0.72834386
B57: Fusion rifle | C57: Rapid-fire frame | D57: 1188 | F57: Charge MW, Accelerated Coils | G57: S | H57: =1188*9 -> 10692 | I57: 1 | J57: =IFS(G57="S",21494/2048*1.25,G57="C",1.25*2*1.22,OR(G57="R",G57="T"),1.25*1.22) -> 13.118896 | K57: =H57/I57/J57/V57/U57 -> 708.70224 | L57: S | M57: 5 | N57: B | O57: 90.023753 | P57: 68.646081 | Q57: =O57-P57 -> 21.377672 | R57: =IFS(L57="S",21494/2048*1.25) -> 13.118896 | S57: =IFS(N57="B",Q57/M57/100*249945/R57/V57/U57 *W57,N57="C",Q57/M57/100*249945/R57/V57/U57 ) -> 708.33665 | T57: 9.5.0 | U57: 1 | V57: 1.15 | W57: 1 | X57: =S57/K57 -> 0.99948414 | Y57: =(S57-K57)*M57*U57*V57*J57/(249945/845) -> -0.093233204
B58: Fusion rifle | C58: Telesto | D58: 2172 | E58: 58 impact | G58: S | H58: =2172*7+58*7 -> 15610 | I58: 1 | J58: =IFS(G58="S",21494/2048*1.25,G58="C",1.25*2*1.22,OR(G58="R",G58="T"),1.25*1.22) -> 13.118896 | K58: =H58/I58/J58/V58/U58 -> 1034.6841 | L58: S | M58: 4 | N58: B | O58: 90.023753 | P58: 64.964371 | Q58: =O58-P58 -> 25.059382 | R58: =IFS(L58="S",21494/2048*1.25) -> 13.118896 | S58: =IFS(N58="B",Q58/M58/100*249945/R58/V58/U58 *W58,N58="C",Q58/M58/100*249945/R58/V58/U58 ) -> 1037.9099 | T58: 9.1.0.2 | U58: 1 | V58: 1.15 | W58: 1 | X58: =S58/K58 -> 1.0031177 | Y58: =(S58-K58)*M58*U58*V58*J58/(249945/845) -> 0.6581373
B59: Fusion rifle | C59: Tessellation | D59: 32718 | E59: 2026 impact, 1732 secondary | F59: Property: Irreducible | G59: S | H59: =32718+2026+1732 -> 36476 | I59: 1 | J59: =IFS(G59="S",21494/2048*1.25,G59="C",1.25*2*1.22,OR(G59="R",G59="T"),1.25*1.22) -> 13.118896 | K59: =H59/I59/J59/V59/U59 -> 2417.7537 | L59: S | M59: 1 | N59: B | O59: 90.023753 | P59: 75.415677 | Q59: =O59-P59 -> 14.608076 | R59: =IFS(L59="S",21494/2048*1.25) -> 13.118896 | S59: =IFS(N59="B",Q59/M59/100*249945/R59/V59/U59 *W59,N59="C",Q59/M59/100*249945/R59/V59/U59 ) -> 2420.1502 | T59: 9.1.0.2 | U59: 1 | V59: 1.15 | W59: 1 | X59: =S59/K59 -> 1.0009912 | Y59: =(S59-K59)*M59*U59*V59*J59/(249945/845) -> 0.12223268
B60: Fusion rifle | C60: Tessellation | D60: 34365 | E60: 1855 impact, 1528 secondary | F60: Property: Irreducible, Transcendent | G60: S | H60: =34365+1855+1528 -> 37748 | I60: 1 | J60: =21494/2048 -> 10.495117 | K60: =H60/I60/J60/V60/U60 -> 3127.5828 | L60: S | M60: 1 | N60: B | O60: 90.023753 | P60: 74.940618 | Q60: =O60-P60 -> 15.083135 | R60: =21494/2048 -> 10.495117 | S60: =IFS(N60="B",Q60/M60/100*249945/R60/V60/U60 *W60,N60="C",Q60/M60/100*249945/R60/V60/U60 ) -> 3123.5678 | T60: 9.1.0.2 | U60: 1 | V60: 1.15 | W60: 1 | X60: =S60/K60 -> 0.99871627 | Y60: =(S60-K60)*M60*U60*V60*J60/(249945/845) -> -0.16382484
B61: Fusion rifle | C61: Tessellation | D61: 1650 | G61: S | H61: =7*1650 -> 11550 | I61: 1 | J61: =IFS(G61="S",21494/2048*1.25,G61="C",1.25*2*1.22,OR(G61="R",G61="T"),1.25*1.22) -> 13.118896 | K61: =H61/I61/J61/V61/U61 -> 765.57341 | L61: S | M61: 4 | N61: B | O61: 90.023753 | P61: 71.496437 | Q61: =O61-P61 -> 18.527316 | R61: =IFS(L61="S",21494/2048*1.25) -> 13.118896 | S61: =IFS(N61="B",Q61/M61/100*249945/R61/V61/U61 *W61,N61="C",Q61/M61/100*249945/R61/V61/U61 ) -> 767.36471 | T61: 9.1.0.2 | U61: 1 | V61: 1.15 | W61: 1 | X61: =S61/K61 -> 1.0023398 | Y61: =(S61-K61)*M61*U61*V61*J61/(249945/845) -> 0.36545832
B62: Fusion rifle | C62: Vex Mythoclast | D62: 18296 | E62: 5707 body | F62: Temporal Unlimiter | G62: S | H62: 18296 | I62: 1 | J62: =IFS(G62="S",21494/2048*1.25,G62="C",1.25*2*1.22,OR(G62="R",G62="T"),1.25*1.22) -> 13.118896 | K62: =H62/I62/J62/V62/U62 -> 1212.7213 | L62: S | M62: 2 | N62: C | O62: 87.767221 | P62: 73.04038 | Q62: =O62-P62 -> 14.726841 | R62: =IFS(L62="S",21494/2048*1.25) -> 13.118896 | S62: =IFS(N62="B",Q62/M62/100*249945/R62/V62/U62 *W62,N62="C",Q62/M62/100*249945/R62/V62/U62 ) -> 1219.9131 | T62: 9.1.0.2 | U62: 1 | V62: 1.15 | W62: =18296/5707 -> 3.2058875 | X62: =S62/K62 -> 1.0059303 | Y62: =(S62-K62)*M62*U62*V62*J62/(249945/845) -> 0.73363065
B63: Fusion rifle | C63: Vex Mythoclast | D63: 1463 | E63: 816 body | G63: S | H63: 1463 | I63: 1 | J63: =IFS(G63="S",21494/2048*1.25,G63="C",1.25*2*1.22,OR(G63="R",G63="T"),1.25*1.22) -> 13.118896 | K63: =H63/I63/J63/V63/U63 -> 96.972631 | L63: S | M63: 33 | N63: B | O63: 90.023753 | P63: 79.216152 | Q63: =O63-P63 -> 10.807601 | R63: =IFS(L63="S",21494/2048*1.25) -> 13.118896 | S63: =IFS(N63="B",Q63/M63/100*249945/R63/V63/U63 *W63,N63="C",Q63/M63/100*249945/R63/V63/U63 ) -> 97.278942 | T63: 9.1.0.2 | U63: 1 | V63: 1.15 | W63: =1463/816 -> 1.7928922 | X63: =S63/K63 -> 1.0031587 | Y63: =(S63-K63)*M63*U63*V63*J63/(249945/845) -> 0.51556476
B64: Glaive | C64: Adaptive frame | D64: 6932 | F64: projectile | G64: S | H64: 6932 | I64: 1 | J64: =IFS(G64="S",21494/2048*1.25,G64="C",1.25*2*1.22,OR(G64="R",G64="T"),1.25*1.22) -> 13.118896 | K64: =H64/I64/J64/V64/U64 -> 459.47661 | L64: S | M64: 6 | N64: B | O64: 90.023753 | P64: 73.27791 | Q64: =O64-P64 -> 16.745843 | R64: =IFS(L64="S",21494/2048*1.25) -> 13.118896 | S64: =IFS(N64="B",Q64/M64/100*249945/R64/V64/U64 *W64,N64="C",Q64/M64/100*249945/R64/V64/U64 ) -> 462.38642 | T64: 9.0.0.8 | U64: 1 | V64: 1.15 | W64: 1 | X64: =S64/K64 -> 1.0063329 | Y64: =(S64-K64)*M64*U64*V64*J64/(249945/845) -> 0.89047873
B65: Glaive | C65: Aggressive frame | D65: 7956 | F65: projectile | G65: S | H65: 7956 | I65: 1 | J65: =IFS(G65="S",21494/2048*1.25,G65="C",1.25*2*1.22,OR(G65="R",G65="T"),1.25*1.22) -> 13.118896 | K65: =H65/I65/J65/V65/U65 -> 527.35082 | L65: S | M65: 7 | N65: B | O65: 90.023753 | P65: 67.814727 | Q65: =O65-P65 -> 22.209026 | R65: =IFS(L65="S",21494/2048*1.25) -> 13.118896 | S65: =IFS(N65="B",Q65/M65/100*249945/R65/V65/U65 *W65,N65="C",Q65/M65/100*249945/R65/V65/U65 ) -> 525.63077 | T65: 9.0.0.8 | U65: 1 | V65: 1.15 | W65: 1 | X65: =S65/K65 -> 0.99673831 | Y65: =(S65-K65)*M65*U65*V65*J65/(249945/845) -> -0.61411198
B66: Glaive | C66: Edge of Action | F66: projectile | G66: S | H66: 6932 | I66: 1 | J66: =IFS(G66="S",21494/2048*1.25,G66="C",1.25*2*1.22,OR(G66="R",G66="T"),1.25*1.22) -> 13.118896 | K66: =H66/I66/J66/V66/U66 -> 459.47661 | L66: S | M66: 6 | N66: B | O66: 90.023753 | P66: 73.27791 | Q66: =O66-P66 -> 16.745843 | R66: =IFS(L66="S",21494/2048*1.25) -> 13.118896 | S66: =IFS(N66="B",Q66/M66/100*249945/R66/V66/U66 *W66,N66="C",Q66/M66/100*249945/R66/V66/U66 ) -> 462.38642 | T66: 9.1.0.2 | U66: 1 | V66: 1.15 | W66: 1 | X66: =S66/K66 -> 1.0063329 | Y66: =(S66-K66)*M66*U66*V66*J66/(249945/845) -> 0.89047873
B67: Glaive | C67: Edge of Concurrence | D67: 5459 | E67: 1040 jolt | F67: average - projectile, with jolt | G67: S | H67: =(5459*13+1040*5)/13 -> 5859 | I67: 1 | J67: =IFS(G67="S",21494/2048*1.25,G67="C",1.25*2*1.22,OR(G67="R",G67="T"),1.25*1.22) -> 13.118896 | K67: =H67/I67/J67/V67/U67 -> 388.35451 | L67: S | M67: 13 | N67: B | O67: 90.023753 | P67: 59.501188 | Q67: =O67-P67 -> 30.522565 | R67: =IFS(L67="S",21494/2048*1.25) -> 13.118896 | S67: =IFS(N67="B",Q67/M67/100*249945/R67/V67/U67 *W67,N67="C",Q67/M67/100*249945/R67/V67/U67 ) -> 388.97974 | T67: 9.1.0.2 | U67: 1 | V67: 1.15 | W67: 1 | X67: =S67/K67 -> 1.0016099 | Y67: =(S67-K67)*M67*U67*V67*J67/(249945/845) -> 0.41456401
B68: Glaive | C68: Edge of Concurrence | D68: 19567 | E68: 55 impact | F68: Lightning Seeker | G68: S | H68: =19567+55 -> 19622 | I68: 1 | J68: =IFS(G68="S",21494/2048*1.25,G68="C",1.25*2*1.22,OR(G68="R",G68="T"),1.25*1.22) -> 13.118896 | K68: =H68/I68/J68/V68/U68 -> 1300.6131 | L68: S | M68: 2 | N68: B | O68: 87.054632 | P68: 71.377672 | Q68: =O68-P68 -> 15.67696 | R68: =IFS(L68="S",21494/2048*1.25) -> 13.118896 | S68: =IFS(N68="B",Q68/M68/100*249945/R68/V68/U68 *W68,N68="C",Q68/M68/100*249945/R68/V68/U68 ) -> 1298.6172 | T68: 9.1.0.2 | U68: 1 | V68: 1.15 | W68: 1 | X68: =S68/K68 -> 0.99846544 | Y68: =(S68-K68)*M68*U68*V68*J68/(249945/845) -> -0.20359626
B69: Glaive | C69: Edge of Intent | D69: 7956 | F69: projectile | G69: S | H69: 7956 | I69: 1 | J69: =IFS(G69="S",21494/2048*1.25,G69="C",1.25*2*1.22,OR(G69="R",G69="T"),1.25*1.22) -> 13.118896 | K69: =H69/I69/J69/V69/U69 -> 527.35082 | L69: S | M69: 10 | N69: B | O69: 90.023753 | P69: 58.194774 | Q69: =O69-P69 -> 31.828979 | R69: =IFS(L69="S",21494/2048*1.25) -> 13.118896 | S69: =IFS(N69="B",Q69/M69/100*249945/R69/V69/U69 *W69,N69="C",Q69/M69/100*249945/R69/V69/U69 ) -> 527.31729 | T69: 9.1.0.2 | U69: 1 | V69: 1.15 | W69: 1 | X69: =S69/K69 -> 0.99993642 | Y69: =(S69-K69)*M69*U69*V69*J69/(249945/845) -> -0.017101284
B70: Glaive | C70: Rapid-fire frame | D70: 5459 | F70: projectile | G70: S | H70: 5459 | I70: 1 | J70: =IFS(G70="S",21494/2048*1.25,G70="C",1.25*2*1.22,OR(G70="R",G70="T"),1.25*1.22) -> 13.118896 | K70: =H70/I70/J70/V70/U70 -> 361.84114 | L70: S | M70: 7 | N70: B | O70: 90.023753 | P70: 74.703088 | Q70: =O70-P70 -> 15.320665 | R70: =IFS(L70="S",21494/2048*1.25) -> 13.118896 | S70: =IFS(N70="B",Q70/M70/100*249945/R70/V70/U70 *W70,N70="C",Q70/M70/100*249945/R70/V70/U70 ) -> 362.60091 | T70: 9.0.0.8 | U70: 1 | V70: 1.15 | W70: 1 | X70: =S70/K70 -> 1.0020997 | Y70: =(S70-K70)*M70*U70*V70*J70/(249945/845) -> 0.27125781
B71: Glaive | C71: Vexcalibur | D71: 1489 | F71: projectile | G71: S | H71: =1489*5 -> 7445 | I71: 1 | J71: =IFS(G71="S",21494/2048*1.25,G71="C",1.25*2*1.22,OR(G71="R",G71="T"),1.25*1.22) -> 13.118896 | K71: =H71/I71/J71/V71/U71 -> 493.48 | L71: S | M71: 7 | N71: B | O71: 90.023753 | P71: 69.12114 | Q71: =O71-P71 -> 20.902613 | R71: =IFS(L71="S",21494/2048*1.25) -> 13.118896 | S71: =IFS(N71="B",Q71/M71/100*249945/R71/V71/U71 *W71,N71="C",Q71/M71/100*249945/R71/V71/U71 ) -> 494.71132 | T71: 9.1.0.2 | U71: 1 | V71: 1.15 | W71: 1 | X71: =S71/K71 -> 1.0024952 | Y71: =(S71-K71)*M71*U71*V71*J71/(249945/845) -> 0.43961861
B72: Glaive | C72: Winterbite | D72: 20358 | E72: 3781/858 shatter | F72: average - projectile, with shatter | G72: S | H72: =20358+3781+858 -> 24997 | I72: 1 | J72: =IFS(G72="S",21494/2048*1.25,G72="C",1.25*2*1.22,OR(G72="R",G72="T"),1.25*1.22) -> 13.118896 | K72: =H72/I72/J72/V72/U72 -> 1574.7268 | L72: S | M72: 2 | N72: B | O72: 71.852732 | P72: 51.781473 | Q72: =O72-P72 -> 20.071259 | R72: =IFS(L72="S",21494/2048*1.25) -> 13.118896 | S72: =IFS(N72="B",Q72/M72/100*249945/R72/V72/U72 *W72,N72="C",Q72/M72/100*249945/R72/V72/U72 ) -> 1580.1794 | T72: 9.1.0.2 | U72: 1.1 | V72: 1.1 | W72: 1 | X72: =S72/K72 -> 1.0034626 | Y72: =(S72-K72)*M72*U72*V72*J72/(249945/845) -> 0.58523483
B73: Grenade launcher | C73: Adaptive frame | D73: 7668 | E73: 3086 impact | F73: Spike Grenades | G73: S | H73: =7668+3086 -> 10754 | I73: 1 | J73: =IFS(G73="S",21494/2048*1.25,G73="C",1.25*2*1.22,OR(G73="R",G73="T"),1.25*1.22) -> 13.118896 | K73: =H73/I73/J73/V73/U73 -> 745.21235 | L73: S | M73: 7 | N73: B | O73: 90.023753 | P73: 59.857482 | Q73: =O73-P73 -> 30.166271 | R73: =IFS(L73="S",21494/2048*1.25) -> 13.118896 | S73: =IFS(N73="B",Q73/M73/100*249945/R73/V73/U73 *W73,N73="C",Q73/M73/100*249945/R73/V73/U73 ) -> 746.41103 | T73: 9.0.0.8 | U73: 1 | V73: 1.1 | W73: 1 | X73: =S73/K73 -> 1.0016085 | Y73: =(S73-K73)*M73*U73*V73*J73/(249945/845) -> 0.40936091
B74: Grenade launcher | C74: Adaptive frame | D74: 13756 | E74: 1927 impact | F74: Spike Grenades, Explosive Light | G74: S | H74: =13756+1927 -> 15683 | I74: 1 | J74: =IFS(G74="S",21494/2048*1.25,G74="C",1.25*2*1.22,OR(G74="R",G74="T"),1.25*1.22) -> 13.118896 | K74: =H74/I74/J74/V74/U74 -> 1086.7738 | L74: S | M74: 7 | N74: B | O74: 73.752969 | P74: 29.691211 | Q74: =O74-P74 -> 44.061758 | R74: =IFS(L74="S",21494/2048*1.25) -> 13.118896 | S74: =IFS(N74="B",Q74/M74/100*249945/R74/V74/U74 *W74,N74="C",Q74/M74/100*249945/R74/V74/U74 ) -> 1090.2303 | T74: 9.0.0.8 | U74: 1 | V74: 1.1 | W74: 1 | X74: =S74/K74 -> 1.0031805 | Y74: =(S74-K74)*M74*U74*V74*J74/(249945/845) -> 1.180424
B75: Grenade launcher | C75: Adaptive frame | D75: 9968 | E75: 412 impact | F75: Sticky Grenades | G75: S | H75: =9968+412 -> 10380 | I75: 1 | J75: =IFS(G75="S",21494/2048*1.25,G75="C",1.25*2*1.22,OR(G75="R",G75="T"),1.25*1.22) -> 13.118896 | K75: =H75/I75/J75/V75/U75 -> 719.29553 | L75: S | M75: 6 | N75: B | O75: 90.023753 | P75: 64.964371 | Q75: =O75-P75 -> 25.059382 | R75: =IFS(L75="S",21494/2048*1.25) -> 13.118896 | S75: =IFS(N75="B",Q75/M75/100*249945/R75/V75/U75 *W75,N75="C",Q75/M75/100*249945/R75/V75/U75 ) -> 723.39178 | T75: 9.0.0.8 | U75: 1 | V75: 1.1 | W75: 1 | X75: =S75/K75 -> 1.0056948 | Y75: =(S75-K75)*M75*U75*V75*J75/(249945/845) -> 1.1990563
B76: Grenade launcher | C76: Adaptive frame | D76: 17883 | E76: 257 impact | F76: Sticky Grenades, Explosive Light | G76: S | H76: =17883+257 -> 18140 | I76: 1 | J76: =IFS(G76="S",21494/2048*1.25,G76="C",1.25*2*1.22,OR(G76="R",G76="T"),1.25*1.22) -> 13.118896 | K76: =H76/I76/J76/V76/U76 -> 1257.0348 | L76: S | M76: 7 | N76: B | O76: 75.059382 | P76: 24.228029 | Q76: =O76-P76 -> 50.831353 | R76: =IFS(L76="S",21494/2048*1.25) -> 13.118896 | S76: =IFS(N76="B",Q76/M76/100*249945/R76/V76/U76 *W76,N76="C",Q76/M76/100*249945/R76/V76/U76 ) -> 1257.7319 | T76: 9.0.0.8 | U76: 1 | V76: 1.1 | W76: 1 | X76: =S76/K76 -> 1.0005546 | Y76: =(S76-K76)*M76*U76*V76*J76/(249945/845) -> 0.23808974
B77: Grenade launcher | C77: Adaptive frame | D77: 7633 | E77: 2786 impact | G77: S | H77: =7633+2786 -> 10419 | I77: 1 | J77: =IFS(G77="S",21494/2048*1.25,G77="C",1.25*2*1.22,OR(G77="R",G77="T"),1.25*1.22) -> 13.118896 | K77: =H77/I77/J77/V77/U77 -> 721.99809 | L77: S | M77: 7 | N77: B | O77: 90.023753 | P77: 60.688836 | Q77: =O77-P77 -> 29.334917 | R77: =IFS(L77="S",21494/2048*1.25) -> 13.118896 | S77: =IFS(N77="B",Q77/M77/100*249945/R77/V77/U77 *W77,N77="C",Q77/M77/100*249945/R77/V77/U77 ) -> 725.84065 | T77: 9.0.0.8 | U77: 1 | V77: 1.1 | W77: 1 | X77: =S77/K77 -> 1.0053221 | Y77: =(S77-K77)*M77*U77*V77*J77/(249945/845) -> 1.3122637
B78: Grenade launcher | C78: Alethonym | D78: 6903 | E78: 1462 impact, 1028 tick | F78: average | G78: C | H78: 30411 | I78: 10 | J78: =IFS(G78="S",21494/2048*1.25,G78="C",1.25*2*1.22,OR(G78="R",G78="T"),1.25*1.22) -> 3.05 | K78: =H78/I78/J78/V78/U78 -> 867.0278 | L78: / | M78: / | N78: / | O78: / | P78: / | Q78: / | R78: / | S78: / | T78: 9.1.5.2 | U78: 1 | V78: 1.15 | W78: 1 | X78: =101183/102075 -> 0.99126133 | Y78: =(101183-102075)/(1500000/845) -> -0.50249333
B79: Grenade launcher | C79: Anarchy | D79: 2764 | E79: 274 impact, 1382 single DoT 851/983/1329 trap explosion | F79: average - per trap, double stick | G79: S | H79: =1382*2+274*2+2764*19+983+1382+1329+851 -> 60373 | I79: 2 | J79: =IFS(G79="S",21494/2048*1.25,G79="C",1.25*2*1.22,OR(G79="R",G79="T"),1.25*1.22) -> 13.118896 | K79: =H79/I79/J79/V79/U79 -> 2091.8126 | L79: S | M79: 2 | N79: B | O79: 90.023753 | P79: 65.795724 | Q79: =O79-P79 -> 24.228029 | R79: =IFS(L79="S",21494/2048*1.25) -> 13.118896 | S79: =IFS(N79="B",Q79/M79/100*249945/R79/V79/U79 *W79,N79="C",Q79/M79/100*249945/R79/V79/U79 ) -> 2098.1791 | T79: 9.1.0.2 | U79: 1 | V79: 1.1 | W79: 1 | X79: =S79/K79 -> 1.0030435 | Y79: =(S79-K79)*M79*U79*V79*J79/(249945/845) -> 0.62120181
B80: Grenade launcher | C80: Area denial frame | D80: 680 | E80: 265 impact | G80: S | H80: =265*5+680*22 -> 16285 | I80: 1 | J80: =IFS(G80="S",21494/2048*1.25,G80="C",1.25*2*1.22,OR(G80="R",G80="T"),1.25*1.22) -> 13.118896 | K80: =H80/I80/J80/V80/U80 -> 1079.4254 | L80: S | M80: 1 | N80: B | O80: 90.023753 | P80: 83.372922 | Q80: =O80-P80 -> 6.650831 | R80: =IFS(L80="S",21494/2048*1.25) -> 13.118896 | S80: =IFS(N80="B",Q80/M80/100*249945/R80/V80/U80 *W80,N80="C",Q80/M80/100*249945/R80/V80/U80 ) -> 1101.857 | T80: 9.0.0.8 | U80: 1 | V80: 1.15 | W80: 1 | X80: =S80/K80 -> 1.0207811 | Y80: =(S80-K80)*M80*U80*V80*J80/(249945/845) -> 1.1441098
B81: Grenade launcher | C81: Compressed wave frame | D81: 10528 | G81: S | H81: 10528 | I81: 1 | J81: =IFS(G81="S",21494/2048*1.25,G81="C",1.25*2*1.22,OR(G81="R",G81="T"),1.25*1.22) -> 13.118896 | K81: =H81/I81/J81/V81/U81 -> 729.55138 | L81: S | M81: 6 | N81: B | O81: 90.023753 | P81: 64.726841 | Q81: =O81-P81 -> 25.296912 | R81: =IFS(L81="S",21494/2048*1.25) -> 13.118896 | S81: =IFS(N81="B",Q81/M81/100*249945/R81/V81/U81 *W81,N81="C",Q81/M81/100*249945/R81/V81/U81 ) -> 730.24858 | T81: 9.0.0.8 | U81: 1 | V81: 1.1 | W81: 1 | X81: =S81/K81 -> 1.0009557 | Y81: =(S81-K81)*M81*U81*V81*J81/(249945/845) -> 0.20408434
B82: Grenade launcher | C82: Dead Messenger | D82: 1540 | G82: C | H82: 23100 | I82: 5 | J82: =IFS(G82="S",21494/2048*1.25,G82="C",1.25*2*1.22,OR(G82="R",G82="T"),1.25*1.22) -> 3.05 | K82: =H82/I82/J82/V82/U82 -> 1317.1775 | L82: / | M82: / | N82: / | O82: / | P82: / | Q82: / | R82: / | S82: / | T82: 9.1.5.2 | U82: 1 | V82: 1.15 | W82: 1 | X82: =81657/78120 -> 1.0452765 | Y82: =(81657-78120)/(1500000/845) -> 1.99251
B83: Grenade launcher | C83: Double fire frame | D83: 2931 | E83: 2918 impact | F83: Implosion Rounds | G83: S | H83: =2918*2+2931*2 -> 11698 | I83: 1 | J83: =IFS(G83="S",21494/2048*1.25,G83="C",1.25*2*1.22,OR(G83="R",G83="T"),1.25*1.22) -> 13.118896 | K83: =H83/I83/J83/V83/U83 -> 775.38335 | L83: S | M83: 2 | N83: B | O83: 85.273159 | P83: 75.890736 | Q83: =O83-P83 -> 9.382423 | R83: =IFS(L83="S",21494/2048*1.25) -> 13.118896 | S83: =IFS(N83="B",Q83/M83/100*249945/R83/V83/U83 *W83,N83="C",Q83/M83/100*249945/R83/V83/U83 ) -> 777.20274 | T83: 9.0.0.8 | U83: 1 | V83: 1.15 | W83: 1 | X83: =S83/K83 -> 1.0023464 | Y83: =(S83-K83)*M83*U83*V83*J83/(249945/845) -> 0.18559326
B84: Grenade launcher | C84: Double fire frame | D84: 3285 | E84: 2628 impact | F84: Spike Grenades | G84: S | H84: =3285*2+2628*2 -> 11826 | I84: 1 | J84: =IFS(G84="S",21494/2048*1.25,G84="C",1.25*2*1.22,OR(G84="R",G84="T"),1.25*1.22) -> 13.118896 | K84: =H84/I84/J84/V84/U84 -> 783.86763 | L84: S | M84: 5 | N84: B | O84: 90.023753 | P84: 66.270784 | Q84: =O84-P84 -> 23.752969 | R84: =IFS(L84="S",21494/2048*1.25) -> 13.118896 | S84: =IFS(N84="B",Q84/M84/100*249945/R84/V84/U84 *W84,N84="C",Q84/M84/100*249945/R84/V84/U84 ) -> 787.04073 | T84: 9.0.0.8 | U84: 1 | V84: 1.15 | W84: 1 | X84: =S84/K84 -> 1.004048 | Y84: =(S84-K84)*M84*U84*V84*J84/(249945/845) -> 0.80920931
B85: Grenade launcher | C85: Ex Diris | D85: 4812 | E85: 4038 secondary, 6794 moth | F85: average - with moth | G85: S | H85: =(2*6794+10*(4038+4812))/10 -> 10208.8 | I85: 1 | J85: =IFS(G85="S",21494/2048*1.25,G85="C",1.25*2*1.22,OR(G85="R",G85="T"),1.25*1.22) -> 13.118896 | K85: =H85/I85/J85/V85/U85 -> 676.67409 | L85: S | M85: 10 | N85: B | O85: 90.023753 | P85: 49.049881 | Q85: =O85-P85 -> 40.973872 | R85: =IFS(L85="S",21494/2048*1.25) -> 13.118896 | S85: =IFS(N85="B",Q85/M85/100*249945/R85/V85/U85 *W85,N85="C",Q85/M85/100*249945/R85/V85/U85 ) -> 678.82263 | T85: 9.1.0.2 | U85: 1 | V85: 1.15 | W85: 1 | X85: =S85/K85 -> 1.0031751 | Y85: =(S85-K85)*M85*U85*V85*J85/(249945/845) -> 1.0958491
B86: Grenade launcher | C86: Fighting Lion | D86: 6645 | E86: 1683 impact, 984 volatile | F86: average - with volatile damage | G86: S | H86: =((6645+1683)*4+984*2)/4 -> 8820 | I86: 1 | J86: =IFS(G86="S",21494/2048*1.25,G86="C",1.25*2*1.22,OR(G86="R",G86="T"),1.25*1.22) -> 13.118896 | K86: =H86/I86/J86/V86/U86 -> 584.61969 | L86: S | M86: 4 | N86: B | O86: 86.698337 | P86: 72.565321 | Q86: =O86-P86 -> 14.133016 | R86: =IFS(L86="S",21494/2048*1.25) -> 13.118896 | S86: =IFS(N86="B",Q86/M86/100*249945/R86/V86/U86 *W86,N86="C",Q86/M86/100*249945/R86/V86/U86 ) -> 585.36152 | T86: 9.1.0.2 | U86: 1 | V86: 1.15 | W86: 1 | X86: =S86/K86 -> 1.0012689 | Y86: =(S86-K86)*M86*U86*V86*J86/(249945/845) -> 0.15134522
B87: Grenade launcher | C87: Lightweight frame | D87: 2646 | E87: 6200 impact | F87: Implosion Rounds | G87: S | H87: =6200+2646 -> 8846 | I87: 1 | J87: =IFS(G87="S",21494/2048*1.25,G87="C",1.25*2*1.22,OR(G87="R",G87="T"),1.25*1.22) -> 13.118896 | K87: =H87/I87/J87/V87/U87 -> 586.34306 | L87: S | M87: 6 | N87: B | O87: 90.023753 | P87: 68.764846 | Q87: =O87-P87 -> 21.258907 | R87: =IFS(L87="S",21494/2048*1.25) -> 13.118896 | S87: =IFS(N87="B",Q87/M87/100*249945/R87/V87/U87 *W87,N87="C",Q87/M87/100*249945/R87/V87/U87 ) -> 587.0012 | T87: 9.0.0.8 | U87: 1 | V87: 1.15 | W87: 1 | X87: =S87/K87 -> 1.0011224 | Y87: =(S87-K87)*M87*U87*V87*J87/(249945/845) -> 0.20140815
B88: Grenade launcher | C88: Lightweight frame | D88: 2646 | E88: 6392 impact | F88: Spike Grenades | G88: S | H88: =6392+2646 -> 9038 | I88: 1 | J88: =IFS(G88="S",21494/2048*1.25,G88="C",1.25*2*1.22,OR(G88="R",G88="T"),1.25*1.22) -> 13.118896 | K88: =H88/I88/J88/V88/U88 -> 599.06948 | L88: S | M88: 6 | N88: B | O88: 90.023753 | P88: 68.289786 | Q88: =O88-P88 -> 21.733967 | R88: =IFS(L88="S",21494/2048*1.25) -> 13.118896 | S88: =IFS(N88="B",Q88/M88/100*249945/R88/V88/U88 *W88,N88="C",Q88/M88/100*249945/R88/V88/U88 ) -> 600.11856 | T88: 9.0.0.8 | U88: 1 | V88: 1.15 | W88: 1 | X88: =S88/K88 -> 1.0017512 | Y88: =(S88-K88)*M88*U88*V88*J88/(249945/845) -> 0.32104834
B89: Grenade launcher | C89: Micro-missile frame | D89: 8439 | E89: 3638 impact | F89: Implosion Rounds | G89: S | H89: =8439+3638 -> 12077 | I89: 1 | J89: =IFS(G89="S",21494/2048*1.25,G89="C",1.25*2*1.22,OR(G89="R",G89="T"),1.25*1.22) -> 13.118896 | K89: =H89/I89/J89/V89/U89 -> 800.50476 | L89: S | M89: 5 | N89: B | O89: 90.023753 | P89: 65.795724 | Q89: =O89-P89 -> 24.228029 | R89: =IFS(L89="S",21494/2048*1.25) -> 13.118896 | S89: =IFS(N89="B",Q89/M89/100*249945/R89/V89/U89 *W89,N89="C",Q89/M89/100*249945/R89/V89/U89 ) -> 802.78156 | T89: 9.0.0.8 | U89: 1 | V89: 1.15 | W89: 1 | X89: =S89/K89 -> 1.0028442 | Y89: =(S89-K89)*M89*U89*V89*J89/(249945/845) -> 0.58063288
B90: Grenade launcher | C90: Micro-missile frame | D90: 8266 | E90: 3781 impact | F90: Spike Grenades | G90: S | H90: =8266+3781 -> 12047 | I90: 1 | J90: =IFS(G90="S",21494/2048*1.25,G90="C",1.25*2*1.22,OR(G90="R",G90="T"),1.25*1.22) -> 13.118896 | K90: =H90/I90/J90/V90/U90 -> 798.51626 | L90: S | M90: 4 | N90: B | O90: 90.023753 | P90: 70.665083 | Q90: =O90-P90 -> 19.35867 | R90: =IFS(L90="S",21494/2048*1.25) -> 13.118896 | S90: =IFS(N90="B",Q90/M90/100*249945/R90/V90/U90 *W90,N90="C",Q90/M90/100*249945/R90/V90/U90 ) -> 801.79775 | T90: 9.0.0.8 | U90: 1 | V90: 1.15 | W90: 1 | X90: =S90/K90 -> 1.0041095 | Y90: =(S90-K90)*M90*U90*V90*J90/(249945/845) -> 0.66948102
B91: Grenade launcher | C91: Parasite | D91: 21494 | E91: 7827 impact | G91: S | H91: =21494+7827 -> 29321 | I91: 1 | J91: =IFS(G91="S",21494/2048*1.25,G91="C",1.25*2*1.22,OR(G91="R",G91="T"),1.25*1.22) -> 13.118896 | K91: =H91/I91/J91/V91/U91 -> 2031.8366 | L91: S | M91: 3 | N91: B | O91: 90.023753 | P91: 54.750954 | Q91: =O91-P91 -> 35.272799 | R91: =IFS(L91="S",21494/2048*1.25) -> 13.118896 | S91: =IFS(N91="B",Q91/M91/100*249945/R91/V91/U91 *W91,N91="C",Q91/M91/100*249945/R91/V91/U91 ) -> 2036.4471 | T91: 9.0.0.7 | U91: 1 | V91: 1.1 | W91: 1 | X91: =S91/K91 -> 1.0022691 | Y91: =(S91-K91)*M91*U91*V91*J91/(249945/845) -> 0.67478787
B92: Grenade launcher | C92: Rapid-fire frame | D92: 6115 | E92: 2781 impact | F92: Augmented Drum | G92: S | H92: =6115+2781 -> 8896 | I92: 1 | J92: =IFS(G92="S",21494/2048*1.25,G92="C",1.25*2*1.22,OR(G92="R",G92="T"),1.25*1.22) -> 13.118896 | K92: =H92/I92/J92/V92/U92 -> 616.45983 | L92: S | M92: 8 | N92: B | O92: 90.023753 | P92: 61.52019 | Q92: =O92-P92 -> 28.503563 | R92: =IFS(L92="S",21494/2048*1.25) -> 13.118896 | S92: =IFS(N92="B",Q92/M92/100*249945/R92/V92/U92 *W92,N92="C",Q92/M92/100*249945/R92/V92/U92 ) -> 617.11148 | T92: 9.0.0.8 | U92: 1 | V92: 1.1 | W92: 1 | X92: =S92/K92 -> 1.0010571 | Y92: =(S92-K92)*M92*U92*V92*J92/(249945/845) -> 0.25433518
B93: Grenade launcher | C93: Rapid-fire frame | D93: 6115 | E93: 3128 impact | F93: Spike Grenades | G93: S | H93: =6115+3128 -> 9243 | I93: 1 | J93: =IFS(G93="S",21494/2048*1.25,G93="C",1.25*2*1.22,OR(G93="R",G93="T"),1.25*1.22) -> 13.118896 | K93: =H93/I93/J93/V93/U93 -> 640.50565 | L93: S | M93: 8 | N93: B | O93: 90.023753 | P93: 60.332542 | Q93: =O93-P93 -> 29.691211 | R93: =IFS(L93="S",21494/2048*1.25) -> 13.118896 | S93: =IFS(N93="B",Q93/M93/100*249945/R93/V93/U93 *W93,N93="C",Q93/M93/100*249945/R93/V93/U93 ) -> 642.82445 | T93: 9.0.0.8 | U93: 1 | V93: 1.1 | W93: 1 | X93: =S93/K93 -> 1.0036203 | Y93: =(S93-K93)*M93*U93*V93*J93/(249945/845) -> 0.90501609
B94: Grenade launcher | C94: Salvation's Grip | D94: 7808 | E94: 2592 impact | G94: S | H94: =7808+2592 -> 10400 | I94: 1 | J94: =IFS(G94="S",21494/2048*1.25,G94="C",1.25*2*1.22,OR(G94="R",G94="T"),1.25*1.22) -> 13.118896 | K94: =H94/I94/J94/V94/U94 -> 720.68146 | L94: S | M94: 5 | N94: B | O94: 90.023753 | P94: 69.12114 | Q94: =O94-P94 -> 20.902613 | R94: =IFS(L94="S",21494/2048*1.25) -> 13.118896 | S94: =IFS(N94="B",Q94/M94/100*249945/R94/V94/U94 *W94,N94="C",Q94/M94/100*249945/R94/V94/U94 ) -> 724.07748 | T94: 9.1.0.2 | U94: 1 | V94: 1.1 | W94: 1 | X94: =S94/K94 -> 1.0047122 | Y94: =(S94-K94)*M94*U94*V94*J94/(249945/845) -> 0.82840414
B95: Grenade launcher | C95: Salvation's Grip | D95: 265 | F95: charged | G95: R | H95: 7975 | I95: 5 | J95: =IFS(G95="S",21494/2048*1.25,G95="C",1.25*2*1.22,OR(G95="R",G95="T"),1.25*1.22) -> 1.525 | K95: =H95/I95/J95/V95/U95 -> 950.81967 | L95: R | M95: 5 | N95: B | O95: 100 | P95: 95.249406 | Q95: =O95-P95 -> 4.750594 | R95: =1.25*1.22 -> 1.525 | S95: =IFS(N95="B",Q95/M95/100*170255/R95/V95/U95 *W95,N95="C",Q95/M95/100*170255/R95/V95/U95 ) -> 964.30686 | T95: 9.1.5.2 | U95: 1 | V95: 1.1 | W95: 1 | X95: =S95/K95 -> 1.0141848 | Y95: =(S95-K95)*M95*U95*V95*J95/(249945/845) -> 0.38244263
B96: Grenade launcher | C96: The Colony | D96: 10317 | E96: 596 impact | F96: direct impact | G96: S | H96: =10317+596 -> 10913 | I96: 1 | J96: =IFS(G96="S",21494/2048*1.25,G96="C",1.25*2*1.22,OR(G96="R",G96="T"),1.25*1.22) -> 13.118896 | K96: =H96/I96/J96/V96/U96 -> 756.23046 | L96: S | M96: 4 | N96: B | O96: 90.023753 | P96: 72.446556 | Q96: =O96-P96 -> 17.577197 | R96: =IFS(L96="S",21494/2048*1.25) -> 13.118896 | S96: =IFS(N96="B",Q96/M96/100*249945/R96/V96/U96 *W96,N96="C",Q96/M96/100*249945/R96/V96/U96 ) -> 761.10415 | T96: 9.1.0.2 | U96: 1 | V96: 1.1 | W96: 1 | X96: =S96/K96 -> 1.0064447 | Y96: =(S96-K96)*M96*U96*V96*J96/(249945/845) -> 0.95108788
B97: Grenade launcher | C97: The Prospector | D97: 6786 | E97: 2036 impact, 1755/71 submunition | F97: average - direct impact, standard target model | G97: S | H97: =6786*6+2036*6+1755*6+71*8 -> 64030 | I97: 6 | J97: =IFS(G97="S",21494/2048*1.25,G97="C",1.25*2*1.22,OR(G97="R",G97="T"),1.25*1.22) -> 13.118896 | K97: =H97/I97/J97/V97/U97 -> 739.50695 | L97: S | M97: 6 | N97: B | O97: 90.023753 | P97: 64.370546 | Q97: =O97-P97 -> 25.653207 | R97: =IFS(L97="S",21494/2048*1.25) -> 13.118896 | S97: =IFS(N97="B",Q97/M97/100*249945/R97/V97/U97 *W97,N97="C",Q97/M97/100*249945/R97/V97/U97 ) -> 740.53379 | T97: 9.1.0.2 | U97: 1 | V97: 1.1 | W97: 1 | X97: =S97/K97 -> 1.0013885 | Y97: =(S97-K97)*M97*U97*V97*J97/(249945/845) -> 0.30057596
B98: Grenade launcher | C98: Wave frame | D98: 6624 | G98: S | H98: 6624 | I98: 1 | J98: =IFS(G98="S",21494/2048*1.25,G98="C",1.25*2*1.22,OR(G98="R",G98="T"),1.25*1.22) -> 13.118896 | K98: =H98/I98/J98/V98/U98 -> 439.06132 | L98: S | M98: 8 | N98: B | O98: 90.023753 | P98: 68.764846 | Q98: =O98-P98 -> 21.258907 | R98: =IFS(L98="S",21494/2048*1.25) -> 13.118896 | S98: =IFS(N98="B",Q98/M98/100*249945/R98/V98/U98 *W98,N98="C",Q98/M98/100*249945/R98/V98/U98 ) -> 440.2509 | T98: 9.0.0.8 | U98: 1 | V98: 1.15 | W98: 1 | X98: =S98/K98 -> 1.0027094 | Y98: =(S98-K98)*M98*U98*V98*J98/(249945/845) -> 0.48539063
B99: Grenade launcher | C99: Witherhoard | D99: 1699 | E99: 511 impact | F99: direct impact | G99: S | H99: =511+1699*17 -> 29394 | I99: 1 | J99: =IFS(G99="S",21494/2048*1.25,G99="C",1.25*2*1.22,OR(G99="R",G99="T"),1.25*1.22) -> 13.118896 | K99: =H99/I99/J99/V99/U99 -> 1948.3346 | L99: S | M99: 1 | N99: B | O99: 90.023753 | P99: 78.147268 | Q99: =O99-P99 -> 11.876485 | R99: =IFS(L99="S",21494/2048*1.25) -> 13.118896 | S99: =IFS(N99="B",Q99/M99/100*249945/R99/V99/U99 *W99,N99="C",Q99/M99/100*249945/R99/V99/U99 ) -> 1967.6019 | T99: 9.1.0.2 | U99: 1 | V99: 1.15 | W99: 1 | X99: =S99/K99 -> 1.0098891 | Y99: =(S99-K99)*M99*U99*V99*J99/(249945/845) -> 0.98271606
B100: Grenade launcher | C100: Witherhoard | D100: 395 | E100: 198 tick | F100: ground pool | G100: C | H100: 10012 | I100: 3 | J100: =IFS(G100="S",21494/2048*1.25,G100="C",1.25*2*1.22,OR(G100="R",G100="T"),1.25*1.22) -> 3.05 | K100: =H100/I100/J100/V100/U100 -> 951.48491 | L100: T | M100: 3 | N100: B | O100: 99.64497 | P100: 96.923077 | Q100: =O100-P100 -> 2.721893 | R100: =1.25*1.22 -> 1.525 | S100: =IFS(N100="B",Q100/M100/100*182596/R100/V100/U100 *W100,N100="C",Q100/M100/100*182596/R100/V100/U100 ) -> 944.65531 | T100: 9.1.5.2 | U100: 1 | V100: 1.15 | W100: 1 | X100: =S100/K100 -> 0.99282216 | Y100: =(S100-K100)*M100*U100*V100*J100/(249945/845) -> -0.24295551
...

Sheet Weapons
A1: INFORMATION | G1: VISUAL | L1: HEALTHBAR | T1: VERIFICATION
A2: 🖼️ | B2: Type | C2: Subtype | D2: primary Tick | E2: secondary Ticks | F2: Modifiers | G2: Boss | H2: Wipe | I2: # | J2: Full Modifiers | K2: visual Value | L2: Boss | M2: # | N2: Type | O2: HP1 | P2: HP2 | Q2: % | R2: Full Modifiers | S2: healthbar Value | T2: Patch | U2: Crit | V2: Ratio | W2: Deviation
B3: Auto rifle | C3: Adaptive frame | D3: 383 | E3: 219 body | G3: S | H3: 383 | I3: 1 | J3: =21494/2048*1.25*1.15 -> 15.086731 | K3: =H3/I3/J3 -> 25.386547 | L3: / | M3: / | N3: / | O3: / | P3: / | Q3: / | R3: / | S3: / | T3: 9.7.0 | U3: =383/219 -> 1.7488584 | V3: =S3/K3 -> #VALUE! | W3: =(S3-K3)*M3*#REF!*#REF!*J3/(249945/845) -> #VALUE!
B4: Auto rifle | C4: Balanced heat weapon - 450RPM primary | D4: 596 | E4: 352 body | G4: S | H4: 596 | I4: 1 | K4: =H4/I4/J4 -> #DIV/0! | L4: / | M4: / | N4: / | O4: / | P4: / | Q4: / | R4: / | S4: / | T4: 9.5.0.2 | U4: =596/352 -> 1.6931818 | V4: =S4/K4 -> #DIV/0! | W4: =(S4-K4)*M4*#REF!*#REF!*J4/(249945/845) -> #DIV/0!
B5: Auto rifle | C5: Centrifuse | D5: 543 | E5: 320 body | G5: S | H5: 543 | I5: 1 | K5: =H5/I5/J5 -> #DIV/0! | L5: / | M5: / | N5: / | O5: / | P5: / | Q5: / | R5: / | S5: / | T5: 9.0.0.8 | U5: =543/320 -> 1.696875 | V5: =S5/K5 -> #DIV/0! | W5: =(S5-K5)*M5*#REF!*#REF!*J5/(249945/845) -> #DIV/0!
B6: Auto rifle | C6: Cerberus+1 | D6: =1064*1.25 -> 1330 | E6: 741 body | F6: point blank | G6: S | H6: 1330 | I6: 1 | K6: =H6/I6/J6 -> #DIV/0! | L6: / | M6: / | N6: / | O6: / | P6: / | Q6: / | R6: / | S6: / | T6: 9.0.0.8 | U6: =1330/741 -> 1.7948718 | V6: =S6/K6 -> #DIV/0! | W6: =(S6-K6)*M6*#REF!*#REF!*J6/(249945/845) -> #DIV/0!
B7: Auto rifle | C7: Choir of One | D7: 4128 | E7: 2301 body | F7: hitscan | G7: S | H7: 4128 | I7: 1 | K7: =H7/I7/J7 -> #DIV/0! | L7: / | M7: / | N7: / | O7: / | P7: / | Q7: / | R7: / | S7: / | T7: 9.0.0.8 | U7: =4128/2301 -> 1.7940026 | V7: =S7/K7 -> #DIV/0! | W7: =(S7-K7)*M7*#REF!*#REF!*J7/(249945/845) -> #DIV/0!
B8: Auto rifle | C8: Choir of One | D8: 8061 | E8: 930 secondary | F8: projectile - point blank | G8: S | H8: =8061+930 -> 8991 | I8: 1 | K8: =H8/I8/J8 -> #DIV/0! | L8: / | M8: / | N8: / | O8: / | P8: / | Q8: / | R8: / | S8: / | T8: 9.0.0.8 | U8: 1 | V8: =S8/K8 -> #DIV/0! | W8: =(S8-K8)*M8*#REF!*J8/(249945/845) -> #DIV/0!
B9: Auto rifle | C9: Choir of One | D9: 1613 | E9: 155 secondary | F9: projectile - spaced | G9: S | H9: =(1613+155)*5 -> 8840 | I9: 1 | J9: =21494/2048*1.25*1.15 -> 15.086731 | K9: =H9/I9/J9 -> 585.94536 | L9: / | M9: / | N9: / | O9: / | P9: / | Q9: / | R9: / | S9: chunk | T9: 9.7.0 | U9: 1 | V9: =IF(S9="/",1,S9/K9) -> #VALUE! | W9: =IFS(S9="/","N/A",G9="S",((P9-O9)/100*249945/845)/M9-H9/249945*845) -> #VALUE!
B10: Auto rifle | C10: Hard Light | D10: 383 | E10: 219 body | G10: S | H10: 383 | I10: 1 | K10: =H10/I10/J10 -> #DIV/0! | L10: / | M10: / | N10: / | O10: / | P10: / | Q10: / | R10: / | S10: / | T10: 9.0.0.8 | U10: =383/219 -> 1.7488584 | V10: =S10/K10 -> #DIV/0! | W10: =(S10-K10)*M10*#REF!*#REF!*J10/(249945/845) -> #DIV/0!
B11: Auto rifle | C11: High-impact frame | D11: 626 | E11: 349 body | G11: S | H11: 626 | I11: 1 | K11: =H11/I11/J11 -> #DIV/0! | L11: / | M11: / | N11: / | O11: / | P11: / | Q11: / | R11: / | S11: / | T11: 9.0.0.8 | U11: =626/349 -> 1.7936963 | V11: =S11/K11 -> #DIV/0! | W11: =(S11-K11)*M11*#REF!*#REF!*J11/(249945/845) -> #DIV/0!
B12: Auto rifle | C12: Khvostov 7G-0X | D12: 383 | E12: 219 body, 1350/770 ricochet | F12: average - with ricochetting bullets | G12: S | H12: =(219*35+770*7)*U12 -> 22831.347 | I12: 42 | K12: =H12/I12/J12 -> #DIV/0! | L12: / | M12: / | N12: / | O12: / | P12: / | Q12: / | R12: / | S12: chunk | T12: 9.0.0.8 | U12: =383/219 -> 1.7488584 | V12: =IF(S12="/",1,S12/K12) -> #DIV/0! | W12: =IFS(S12="/","N/A",G12="S",((P12-O12)/100*249945/845)/M12-H12/249945*845) -> #VALUE!
B13: Auto rifle | C13: Monte Carlo | D13: 383 | E13: 219 body | G13: S | H13: 383 | I13: 1 | K13: =H13/I13/J13 -> #DIV/0! | L13: / | M13: / | N13: / | O13: / | P13: / | Q13: / | R13: / | S13: / | T13: 9.0.0.8 | U13: =383/219 -> 1.7488584 | V13: =S13/K13 -> #DIV/0! | W13: =(S13-K13)*M13*#REF!*#REF!*J13/(249945/845) -> #DIV/0!
B14: Auto rifle | C14: Necrochasm | D14: 336 | E14: 198 body, 267 OFT | G14: S | H14: 336 | I14: 1 | K14: =H14/I14/J14 -> #DIV/0! | L14: / | M14: / | N14: / | O14: / | P14: / | Q14: / | R14: / | S14: / | T14: 9.0.0.8 | U14: =336/198 -> 1.6969697 | V14: =S14/K14 -> #DIV/0! | W14: =(S14-K14)*M14*#REF!*#REF!*J14/(249945/845) -> #DIV/0!
B15: Auto rifle | C15: Precision frame | D15: 494 | E15: 291 body | G15: S | H15: 494 | I15: 1 | K15: =H15/I15/J15 -> #DIV/0! | L15: / | M15: / | N15: / | O15: / | P15: / | Q15: / | R15: / | S15: / | T15: 9.0.0.8 | U15: =494/291 -> 1.6975945 | V15: =S15/K15 -> #DIV/0! | W15: =(S15-K15)*M15*#REF!*#REF!*J15/(249945/845) -> #DIV/0!
B16: Auto rifle | C16: Quicksilver Storm | D16: 6979 | E16: 200 secondary | F16: Grenades Prepped | G16: S | H16: =6979+200 -> 7179 | I16: 1 | K16: =H16/I16/J16 -> #DIV/0! | L16: / | M16: / | N16: / | O16: / | P16: / | Q16: / | R16: / | S16: / | T16: 9.0.0.8 | U16: 1 | V16: =S16/K16 -> #DIV/0! | W16: =(S16-K16)*M16*#REF!*#REF!*J16/(249945/845) -> #DIV/0!
B17: Auto rifle | C17: Quicksilver Storm | D17: 336 | E17: 198 body, 1164/68 rocket | F17: average - with tracking rockets | G17: S | H17: =1164+68+336*10 -> 4592 | I17: 11 | K17: =H17/I17/J17 -> #DIV/0! | L17: / | M17: / | N17: / | O17: / | P17: / | Q17: / | R17: / | S17: chunk | T17: 9.0.0.8 | U17: =(494*10+1164+68)/(291*10+1164+68) -> 1.4901014 | V17: =S17/K17 -> #DIV/0! | W17: =(S17-K17)*M17*#REF!*#REF!*J17/(249945/845) -> #DIV/0!
B18: Auto rifle | C18: Rapid-fire frame | D18: 336 | E18: 198 body | G18: S | H18: 336 | I18: 1 | K18: =H18/I18/J18 -> #DIV/0! | L18: / | M18: / | N18: / | O18: / | P18: / | Q18: / | R18: / | S18: / | T18: 9.0.0.8 | U18: =336/198 -> 1.6969697 | V18: =S18/K18 -> #DIV/0! | W18: =(S18-K18)*M18*#REF!*#REF!*J18/(249945/845) -> #DIV/0!
B19: Auto rifle | C19: Support frame | D19: 384 | E19: 274 body | G19: S | H19: 384 | I19: 1 | K19: =H19/I19/J19 -> #DIV/0! | L19: / | M19: / | N19: / | O19: / | P19: / | Q19: / | R19: / | S19: / | T19: 9.0.0.8 | U19: =384/274 -> 1.4014599 | V19: =S19/K19 -> #DIV/0! | W19: =(S19-K19)*M19*#REF!*#REF!*J19/(249945/845) -> #DIV/0!
B20: Auto rifle | C20: SUROS Regime | D20: 626 | E20: 384 max body, 349 min body | F20: average - Dual Speed Receiver | G20: S | H20: =(349*18+367*6+368*2+369+370*2+372+373+374+376+379+381+384)*U20 -> 23260.653 | I20: 36 | K20: =H20/I20/J20 -> #DIV/0! | L20: / | M20: / | N20: / | O20: / | P20: / | Q20: / | R20: / | S20: / | T20: 9.0.0.8 | U20: =626/349 -> 1.7936963 | V20: =S20/K20 -> #DIV/0! | W20: =(S20-K20)*M20*#REF!*#REF!*J20/(249945/845) -> #DIV/0!
B21: Auto rifle | C21: SUROS Regime | D21: 359 | E21: 240 max body, 219 min body | F21: Spinning Up | G21: S | H21: =(219*18+230*8+231*2+232*2+233+234+235+237+238+240)*U21 -> 13319.064 | I21: 36 | K21: =H21/I21/J21 -> #DIV/0! | L21: / | M21: / | N21: / | O21: / | P21: / | Q21: / | R21: / | S21: / | T21: 9.0.0.8 | U21: =359/219 -> 1.6392694 | V21: =S21/K21 -> #DIV/0! | W21: =(S21-K21)*M21*#REF!*#REF!*J21/(249945/845) -> #DIV/0!
B22: Auto rifle | C22: Sweet Business | D22: 423 | E22: 379 explosive, 275 body | F22: average - with explosive rounds, no ramping | G22: T | H22: =5460*1.5 -> 8190 | I22: 150 | K22: =H22/I22/J22 -> #DIV/0! | L22: / | M22: / | N22: / | O22: / | P22: / | Q22: / | R22: / | S22: chunk | T22: 9.1.5.2 | U22: =423/275 -> 1.5381818 | V22: =33728/34664 -> 0.97299792 | W22: =(33728-34664)/(1500000/845) -> -0.52728
B23: Auto rifle | C23: Tommy's Matchbook | D23: 11202 | E23: 432 ramped, 218 body 732 ramped crit, 369 crit | F23: average - with ignition | G23: T | H23: =7007*1.5 -> 10510.5 | I23: 100 | K23: =H23/I23/J23 -> #DIV/0! | L23: T | M23: 100 | N23: C | O23: 99.64497 | P23: 94.08284 | Q23: =O23-P23 -> 5.56213 | R23: =1.25*1.22 -> 1.525 | S23: chunk | T23: 9.1.5.2 | U23: =369/218 -> 1.6926606 | V23: =44379/44090 -> 1.0065548 | W23: =(44379-44090)/(1500000/845) -> 0.16280333
B24: Bow | C24: Heirloom | D24: 1637 | E24: 1719 scorched splash, 1590/1669 crit 2345 ignition, 1435/1507 body | F24: average - 1/3 charge, with ignition, catalyst | G24: C | H24: 19691 | I24: 5 | K24: =H24/I24/J24 -> #DIV/0! | L24: C | M24: 5 | N24: C | O24: 100 | P24: 98.698225 | Q24: =O24-P24 -> 1.301775 | R24: =1.25*2*1.15 -> 2.875 | S24: =IFS(N24="B",Q24/M24/100*249945/R24 *U24,N24="C",Q24/M24/100*249945/R24 ) -> 226.34585 | T24: 9.5.0.3 | U24: =19691/18694 -> 1.0533326 | V24: =S24/K24 -> #DIV/0! | W24: =(S24-K24)*M24*#REF!*#REF!*J24/(1500000/845) -> #DIV/0!
B25: Bow | C25: Heirloom | D25: 1399 | E25: 1166 crit, 1053 body | F25: uncharged | G25: C | H25: 38475 | I25: 15 | K25: =H25/I25/J25 -> #DIV/0! | L25: C | M25: 15 | N25: C | O25: 100 | P25: 97.39645 | Q25: =O25-P25 -> 2.60355 | R25: =1.25*2*1.15 -> 2.875 | S25: =IFS(N25="B",Q25/M25/100*249945/R25 *U25,N25="C",Q25/M25/100*249945/R25 ) -> 150.89723 | T25: 9.5.0.3 | U25: =(1399+1166)/(1399+1053) -> 1.0460848 | V25: =S25/K25 -> #DIV/0! | W25: =(S25-K25)*M25*#REF!*#REF!*J25/(1500000/845) -> #DIV/0!
B26: Bow | C26: Heirloom | D26: 2862 | E26: 3005/2862 splash, 2679/2813 crit 2345 ignition, 2583/2712 body | F26: average - fully charged, with ignition, catalyst | G26: C | H26: 27908 | I26: 4 | K26: =H26/I26/J26 -> #DIV/0! | L26: C | M26: 4 | N26: C | O26: 100 | P26: 98.106509 | Q26: =O26-P26 -> 1.893491 | R26: =1.25*2*1.15 -> 2.875 | S26: =IFS(N26="B",Q26/M26/100*249945/R26 *U26,N26="C",Q26/M26/100*249945/R26 ) -> 411.53792 | T26: 9.5.0.3 | U26: =27908/26794 -> 1.0415765 | V26: =S26/K26 -> #DIV/0! | W26: =(S26-K26)*M26*#REF!*#REF!*J26/(1500000/845) -> #DIV/0!
B27: Bow | C27: Heirloom | D27: 2862 | E27: 3005 scorched splash, 1786/1875 crit 2345 ignition, 2583/2712 body | F27: average - 2/3 charge, with ignition, catalyst | G27: C | H27: 17149 | I27: 3 | K27: =H27/I27/J27 -> #DIV/0! | L27: C | M27: 3 | N27: C | O27: 100 | P27: 98.816568 | Q27: =O27-P27 -> 1.183432 | R27: =1.25*2*1.15 -> 2.875 | S27: =IFS(N27="B",Q27/M27/100*249945/R27 *U27,N27="C",Q27/M27/100*249945/R27 ) -> 342.9483 | T27: 9.5.0.3 | U27: =17149/14470 -> 1.1851417 | V27: =S27/K27 -> #DIV/0! | W27: =(S27-K27)*M27*#REF!*#REF!*J27/(1500000/845) -> #DIV/0!
B28: Bow | C28: Hierarchy of Needs | D28: 3508 | E28: 2195 body, 2316 seeker | G28: S | H28: 3508 | I28: 1 | K28: =H28/I28/J28 -> #DIV/0! | L28: S | M28: 5 | N28: C | O28: 90.023753 | P28: 83.016627 | Q28: =O28-P28 -> 7.007126 | R28: =IFS(L28="S",21494/2048*1.25) -> 13.118896 | S28: =IFS(N28="B",Q28/M28/100*249945/R28 *U28,N28="C",Q28/M28/100*249945/R28 ) -> 267.00357 | T28: 9.0.0.8 | U28: =3508/2195 -> 1.5981777 | V28: =S28/K28 -> #DIV/0! | W28: =(S28-K28)*M28*#REF!*#REF!*J28/(249945/845) -> #DIV/0!
B29: Bow | C29: High-impact frame | D29: 5861 | E29: 4364 body, 56 explosion | F29: Spring-Auger Bolts | G29: C | H29: 59170 | I29: 10 | K29: =H29/I29/J29 -> #DIV/0! | L29: C | M29: 10 | N29: C | O29: 100 | P29: 96.094675 | Q29: =O29-P29 -> 3.905325 | R29: =1.25*2*1.15*1.17 -> 3.36375 | S29: =IFS(N29="B",Q29/M29/100*249945/R29 *U29,N29="C",Q29/M29/100*249945/R29 ) -> 290.18698 | T29: 9.5.0.3 | U29: =59170/44200 -> 1.3386878 | V29: =S29/K29 -> #DIV/0! | W29: =(S29-K29)*M29*#REF!*#REF!*J29/(1500000/845) -> #DIV/0!
B30: Bow | C30: High-impact frame | D30: 6447 | E30: 4800 body | F30: Heavy Bolts | G30: C | H30: 64470 | I30: 10 | K30: =H30/I30/J30 -> #DIV/0! | L30: C | M30: 10 | N30: C | O30: 100 | P30: 95.739645 | Q30: =O30-P30 -> 4.260355 | R30: =1.25*2*1.15*1.17 -> 3.36375 | S30: =IFS(N30="B",Q30/M30/100*249945/R30 *U30,N30="C",Q30/M30/100*249945/R30 ) -> 316.56765 | T30: 9.5.0.3 | U30: =64470/48000 -> 1.343125 | V30: =S30/K30 -> #DIV/0! | W30: =(S30-K30)*M30*#REF!*#REF!*J30/(1500000/845) -> #DIV/0!
B31: Bow | C31: High-impact frame | D31: 2638 | E31: 3224 explosion, 1964 body | F31: Explosive Bolts | G31: C | H31: 58620 | I31: 10 | K31: =H31/I31/J31 -> #DIV/0! | L31: C | M31: 10 | N31: C | O31: 100 | P31: 96.094675 | Q31: =O31-P31 -> 3.905325 | R31: =1.25*2*1.15*1.17 -> 3.36375 | S31: =IFS(N31="B",Q31/M31/100*249945/R31 *U31,N31="C",Q31/M31/100*249945/R31 ) -> 290.18698 | T31: 9.5.0.3 | U31: =58620/51880 -> 1.1299152 | V31: =S31/K31 -> #DIV/0! | W31: =(S31-K31)*M31*#REF!*#REF!*J31/(1500000/845) -> #DIV/0!
B32: Bow | C32: High-impact frame | D32: 5861 | E32: 4364 body, 1111/556 retrieval | F32: Serrated Bolts, with retrieval | G32: C | H32: 64725 | I32: 10 | K32: =H32/I32/J32 -> #DIV/0! | L32: C | M32: 10 | N32: C | O32: 100 | P32: 95.621302 | Q32: =O32-P32 -> 4.378698 | R32: =1.25*2*1.15*1.17 -> 3.36375 | S32: =IFS(N32="B",Q32/M32/100*249945/R32 *U32,N32="C",Q32/M32/100*249945/R32 ) -> 325.36118 | T32: 9.5.0.3 | U32: =64725/49755 -> 1.3008743 | V32: =S32/K32 -> #DIV/0! | W32: =(S32-K32)*M32*#REF!*#REF!*J32/(1500000/845) -> #DIV/0!
B33: Bow | C33: High-impact frame | D33: 5861 | E33: 4364 body, 67 tick | F33: Charged Bolts | G33: C | H33: 62027 | I33: 10 | K33: =H33/I33/J33 -> #DIV/0! | L33: C | M33: 1 | N33: C | O33: 100 | P33: 95.502959 | Q33: =O33-P33 -> 4.497041 | R33: =1.25*2*1.15*1.17 -> 3.36375 | S33: chunk | T33: 9.5.0.3 | U33: =62027/46990 -> 1.3200043 | V33: =IF(S33="/",1,S33/K33) -> #DIV/0! | W33: =IFS(S33="/","N/A",G33="S",((P33-O33)/100*249945/845)/M33-H33/249945*845,G33="C",((P33-O33)/100*10000000/845)/M33-H33/10000000*845) -> -537.43548
B34: Bow | C34: High-impact longbow frame | D34: 3977 | E34: 3050 body, 1625 seeker | G34: S | H34: 3977 | I34: 1 | K34: =H34/I34/J34 -> #DIV/0! | L34: S | M34: 2 | N34: C | O34: 90.023753 | P34: 86.817102 | Q34: =O34-P34 -> 3.206651 | R34: =IFS(L34="S",21494/2048*1.25) -> 13.118896 | S34: =IFS(N34="B",Q34/M34/100*249945/R34 *U34,N34="C",Q34/M34/100*249945/R34 ) -> 305.4702 | T34: 9.0.0.8 | U34: =3977/3050 -> 1.3039344 | V34: =S34/K34 -> #DIV/0! | W34: =(S34-K34)*M34*#REF!*#REF!*J34/(249945/845) -> #DIV/0!
B35: Bow | C35: Le Monarque | D35: 2898 | E35: 1814 body, 459 poison, 1506 seeker | F35: average - with poison | G35: C | H35: 6580 | I35: 5 | K35: =H35/I35/J35 -> #DIV/0! | L35: S | M35: 5 | N35: C | O35: 90.023753 | P35: 78.384798 | Q35: =O35-P35 -> 11.638955 | R35: =IFS(L35="S",21494/2048*1.25) -> 13.118896 | S35: =IFS(N35="B",Q35/M35/100*249945/R35 *U35,N35="C",Q35/M35/100*249945/R35 ) -> 443.49746 | T35: 9.0.0.8 | U35: =6580/5320 -> 1.2368421 | V35: =S35/K35 -> #DIV/0! | W35: =(S35-K35)*M35*#REF!*#REF!*J35/(249945/845) -> #DIV/0!
B36: Bow | C36: Leviathan's Breath | D36: 16620 | E36: 7674 body, 12262 impact, 984 splash | G36: S | H36: =16620+12262+984 -> 29866 | I36: 1 | K36: =H36/I36/J36 -> #DIV/0! | L36: S | M36: 3 | N36: C | O36: 90.023753 | P36: 54.15677 | Q36: =O36-P36 -> 35.866983 | R36: =IFS(L36="S",21494/2048*1.25) -> 13.118896 | S36: =IFS(N36="B",Q36/M36/100*249945/R36 *U36,N36="C",Q36/M36/100*249945/R36 ) -> 2277.827 | T36: 9.1.0.2 | U36: =(16620+12262+984)/(7674+16620+984) -> 1.1815017 | V36: =S36/K36 -> #DIV/0! | W36: =(S36-K36)*M36*#REF!*#REF!*J36/(249945/845) -> #DIV/0!
B37: Bow | C37: Lightweight frame | D37: 2997 | E37: 1876 body, 1506 seeker | G37: S | H37: 2997 | I37: 1 | K37: =H37/I37/J37 -> #DIV/0! | L37: S | M37: 5 | N37: C | O37: 90.023753 | P37: 83.966746 | Q37: =O37-P37 -> 6.057007 | R37: =IFS(L37="S",21494/2048*1.25) -> 13.118896 | S37: =IFS(N37="B",Q37/M37/100*249945/R37 *U37,N37="C",Q37/M37/100*249945/R37 ) -> 230.79969 | T37: 9.0.0.8 | U37: =2997/1876 -> 1.597548 | V37: =S37/K37 -> #DIV/0! | W37: =(S37-K37)*M37*#REF!*#REF!*J37/(249945/845) -> #DIV/0!
B38: Bow | C38: Precision frame | D38: 3071 | E38: 2356 body, 1506 seeker | G38: S | H38: 3071 | I38: 1 | K38: =H38/I38/J38 -> #DIV/0! | L38: S | M38: 5 | N38: C | O38: 90.023753 | P38: 83.847981 | Q38: =O38-P38 -> 6.175772 | R38: =IFS(L38="S",21494/2048*1.25) -> 13.118896 | S38: =IFS(N38="B",Q38/M38/100*249945/R38 *U38,N38="C",Q38/M38/100*249945/R38 ) -> 235.32518 | T38: 9.0.0.8 | U38: =3071/2356 -> 1.3034805 | V38: =S38/K38 -> #DIV/0! | W38: =(S38-K38)*M38*#REF!*#REF!*J38/(249945/845) -> #DIV/0!
B39: Bow | C39: Ticuu's Divination | D39: 4076 | E39: 2997 impact, 188 mark, 1506 seeker | F39: average - alternating modes, 0 stacks | G39: S | H39: =188*3+2997+4076 -> 7637 | I39: 2 | K39: =H39/I39/J39 -> #DIV/0! | L39: S | M39: 2 | N39: C | O39: 90.023753 | P39: 86.935867 | Q39: =O39-P39 -> 3.087886 | R39: =IFS(L39="S",21494/2048*1.25) -> 13.118896 | S39: =IFS(N39="B",Q39/M39/100*249945/R39 *U39,N39="C",Q39/M39/100*249945/R39 ) -> 294.15647 | T39: 9.0.0.8 | U39: =5616/3374 -> 1.6644932 | V39: =S39/K39 -> #DIV/0! | W39: =(S39-K39)*M39*#REF!*#REF!*J39/(249945/845) -> #DIV/0!
B40: Bow | C40: Ticuu's Divination | D40: 4076 | E40: 5616 impact, 3374 body, 341 mark | F40: average - alternating modes, 6 stacks | G40: S | H40: =341*3+5616+4076 -> 10715 | I40: 2 | K40: =H40/I40/J40 -> #DIV/0! | L40: S | M40: 2 | N40: C | O40: 69.35867 | P40: 64.964371 | Q40: =O40-P40 -> 4.394299 | R40: =IFS(L40="S",21494/2048*1.25) -> 13.118896 | S40: =IFS(N40="B",Q40/M40/100*249945/R40 *U40,N40="C",Q40/M40/100*249945/R40 ) -> 418.60726 | T40: 9.0.0.8 | U40: =5616/3374 -> 1.6644932 | V40: =S40/K40 -> #DIV/0! | W40: =(S40-K40)*M40*#REF!*#REF!*J40/(249945/845) -> #DIV/0!
B41: Bow | C41: Trinity Ghoul | D41: 1044 | E41: 801 body, 1506 seeker | G41: S | H41: =1044*3 -> 3132 | I41: 1 | K41: =H41/I41/J41 -> #DIV/0! | L41: S | M41: 5 | N41: C | O41: 90.023753 | P41: 83.729216 | Q41: =O41-P41 -> 6.294537 | R41: =IFS(L41="S",21494/2048*1.25) -> 13.118896 | S41: =IFS(N41="B",Q41/M41/100*249945/R41 *U41,N41="C",Q41/M41/100*249945/R41 ) -> 239.85067 | T41: 9.0.0.8 | U41: =1044/801 -> 1.3033708 | V41: =S41/K41 -> #DIV/0! | W41: =(S41-K41)*M41*#REF!*#REF!*J41/(249945/845) -> #DIV/0!
B42: Bow | C42: Verglas Curve | D42: 2997 | E42: 1876 body, 1506 seeker | G42: S | H42: 2997 | I42: 1 | K42: =H42/I42/J42 -> #DIV/0! | L42: S | M42: 6 | N42: C | O42: 90.023753 | P42: 82.779097 | Q42: =O42-P42 -> 7.244656 | R42: =IFS(L42="S",21494/2048*1.25) -> 13.118896 | S42: =IFS(N42="B",Q42/M42/100*249945/R42 *U42,N42="C",Q42/M42/100*249945/R42 ) -> 230.04546 | T42: 9.0.0.8 | U42: =2997/1876 -> 1.597548 | V42: =S42/K42 -> #DIV/0! | W42: =(S42-K42)*M42*#REF!*#REF!*J42/(249945/845) -> #DIV/0!
B43: Bow | C43: Wish-Ender | D43: 2688 | E43: 2413 pierce, 1498 body, 1506 seeker blighted: 3359 impact, 3016 pierce | G43: S | H43: =2688+2413*2 -> 7514 | I43: 1 | K43: =H43/I43/J43 -> #DIV/0! | L43: S | M43: 1 | N43: C | O43: 90.023753 | P43: 87.054632 | Q43: =O43-P43 -> 2.969121 | R43: =IFS(L43="S",21494/2048*1.25) -> 13.118896 | S43: =IFS(N43="B",Q43/M43/100*249945/R43 *U43,N43="C",Q43/M43/100*249945/R43 ) -> 565.6855 | T43: 9.0.0.8 | U43: =2688/1498 -> 1.7943925 | V43: =S43/K43 -> #DIV/0! | W43: =(S43-K43)*M43*#REF!*#REF!*J43/(249945/845) -> #DIV/0!
B44: Bow | C44: Wish-Keeper | D44: 3376 | E44: 2589 body, 1655 seeker | G44: S | H44: 3376 | I44: 1 | K44: =H44/I44/J44 -> #DIV/0! | L44: S | M44: 4 | N44: C | O44: 90.023753 | P44: 84.56057 | Q44: =O44-P44 -> 5.463183 | R44: =IFS(L44="S",21494/2048*1.25) -> 13.118896 | S44: =IFS(N44="B",Q44/M44/100*249945/R44 *U44,N44="C",Q44/M44/100*249945/R44 ) -> 260.21535 | T44: 9.0.0.8 | U44: =3376/2589 -> 1.3039784 | V44: =S44/K44 -> #DIV/0! | W44: =(S44-K44)*M44*#REF!*#REF!*J44/(249945/845) -> #DIV/0!
B45: Fusion rifle | C45: Adaptive frame | D45: 1679 | F45: Charge MW, Accelerated Coils | G45: S | H45: =7*1679 -> 11753 | I45: 1 | K45: =H45/I45/J45 -> #DIV/0! | L45: S | M45: 5 | N45: B | O45: 90.023753 | P45: 66.508314 | Q45: =O45-P45 -> 23.515439 | R45: =IFS(L45="S",21494/2048*1.25) -> 13.118896 | S45: =IFS(N45="B",Q45/M45/100*249945/R45 *U45,N45="C",Q45/M45/100*249945/R45 ) -> 896.04585 | T45: 9.5.0 | U45: 1 | V45: =S45/K45 -> #DIV/0! | W45: =(S45-K45)*M45*#REF!*#REF!*J45/(249945/845) -> #DIV/0!
B46: Fusion rifle | C46: Aggressive frame | D46: 1045 | F46: Charge MW, Accelerated Coils | G46: S | H46: =12*1045 -> 12540 | I46: 1 | K46: =H46/I46/J46 -> #DIV/0! | L46: S | M46: 3 | N46: B | O46: 90.023753 | P46: 74.940618 | Q46: =O46-P46 -> 15.083135 | R46: =IFS(L46="S",21494/2048*1.25) -> 13.118896 | S46: =IFS(N46="B",Q46/M46/100*249945/R46 *U46,N46="C",Q46/M46/100*249945/R46 ) -> 957.89413 | T46: 9.5.0 | U46: 1 | V46: =S46/K46 -> #DIV/0! | W46: =(S46-K46)*M46*#REF!*#REF!*J46/(249945/845) -> #DIV/0!
B47: Fusion rifle | C47: Bastion | D47: 6561 | E47: 9488 Fury | G47: S | H47: =6561*3 -> 19683 | I47: 1 | K47: =H47/I47/J47 -> #DIV/0! | L47: S | M47: 2 | N47: B | O47: 90.023753 | P47: 74.228029 | Q47: =O47-P47 -> 15.795724 | R47: =IFS(L47="S",21494/2048*1.25) -> 13.118896 | S47: =IFS(N47="B",Q47/M47/100*249945/R47 *U47,N47="C",Q47/M47/100*249945/R47 ) -> 1504.7234 | T47: 9.1.0.2 | U47: 1 | V47: =S47/K47 -> #DIV/0! | W47: =(S47-K47)*M47*#REF!*#REF!*J47/(249945/845) -> #DIV/0!
B48: Fusion rifle | C48: Delicate Tomb | D48: 742 | F48: hipfire | G48: S | H48: =742*16 -> 11872 | I48: 1 | K48: =H48/I48/J48 -> #DIV/0! | L48: / | M48: / | N48: / | O48: / | P48: / | Q48: / | R48: / | S48: chunk | T48: 9.1.0.2 | U48: 1 | V48: =53254/108576 -> 0.49047672 | W48: =(53254-108576)/(1500000/845) -> -31.164727
B49: Fusion rifle | C49: Delicate Tomb | D49: 619 | F49: ADS | G49: S | H49: =16*619 -> 9904 | I49: 1 | K49: =H49/I49/J49 -> #DIV/0! | L49: S | M49: 3 | N49: B | O49: 90.023753 | P49: 84.085511 | Q49: =O49-P49 -> 5.938242 | R49: =IFS(L49="S",21494/2048*1.25) -> 13.118896 | S49: chunk | T49: 9.1.0.2 | U49: 1 | V49: =S49/K49 -> #DIV/0! | W49: =(S49-K49)*M49*#REF!*#REF!*J49/(249945/845) -> #DIV/0!
B50: Fusion rifle | C50: High-impact frame | D50: 3083 | F50: Charge MW, Accelerated Coils | G50: S | H50: =3083*5 -> 15415 | I50: 1 | K50: =H50/I50/J50 -> #DIV/0! | L50: S | M50: 4 | N50: B | O50: 90.023753 | P50: 65.320665 | Q50: =O50-P50 -> 24.703088 | R50: =IFS(L50="S",21494/2048*1.25) -> 13.118896 | S50: =IFS(N50="B",Q50/M50/100*249945/R50 *U50,N50="C",Q50/M50/100*249945/R50 ) -> 1176.6259 | T50: 9.5.0 | U50: 1 | V50: =S50/K50 -> #DIV/0! | W50: =(S50-K50)*M50*#REF!*#REF!*J50/(249945/845) -> #DIV/0!
B51: Fusion rifle | C51: Jötunn | D51: 8737 | E51: 2474 secondary, 421 scorch | F51: average - successive shots | G51: S | H51: =(8737*5+2474*5+421*16)/5 -> 12558.2 | I51: 1 | K51: =H51/I51/J51 -> #DIV/0! | L51: S | M51: 5 | N51: B | O51: 90.023753 | P51: 64.845606 | Q51: =O51-P51 -> 25.178147 | R51: =IFS(L51="S",21494/2048*1.25) -> 13.118896 | S51: =IFS(N51="B",Q51/M51/100*249945/R51 *U51,N51="C",Q51/M51/100*249945/R51 ) -> 959.40264 | T51: 9.1.0.2 | U51: 1 | V51: =S51/K51 -> #DIV/0! | W51: =(S51-K51)*M51*#REF!*#REF!*J51/(249945/845) -> #DIV/0!
B52: Fusion rifle | C52: Merciless | D52: 2679 | F52: Conserve Momentum x15, full mag | G52: S | H52: =2679*8*5 -> 107160 | I52: 1 | K52: =H52/I52/J52 -> #DIV/0! | L52: S | M52: 1 | N52: B | O52: 72.921615 | P52: 30.047506 | Q52: =O52-P52 -> 42.874109 | R52: =IFS(L52="S",21494/2048*1.25) -> 13.118896 | S52: =IFS(N52="B",Q52/M52/100*249945/R52 *U52,N52="C",Q52/M52/100*249945/R52 ) -> 8168.4989 | T52: 9.1.0.2 | U52: 1 | V52: =S52/K52 -> #DIV/0! | W52: =(S52-K52)*M52*#REF!*#REF!*J52/(249945/845) -> #DIV/0!
B53: Fusion rifle | C53: Merciless | D53: 2975 | E53: check Wipe column | F53: Conserve Momentum x0, full mag | G53: S | H53: =2975+2955+2936+2916+2896+2877+2857+2837+2817+2798+2778+2758+2738+2719+2699+2679*25 -> 109531 | I53: 1 | K53: =H53/I53/J53 -> #DIV/0! | L53: S | M53: 1 | N53: B | O53: 90.023753 | P53: 46.199525 | Q53: =O53-P53 -> 43.824228 | R53: =IFS(L53="S",21494/2048*1.25) -> 13.118896 | S53: =IFS(N53="B",Q53/M53/100*249945/R53 *U53,N53="C",Q53/M53/100*249945/R53 ) -> 8349.5183 | T53: 9.1.0.2 | U53: 1 | V53: =S53/K53 -> #DIV/0! | W53: =(S53-K53)*M53*#REF!*#REF!*J53/(249945/845) -> #DIV/0!
B54: Fusion rifle | C54: One Thousand Voices | D54: 12230 | E54: 2775 explosion, 214 impact, 344 scorch | F54: average | G54: S | H54: =10*214+9*2775+12230/2+344 -> 33574 | I54: 1 | K54: =H54/I54/J54 -> #DIV/0! | L54: / | M54: / | N54: / | O54: / | P54: / | Q54: / | R54: / | S54: chunk | T54: 9.1.0.2 | U54: 1 | V54: =92308/81048 -> 1.13893 | W54: =(92308-81048)/(1500000/845) -> 6.3431333
B55: Fusion rifle | C55: One Thousand Voices | D55: 12230 | E55: 2775 explosion, 214 impact | F55: average - Ember of Ashes | G55: S | H55: =10*214+9*2775+12230 -> 39345 | I55: 1 | K55: =H55/I55/J55 -> #DIV/0! | L55: / | M55: / | N55: / | O55: / | P55: / | Q55: / | R55: / | S55: chunk | T55: 9.1.0.2 | U55: 1 | V55: =122485/105753 -> 1.1582177 | W55: =(122485-105753)/(1500000/845) -> 9.4256933
B56: Fusion rifle | C56: Precision frame | D56: 1741 | F56: Charge MW, Accelerated Coils | G56: S | H56: =1741*7 -> 12187 | I56: 1 | K56: =H56/I56/J56 -> #DIV/0! | L56: S | M56: 5 | N56: B | O56: 90.023753 | P56: 65.558195 | Q56: =O56-P56 -> 24.465558 | R56: =IFS(L56="S",21494/2048*1.25) -> 13.118896 | S56: =IFS(N56="B",Q56/M56/100*249945/R56 *U56,N56="C",Q56/M56/100*249945/R56 ) -> 932.24974 | T56: 9.5.0 | U56: 1 | V56: =S56/K56 -> #DIV/0! | W56: =(S56-K56)*M56*#REF!*#REF!*J56/(249945/845) -> #DIV/0!
B57: Fusion rifle | C57: Rapid-fire frame | D57: 1188 | F57: Charge MW, Accelerated Coils | G57: S | H57: =1188*9 -> 10692 | I57: 1 | K57: =H57/I57/J57 -> #DIV/0! | L57: S | M57: 5 | N57: B | O57: 90.023753 | P57: 68.646081 | Q57: =O57-P57 -> 21.377672 | R57: =IFS(L57="S",21494/2048*1.25) -> 13.118896 | S57: =IFS(N57="B",Q57/M57/100*249945/R57 *U57,N57="C",Q57/M57/100*249945/R57 ) -> 814.58715 | T57: 9.5.0 | U57: 1 | V57: =S57/K57 -> #DIV/0! | W57: =(S57-K57)*M57*#REF!*#REF!*J57/(249945/845) -> #DIV/0!
B58: Fusion rifle | C58: Telesto | D58: 2172 | E58: 58 impact | G58: S | H58: =2172*7+58*7 -> 15610 | I58: 1 | K58: =H58/I58/J58 -> #DIV/0! | L58: S | M58: 4 | N58: B | O58: 90.023753 | P58: 64.964371 | Q58: =O58-P58 -> 25.059382 | R58: =IFS(L58="S",21494/2048*1.25) -> 13.118896 | S58: =IFS(N58="B",Q58/M58/100*249945/R58 *U58,N58="C",Q58/M58/100*249945/R58 ) -> 1193.5964 | T58: 9.1.0.2 | U58: 1 | V58: =S58/K58 -> #DIV/0! | W58: =(S58-K58)*M58*#REF!*#REF!*J58/(249945/845) -> #DIV/0!
B59: Fusion rifle | C59: Tessellation | D59: 34365 | E59: 1855 impact, 1528 secondary | F59: Property: Irreducible, Transcendent | G59: S | H59: =34365+1855+1528 -> 37748 | I59: 1 | K59: =H59/I59/J59 -> #DIV/0! | L59: S | M59: 1 | N59: B | O59: 90.023753 | P59: 74.940618 | Q59: =O59-P59 -> 15.083135 | R59: =21494/2048 -> 10.495117 | S59: =IFS(N59="B",Q59/M59/100*249945/R59 *U59,N59="C",Q59/M59/100*249945/R59 ) -> 3592.103 | T59: 9.1.0.2 | U59: 1 | V59: =S59/K59 -> #DIV/0! | W59: =(S59-K59)*M59*#REF!*#REF!*J59/(249945/845) -> #DIV/0!
B60: Fusion rifle | C60: Tessellation | D60: 32718 | E60: 2026 impact, 1732 secondary | F60: Property: Irreducible | G60: S | H60: =32718+2026+1732 -> 36476 | I60: 1 | K60: =H60/I60/J60 -> #DIV/0! | L60: S | M60: 1 | N60: B | O60: 90.023753 | P60: 75.415677 | Q60: =O60-P60 -> 14.608076 | R60: =IFS(L60="S",21494/2048*1.25) -> 13.118896 | S60: =IFS(N60="B",Q60/M60/100*249945/R60 *U60,N60="C",Q60/M60/100*249945/R60 ) -> 2783.1728 | T60: 9.1.0.2 | U60: 1 | V60: =S60/K60 -> #DIV/0! | W60: =(S60-K60)*M60*#REF!*#REF!*J60/(249945/845) -> #DIV/0!
B61: Fusion rifle | C61: Tessellation | D61: 1650 | G61: S | H61: =7*1650 -> 11550 | I61: 1 | K61: =H61/I61/J61 -> #DIV/0! | L61: S | M61: 4 | N61: B | O61: 90.023753 | P61: 71.496437 | Q61: =O61-P61 -> 18.527316 | R61: =IFS(L61="S",21494/2048*1.25) -> 13.118896 | S61: =IFS(N61="B",Q61/M61/100*249945/R61 *U61,N61="C",Q61/M61/100*249945/R61 ) -> 882.46942 | T61: 9.1.0.2 | U61: 1 | V61: =S61/K61 -> #DIV/0! | W61: =(S61-K61)*M61*#REF!*#REF!*J61/(249945/845) -> #DIV/0!
B62: Fusion rifle | C62: Vex Mythoclast | D62: 1463 | E62: 816 body | G62: S | H62: 1463 | I62: 1 | K62: =H62/I62/J62 -> #DIV/0! | L62: S | M62: 33 | N62: B | O62: 90.023753 | P62: 79.216152 | Q62: =O62-P62 -> 10.807601 | R62: =IFS(L62="S",21494/2048*1.25) -> 13.118896 | S62: =IFS(N62="B",Q62/M62/100*249945/R62 *U62,N62="C",Q62/M62/100*249945/R62 ) -> 111.87078 | T62: 9.1.0.2 | U62: =1463/816 -> 1.7928922 | V62: =S62/K62 -> #DIV/0! | W62: =(S62-K62)*M62*#REF!*#REF!*J62/(249945/845) -> #DIV/0!
B63: Fusion rifle | C63: Vex Mythoclast | D63: 18296 | E63: 5707 body | F63: Temporal Unlimiter | G63: S | H63: 18296 | I63: 1 | K63: =H63/I63/J63 -> #DIV/0! | L63: S | M63: 2 | N63: C | O63: 87.767221 | P63: 73.04038 | Q63: =O63-P63 -> 14.726841 | R63: =IFS(L63="S",21494/2048*1.25) -> 13.118896 | S63: =IFS(N63="B",Q63/M63/100*249945/R63 *U63,N63="C",Q63/M63/100*249945/R63 ) -> 1402.9001 | T63: 9.1.0.2 | U63: =18296/5707 -> 3.2058875 | V63: =S63/K63 -> #DIV/0! | W63: =(S63-K63)*M63*#REF!*#REF!*J63/(249945/845) -> #DIV/0!
B64: Glaive | C64: Adaptive frame | D64: 6932 | F64: projectile | G64: S | H64: 6932 | I64: 1 | K64: =H64/I64/J64 -> #DIV/0! | L64: S | M64: 6 | N64: B | O64: 90.023753 | P64: 73.27791 | Q64: =O64-P64 -> 16.745843 | R64: =IFS(L64="S",21494/2048*1.25) -> 13.118896 | S64: =IFS(N64="B",Q64/M64/100*249945/R64 *U64,N64="C",Q64/M64/100*249945/R64 ) -> 531.74439 | T64: 9.0.0.8 | U64: 1 | V64: =S64/K64 -> #DIV/0! | W64: =(S64-K64)*M64*#REF!*#REF!*J64/(249945/845) -> #DIV/0!
B65: Glaive | C65: Aggressive frame | D65: 7956 | F65: projectile | G65: S | H65: 7956 | I65: 1 | K65: =H65/I65/J65 -> #DIV/0! | L65: S | M65: 7 | N65: B | O65: 90.023753 | P65: 67.814727 | Q65: =O65-P65 -> 22.209026 | R65: =IFS(L65="S",21494/2048*1.25) -> 13.118896 | S65: =IFS(N65="B",Q65/M65/100*249945/R65 *U65,N65="C",Q65/M65/100*249945/R65 ) -> 604.47539 | T65: 9.0.0.8 | U65: 1 | V65: =S65/K65 -> #DIV/0! | W65: =(S65-K65)*M65*#REF!*#REF!*J65/(249945/845) -> #DIV/0!
B66: Glaive | C66: Edge of Action | F66: projectile | G66: S | H66: 6932 | I66: 1 | K66: =H66/I66/J66 -> #DIV/0! | L66: S | M66: 6 | N66: B | O66: 90.023753 | P66: 73.27791 | Q66: =O66-P66 -> 16.745843 | R66: =IFS(L66="S",21494/2048*1.25) -> 13.118896 | S66: =IFS(N66="B",Q66/M66/100*249945/R66 *U66,N66="C",Q66/M66/100*249945/R66 ) -> 531.74439 | T66: 9.1.0.2 | U66: 1 | V66: =S66/K66 -> #DIV/0! | W66: =(S66-K66)*M66*#REF!*#REF!*J66/(249945/845) -> #DIV/0!
B67: Glaive | C67: Edge of Concurrence | D67: 19567 | E67: 55 impact | F67: Lightning Seeker | G67: S | H67: =19567+55 -> 19622 | I67: 1 | K67: =H67/I67/J67 -> #DIV/0! | L67: S | M67: 2 | N67: B | O67: 87.054632 | P67: 71.377672 | Q67: =O67-P67 -> 15.67696 | R67: =IFS(L67="S",21494/2048*1.25) -> 13.118896 | S67: =IFS(N67="B",Q67/M67/100*249945/R67 *U67,N67="C",Q67/M67/100*249945/R67 ) -> 1493.4098 | T67: 9.1.0.2 | U67: 1 | V67: =S67/K67 -> #DIV/0! | W67: =(S67-K67)*M67*#REF!*#REF!*J67/(249945/845) -> #DIV/0!
B68: Glaive | C68: Edge of Concurrence | D68: 5459 | E68: 1040 jolt | F68: average - projectile, with jolt | G68: S | H68: =(5459*13+1040*5)/13 -> 5859 | I68: 1 | K68: =H68/I68/J68 -> #DIV/0! | L68: S | M68: 13 | N68: B | O68: 90.023753 | P68: 59.501188 | Q68: =O68-P68 -> 30.522565 | R68: =IFS(L68="S",21494/2048*1.25) -> 13.118896 | S68: =IFS(N68="B",Q68/M68/100*249945/R68 *U68,N68="C",Q68/M68/100*249945/R68 ) -> 447.3267 | T68: 9.1.0.2 | U68: 1 | V68: =S68/K68 -> #DIV/0! | W68: =(S68-K68)*M68*#REF!*#REF!*J68/(249945/845) -> #DIV/0!
B69: Glaive | C69: Edge of Intent | D69: 7956 | F69: projectile | G69: S | H69: 7956 | I69: 1 | K69: =H69/I69/J69 -> #DIV/0! | L69: S | M69: 10 | N69: B | O69: 90.023753 | P69: 58.194774 | Q69: =O69-P69 -> 31.828979 | R69: =IFS(L69="S",21494/2048*1.25) -> 13.118896 | S69: =IFS(N69="B",Q69/M69/100*249945/R69 *U69,N69="C",Q69/M69/100*249945/R69 ) -> 606.41489 | T69: 9.1.0.2 | U69: 1 | V69: =S69/K69 -> #DIV/0! | W69: =(S69-K69)*M69*#REF!*#REF!*J69/(249945/845) -> #DIV/0!
B70: Glaive | C70: Rapid-fire frame | D70: 5459 | F70: projectile | G70: S | H70: 5459 | I70: 1 | K70: =H70/I70/J70 -> #DIV/0! | L70: S | M70: 7 | N70: B | O70: 90.023753 | P70: 74.703088 | Q70: =O70-P70 -> 15.320665 | R70: =IFS(L70="S",21494/2048*1.25) -> 13.118896 | S70: =IFS(N70="B",Q70/M70/100*249945/R70 *U70,N70="C",Q70/M70/100*249945/R70 ) -> 416.99104 | T70: 9.0.0.8 | U70: 1 | V70: =S70/K70 -> #DIV/0! | W70: =(S70-K70)*M70*#REF!*#REF!*J70/(249945/845) -> #DIV/0!
B71: Glaive | C71: Vexcalibur | D71: 1489 | F71: projectile | G71: S | H71: =1489*5 -> 7445 | I71: 1 | K71: =H71/I71/J71 -> #DIV/0! | L71: S | M71: 7 | N71: B | O71: 90.023753 | P71: 69.12114 | Q71: =O71-P71 -> 20.902613 | R71: =IFS(L71="S",21494/2048*1.25) -> 13.118896 | S71: =IFS(N71="B",Q71/M71/100*249945/R71 *U71,N71="C",Q71/M71/100*249945/R71 ) -> 568.91802 | T71: 9.1.0.2 | U71: 1 | V71: =S71/K71 -> #DIV/0! | W71: =(S71-K71)*M71*#REF!*#REF!*J71/(249945/845) -> #DIV/0!
B72: Glaive | C72: Winterbite | D72: 20358 | E72: 3781/858 shatter | F72: average - projectile, with shatter | G72: S | H72: =20358+3781+858 -> 24997 | I72: 1 | K72: =H72/I72/J72 -> #DIV/0! | L72: S | M72: 2 | N72: B | O72: 71.852732 | P72: 51.781473 | Q72: =O72-P72 -> 20.071259 | R72: =IFS(L72="S",21494/2048*1.25) -> 13.118896 | S72: =IFS(N72="B",Q72/M72/100*249945/R72 *U72,N72="C",Q72/M72/100*249945/R72 ) -> 1912.0171 | T72: 9.1.0.2 | U72: 1 | V72: =S72/K72 -> #DIV/0! | W72: =(S72-K72)*M72*#REF!*#REF!*J72/(249945/845) -> #DIV/0!
B73: Grenade launcher | C73: Adaptive frame | D73: 17883 | E73: 257 impact | F73: Sticky Grenades, Explosive Light | G73: S | H73: =17883+257 -> 18140 | I73: 1 | K73: =H73/I73/J73 -> #DIV/0! | L73: S | M73: 7 | N73: B | O73: 75.059382 | P73: 24.228029 | Q73: =O73-P73 -> 50.831353 | R73: =IFS(L73="S",21494/2048*1.25) -> 13.118896 | S73: =IFS(N73="B",Q73/M73/100*249945/R73 *U73,N73="C",Q73/M73/100*249945/R73 ) -> 1383.5051 | T73: 9.0.0.8 | U73: 1 | V73: =S73/K73 -> #DIV/0! | W73: =(S73-K73)*M73*#REF!*#REF!*J73/(249945/845) -> #DIV/0!
B74: Grenade launcher | C74: Adaptive frame | D74: 7668 | E74: 3086 impact | F74: Spike Grenades | G74: S | H74: =7668+3086 -> 10754 | I74: 1 | K74: =H74/I74/J74 -> #DIV/0! | L74: S | M74: 7 | N74: B | O74: 90.023753 | P74: 59.857482 | Q74: =O74-P74 -> 30.166271 | R74: =IFS(L74="S",21494/2048*1.25) -> 13.118896 | S74: =IFS(N74="B",Q74/M74/100*249945/R74 *U74,N74="C",Q74/M74/100*249945/R74 ) -> 821.05214 | T74: 9.0.0.8 | U74: 1 | V74: =S74/K74 -> #DIV/0! | W74: =(S74-K74)*M74*#REF!*#REF!*J74/(249945/845) -> #DIV/0!
B75: Grenade launcher | C75: Adaptive frame | D75: 13756 | E75: 1927 impact | F75: Spike Grenades, Explosive Light | G75: S | H75: =13756+1927 -> 15683 | I75: 1 | K75: =H75/I75/J75 -> #DIV/0! | L75: S | M75: 7 | N75: B | O75: 73.752969 | P75: 29.691211 | Q75: =O75-P75 -> 44.061758 | R75: =IFS(L75="S",21494/2048*1.25) -> 13.118896 | S75: =IFS(N75="B",Q75/M75/100*249945/R75 *U75,N75="C",Q75/M75/100*249945/R75 ) -> 1199.2533 | T75: 9.0.0.8 | U75: 1 | V75: =S75/K75 -> #DIV/0! | W75: =(S75-K75)*M75*#REF!*#REF!*J75/(249945/845) -> #DIV/0!
B76: Grenade launcher | C76: Adaptive frame | D76: 7633 | E76: 2786 impact | G76: S | H76: =7633+2786 -> 10419 | I76: 1 | K76: =H76/I76/J76 -> #DIV/0! | L76: S | M76: 7 | N76: B | O76: 90.023753 | P76: 60.688836 | Q76: =O76-P76 -> 29.334917 | R76: =IFS(L76="S",21494/2048*1.25) -> 13.118896 | S76: =IFS(N76="B",Q76/M76/100*249945/R76 *U76,N76="C",Q76/M76/100*249945/R76 ) -> 798.42471 | T76: 9.0.0.8 | U76: 1 | V76: =S76/K76 -> #DIV/0! | W76: =(S76-K76)*M76*#REF!*#REF!*J76/(249945/845) -> #DIV/0!
B77: Grenade launcher | C77: Adaptive frame | D77: 9968 | E77: 412 impact | F77: Sticky Grenades | G77: S | H77: =9968+412 -> 10380 | I77: 1 | K77: =H77/I77/J77 -> #DIV/0! | L77: S | M77: 6 | N77: B | O77: 90.023753 | P77: 64.964371 | Q77: =O77-P77 -> 25.059382 | R77: =IFS(L77="S",21494/2048*1.25) -> 13.118896 | S77: =IFS(N77="B",Q77/M77/100*249945/R77 *U77,N77="C",Q77/M77/100*249945/R77 ) -> 795.73096 | T77: 9.0.0.8 | U77: 1 | V77: =S77/K77 -> #DIV/0! | W77: =(S77-K77)*M77*#REF!*#REF!*J77/(249945/845) -> #DIV/0!
B78: Grenade launcher | C78: Alethonym | D78: 6903 | E78: 1462 impact, 1028 tick | F78: average | G78: C | H78: 30411 | I78: 10 | K78: =H78/I78/J78 -> #DIV/0! | L78: / | M78: / | N78: / | O78: / | P78: / | Q78: / | R78: / | S78: =IFS(N78="B",Q78/M78/100*249945/R78 *U78,N78="C",Q78/M78/100*249945/R78 ) -> #N/A | T78: 9.1.5.2 | U78: 1 | V78: =101183/102075 -> 0.99126133 | W78: =(101183-102075)/(1500000/845) -> -0.50249333
B79: Grenade launcher | C79: Anarchy | D79: 2764 | E79: 274 impact, 1382 single DoT 851/983/1329 trap explosion | F79: average - per trap, double stick | G79: S | H79: =1382*2+274*2+2764*19+983+1382+1329+851 -> 60373 | I79: 2 | K79: =H79/I79/J79 -> #DIV/0! | L79: S | M79: 2 | N79: B | O79: 90.023753 | P79: 65.795724 | Q79: =O79-P79 -> 24.228029 | R79: =IFS(L79="S",21494/2048*1.25) -> 13.118896 | S79: =IFS(N79="B",Q79/M79/100*249945/R79 *U79,N79="C",Q79/M79/100*249945/R79 ) -> 2307.997 | T79: 9.1.0.2 | U79: 1 | V79: =S79/K79 -> #DIV/0! | W79: =(S79-K79)*M79*#REF!*#REF!*J79/(249945/845) -> #DIV/0!
B80: Grenade launcher | C80: Area denial frame | D80: 680 | E80: 265 impact | G80: S | H80: =265*5+680*22 -> 16285 | I80: 1 | K80: =H80/I80/J80 -> #DIV/0! | L80: S | M80: 1 | N80: B | O80: 90.023753 | P80: 83.372922 | Q80: =O80-P80 -> 6.650831 | R80: =IFS(L80="S",21494/2048*1.25) -> 13.118896 | S80: =IFS(N80="B",Q80/M80/100*249945/R80 *U80,N80="C",Q80/M80/100*249945/R80 ) -> 1267.1355 | T80: 9.0.0.8 | U80: 1 | V80: =S80/K80 -> #DIV/0! | W80: =(S80-K80)*M80*#REF!*#REF!*J80/(249945/845) -> #DIV/0!
B81: Grenade launcher | C81: Compressed wave frame | D81: 10528 | G81: S | H81: 10528 | I81: 1 | K81: =H81/I81/J81 -> #DIV/0! | L81: S | M81: 6 | N81: B | O81: 90.023753 | P81: 64.726841 | Q81: =O81-P81 -> 25.296912 | R81: =IFS(L81="S",21494/2048*1.25) -> 13.118896 | S81: =IFS(N81="B",Q81/M81/100*249945/R81 *U81,N81="C",Q81/M81/100*249945/R81 ) -> 803.27344 | T81: 9.0.0.8 | U81: 1 | V81: =S81/K81 -> #DIV/0! | W81: =(S81-K81)*M81*#REF!*#REF!*J81/(249945/845) -> #DIV/0!
B82: Grenade launcher | C82: Dead Messenger | D82: 1540 | G82: C | H82: 23100 | I82: 5 | K82: =H82/I82/J82 -> #DIV/0! | L82: / | M82: / | N82: / | O82: / | P82: / | Q82: / | R82: / | S82: =IFS(N82="B",Q82/M82/100*249945/R82 *U82,N82="C",Q82/M82/100*249945/R82 ) -> #N/A | T82: 9.1.5.2 | U82: 1 | V82: =81657/78120 -> 1.0452765 | W82: =(81657-78120)/(1500000/845) -> 1.99251
B83: Grenade launcher | C83: Double fire frame | D83: 2931 | E83: 2918 impact | F83: Implosion Rounds | G83: S | H83: =2918*2+2931*2 -> 11698 | I83: 1 | K83: =H83/I83/J83 -> #DIV/0! | L83: S | M83: 2 | N83: B | O83: 85.273159 | P83: 75.890736 | Q83: =O83-P83 -> 9.382423 | R83: =IFS(L83="S",21494/2048*1.25) -> 13.118896 | S83: =IFS(N83="B",Q83/M83/100*249945/R83 *U83,N83="C",Q83/M83/100*249945/R83 ) -> 893.78315 | T83: 9.0.0.8 | U83: 1 | V83: =S83/K83 -> #DIV/0! | W83: =(S83-K83)*M83*#REF!*#REF!*J83/(249945/845) -> #DIV/0!
B84: Grenade launcher | C84: Double fire frame | D84: 3285 | E84: 2628 impact | F84: Spike Grenades | G84: S | H84: =3285*2+2628*2 -> 11826 | I84: 1 | K84: =H84/I84/J84 -> #DIV/0! | L84: S | M84: 5 | N84: B | O84: 90.023753 | P84: 66.270784 | Q84: =O84-P84 -> 23.752969 | R84: =IFS(L84="S",21494/2048*1.25) -> 13.118896 | S84: =IFS(N84="B",Q84/M84/100*249945/R84 *U84,N84="C",Q84/M84/100*249945/R84 ) -> 905.09683 | T84: 9.0.0.8 | U84: 1 | V84: =S84/K84 -> #DIV/0! | W84: =(S84-K84)*M84*#REF!*#REF!*J84/(249945/845) -> #DIV/0!
B85: Grenade launcher | C85: Ex Diris | D85: 4812 | E85: 4038 secondary, 6794 moth | F85: average - with moth | G85: S | H85: =(2*6794+10*(4038+4812))/10 -> 10208.8 | I85: 1 | K85: =H85/I85/J85 -> #DIV/0! | L85: S | M85: 10 | N85: B | O85: 90.023753 | P85: 49.049881 | Q85: =O85-P85 -> 40.973872 | R85: =IFS(L85="S",21494/2048*1.25) -> 13.118896 | S85: =IFS(N85="B",Q85/M85/100*249945/R85 *U85,N85="C",Q85/M85/100*249945/R85 ) -> 780.64603 | T85: 9.1.0.2 | U85: 1 | V85: =S85/K85 -> #DIV/0! | W85: =(S85-K85)*M85*#REF!*#REF!*J85/(249945/845) -> #DIV/0!
B86: Grenade launcher | C86: Fighting Lion | D86: 6645 | E86: 1683 impact, 984 volatile | F86: average - with volatile damage | G86: S | H86: =((6645+1683)*4+984*2)/4 -> 8820 | I86: 1 | K86: =H86/I86/J86 -> #DIV/0! | L86: S | M86: 4 | N86: B | O86: 86.698337 | P86: 72.565321 | Q86: =O86-P86 -> 14.133016 | R86: =IFS(L86="S",21494/2048*1.25) -> 13.118896 | S86: =IFS(N86="B",Q86/M86/100*249945/R86 *U86,N86="C",Q86/M86/100*249945/R86 ) -> 673.16574 | T86: 9.1.0.2 | U86: 1 | V86: =S86/K86 -> #DIV/0! | W86: =(S86-K86)*M86*#REF!*#REF!*J86/(249945/845) -> #DIV/0!
B87: Grenade launcher | C87: Lightweight frame | D87: 2646 | E87: 6200 impact | F87: Implosion Rounds | G87: S | H87: =6200+2646 -> 8846 | I87: 1 | K87: =H87/I87/J87 -> #DIV/0! | L87: S | M87: 6 | N87: B | O87: 90.023753 | P87: 68.764846 | Q87: =O87-P87 -> 21.258907 | R87: =IFS(L87="S",21494/2048*1.25) -> 13.118896 | S87: =IFS(N87="B",Q87/M87/100*249945/R87 *U87,N87="C",Q87/M87/100*249945/R87 ) -> 675.05138 | T87: 9.0.0.8 | U87: 1 | V87: =S87/K87 -> #DIV/0! | W87: =(S87-K87)*M87*#REF!*#REF!*J87/(249945/845) -> #DIV/0!
B88: Grenade launcher | C88: Lightweight frame | D88: 2646 | E88: 6392 impact | F88: Spike Grenades | G88: S | H88: =6392+2646 -> 9038 | I88: 1 | K88: =H88/I88/J88 -> #DIV/0! | L88: S | M88: 6 | N88: B | O88: 90.023753 | P88: 68.289786 | Q88: =O88-P88 -> 21.733967 | R88: =IFS(L88="S",21494/2048*1.25) -> 13.118896 | S88: =IFS(N88="B",Q88/M88/100*249945/R88 *U88,N88="C",Q88/M88/100*249945/R88 ) -> 690.13635 | T88: 9.0.0.8 | U88: 1 | V88: =S88/K88 -> #DIV/0! | W88: =(S88-K88)*M88*#REF!*#REF!*J88/(249945/845) -> #DIV/0!
B89: Grenade launcher | C89: Micro-missile frame | D89: 8439 | E89: 3638 impact | F89: Implosion Rounds | G89: S | H89: =8439+3638 -> 12077 | I89: 1 | K89: =H89/I89/J89 -> #DIV/0! | L89: S | M89: 5 | N89: B | O89: 90.023753 | P89: 65.795724 | Q89: =O89-P89 -> 24.228029 | R89: =IFS(L89="S",21494/2048*1.25) -> 13.118896 | S89: =IFS(N89="B",Q89/M89/100*249945/R89 *U89,N89="C",Q89/M89/100*249945/R89 ) -> 923.19879 | T89: 9.0.0.8 | U89: 1 | V89: =S89/K89 -> #DIV/0! | W89: =(S89-K89)*M89*#REF!*#REF!*J89/(249945/845) -> #DIV/0!
B90: Grenade launcher | C90: Micro-missile frame | D90: 8266 | E90: 3781 impact | F90: Spike Grenades | G90: S | H90: =8266+3781 -> 12047 | I90: 1 | K90: =H90/I90/J90 -> #DIV/0! | L90: S | M90: 4 | N90: B | O90: 90.023753 | P90: 70.665083 | Q90: =O90-P90 -> 19.35867 | R90: =IFS(L90="S",21494/2048*1.25) -> 13.118896 | S90: =IFS(N90="B",Q90/M90/100*249945/R90 *U90,N90="C",Q90/M90/100*249945/R90 ) -> 922.06741 | T90: 9.0.0.8 | U90: 1 | V90: =S90/K90 -> #DIV/0! | W90: =(S90-K90)*M90*#REF!*#REF!*J90/(249945/845) -> #DIV/0!
B91: Grenade launcher | C91: Parasite | D91: 21494 | E91: 7827 impact | G91: S | H91: =21494+7827 -> 29321 | I91: 1 | K91: =H91/I91/J91 -> #DIV/0! | L91: S | M91: 3 | N91: B | O91: 90.023753 | P91: 54.750954 | Q91: =O91-P91 -> 35.272799 | R91: =IFS(L91="S",21494/2048*1.25) -> 13.118896 | S91: =IFS(N91="B",Q91/M91/100*249945/R91 *U91,N91="C",Q91/M91/100*249945/R91 ) -> 2240.0918 | T91: 9.0.0.7 | U91: 1 | V91: =S91/K91 -> #DIV/0! | W91: =(S91-K91)*M91*#REF!*#REF!*J91/(249945/845) -> #DIV/0!
B92: Grenade launcher | C92: Rapid-fire frame | D92: 6115 | E92: 2781 impact | G92: S | H92: =6115+2781 -> 8896 | I92: 1 | K92: =H92/I92/J92 -> #DIV/0! | L92: S | M92: 8 | N92: B | O92: 90.023753 | P92: 61.52019 | Q92: =O92-P92 -> 28.503563 | R92: =IFS(L92="S",21494/2048*1.25) -> 13.118896 | S92: =IFS(N92="B",Q92/M92/100*249945/R92 *U92,N92="C",Q92/M92/100*249945/R92 ) -> 678.82263 | T92: 9.0.0.8 | U92: 1 | V92: =S92/K92 -> #DIV/0! | W92: =(S92-K92)*M92*#REF!*#REF!*J92/(249945/845) -> #DIV/0!
B93: Grenade launcher | C93: Rapid-fire frame | D93: 6115 | E93: 3128 impact | F93: Spike Grenades | G93: S | H93: =6115+3128 -> 9243 | I93: 1 | K93: =H93/I93/J93 -> #DIV/0! | L93: S | M93: 8 | N93: B | O93: 90.023753 | P93: 60.332542 | Q93: =O93-P93 -> 29.691211 | R93: =IFS(L93="S",21494/2048*1.25) -> 13.118896 | S93: =IFS(N93="B",Q93/M93/100*249945/R93 *U93,N93="C",Q93/M93/100*249945/R93 ) -> 707.1069 | T93: 9.0.0.8 | U93: 1 | V93: =S93/K93 -> #DIV/0! | W93: =(S93-K93)*M93*#REF!*#REF!*J93/(249945/845) -> #DIV/0!
B94: Grenade launcher | C94: Salvation's Grip | D94: 7808 | E94: 2592 impact | G94: S | H94: =7808+2592 -> 10400 | I94: 1 | K94: =H94/I94/J94 -> #DIV/0! | L94: S | M94: 5 | N94: B | O94: 90.023753 | P94: 69.12114 | Q94: =O94-P94 -> 20.902613 | R94: =IFS(L94="S",21494/2048*1.25) -> 13.118896 | S94: =IFS(N94="B",Q94/M94/100*249945/R94 *U94,N94="C",Q94/M94/100*249945/R94 ) -> 796.48522 | T94: 9.1.0.2 | U94: 1 | V94: =S94/K94 -> #DIV/0! | W94: =(S94-K94)*M94*#REF!*#REF!*J94/(249945/845) -> #DIV/0!
B95: Grenade launcher | C95: Salvation's Grip | D95: 265 | F95: charged | G95: R | H95: 7975 | I95: 5 | K95: =H95/I95/J95 -> #DIV/0! | L95: R | M95: 5 | N95: B | O95: 100 | P95: 95.249406 | Q95: =O95-P95 -> 4.750594 | R95: =1.25*1.22 -> 1.525 | S95: chunk | T95: 9.1.5.2 | U95: 1 | V95: =S95/K95 -> #DIV/0! | W95: =(S95-K95)*M95*#REF!*#REF!*J95/(249945/845) -> #DIV/0!
B96: Grenade launcher | C96: The Colony | D96: 10317 | E96: 596 impact | F96: direct impact | G96: S | H96: =10317+596 -> 10913 | I96: 1 | K96: =H96/I96/J96 -> #DIV/0! | L96: S | M96: 4 | N96: B | O96: 90.023753 | P96: 72.446556 | Q96: =O96-P96 -> 17.577197 | R96: =IFS(L96="S",21494/2048*1.25) -> 13.118896 | S96: =IFS(N96="B",Q96/M96/100*249945/R96 *U96,N96="C",Q96/M96/100*249945/R96 ) -> 837.21457 | T96: 9.1.0.2 | U96: 1 | V96: =S96/K96 -> #DIV/0! | W96: =(S96-K96)*M96*#REF!*#REF!*J96/(249945/845) -> #DIV/0!
B97: Grenade launcher | C97: The Prospector | D97: 6786 | E97: 2036 impact, 1755/71 submunition | F97: average - direct impact, standard target model | G97: S | H97: =6786*6+2036*6+1755*6+71*8 -> 64030 | I97: 6 | K97: =H97/I97/J97 -> #DIV/0! | L97: S | M97: 6 | N97: B | O97: 90.023753 | P97: 64.370546 | Q97: =O97-P97 -> 25.653207 | R97: =IFS(L97="S",21494/2048*1.25) -> 13.118896 | S97: =IFS(N97="B",Q97/M97/100*249945/R97 *U97,N97="C",Q97/M97/100*249945/R97 ) -> 814.58717 | T97: 9.1.0.2 | U97: 1 | V97: =S97/K97 -> #DIV/0! | W97: =(S97-K97)*M97*#REF!*#REF!*J97/(249945/845) -> #DIV/0!
B98: Grenade launcher | C98: Wave frame | D98: 6624 | G98: S | H98: 6624 | I98: 1 | K98: =H98/I98/J98 -> #DIV/0! | L98: S | M98: 8 | N98: B | O98: 90.023753 | P98: 68.764846 | Q98: =O98-P98 -> 21.258907 | R98: =IFS(L98="S",21494/2048*1.25) -> 13.118896 | S98: =IFS(N98="B",Q98/M98/100*249945/R98 *U98,N98="C",Q98/M98/100*249945/R98 ) -> 506.28854 | T98: 9.0.0.8 | U98: 1 | V98: =S98/K98 -> #DIV/0! | W98: =(S98-K98)*M98*#REF!*#REF!*J98/(249945/845) -> #DIV/0!
B99: Grenade launcher | C99: Witherhoard | D99: 1699 | E99: 511 impact | F99: direct impact | G99: S | H99: =511+1699*17 -> 29394 | I99: 1 | K99: =H99/I99/J99 -> #DIV/0! | L99: S | M99: 1 | N99: B | O99: 90.023753 | P99: 78.147268 | Q99: =O99-P99 -> 11.876485 | R99: =IFS(L99="S",21494/2048*1.25) -> 13.118896 | S99: =IFS(N99="B",Q99/M99/100*249945/R99 *U99,N99="C",Q99/M99/100*249945/R99 ) -> 2262.7422 | T99: 9.1.0.2 | U99: 1 | V99: =S99/K99 -> #DIV/0! | W99: =(S99-K99)*M99*#REF!*#REF!*J99/(249945/845) -> #DIV/0!
B100: Grenade launcher | C100: Witherhoard | D100: 395 | E100: 198 tick | F100: ground pool | G100: C | H100: 10012 | I100: 3 | K100: =H100/I100/J100 -> #DIV/0! | L100: T | M100: 3 | N100: B | O100: 99.64497 | P100: 96.923077 | Q100: =O100-P100 -> 2.721893 | R100: =1.25*1.22 -> 1.525 | S100: chunk | T100: 9.1.5.2 | U100: 1 | V100: =S100/K100 -> #DIV/0! | W100: =(S100-K100)*M100*#REF!*#REF!*J100/(249945/845) -> #DIV/0!
...

Sheet Abilities
A1: INFORMATION | G1: VISUAL | L1: HEALTHBAR | S1: VERIFICATION
A2: 🖼️ | B2: Type | C2: Subtype | D2: primary Tick | E2: secondary Ticks | F2: Modifiers | G2: Boss | H2: Wipe | I2: # | J2: Full Modifiers | K2: visual Value | L2: Boss | M2: # | N2: HP1 | O2: HP2 | P2: % | Q2: Full Modifiers | R2: healthbar Value | S2: Patch | T2: Ratio | U2: Deviation
B3: Grenade | C3: Arcbolt | D3: 6640 | G3: S | H3: 6640 | I3: 1 | J3: =IFS(G3="S",21494/2048,G3="C",(21494/2048)/(87875/9999)*2*1.3,OR(G3="R",G3="T"),1) -> 10.495117 | K3: =H3/I3/J3 -> 632.67517 | L3: S | M3: 5 | N3: 90.023753 | O3: 76.72209 | P3: =N3-O3 -> 13.301663 | Q3: =IFS(L3="S",21494/2048,L3="R",1) -> 10.495117 | R3: =IFS(L3="S",P3/M3/100*249945/Q3,L3="R",P3/M3/100*170255/Q3) -> 633.5678 | S3: 9.1.5.2 | T3: =R3/K3 -> 1.0014109 | U3: =IFS(L3="S",(R3-K3)*M3*J3/(249945/845),L3="R",(R3-K3)*M3*J3/(170255/845)) -> 0.1583594
B4: Grenade | C4: Axion Bolt | D4: 8245 | E4: 66 direct, 67 seeker impact | F4: Chaos Accelerant | G4: S | H4: =66*2+67*2+8245*2 -> 16756 | I4: 1 | J4: =IFS(G4="S",21494/2048,G4="C",(21494/2048)/(87875/9999)*2*1.3,OR(G4="R",G4="T"),1) -> 10.495117 | K4: =H4/I4/J4 -> 1596.552 | L4: S | M4: 2 | N4: 90.023753 | O4: 76.603325 | P4: =N4-O4 -> 13.420428 | Q4: =IFS(L4="S",21494/2048,L4="R",1) -> 10.495117 | R4: =IFS(L4="S",P4/M4/100*249945/Q4,L4="R",P4/M4/100*170255/Q4) -> 1598.0617 | S4: 9.1.5.2 | T4: =R4/K4 -> 1.0009456 | U4: =IFS(L4="S",(R4-K4)*M4*J4/(249945/845),L4="R",(R4-K4)*M4*J4/(170255/845)) -> 0.10713159
B5: Grenade | C5: Axion Bolt | D5: 6596 | E5: 66 direct, 67 seeker impact | G5: S | H5: =66+67+6596 -> 6729 | I5: 1 | J5: =IFS(G5="S",21494/2048,G5="C",(21494/2048)/(87875/9999)*2*1.3,OR(G5="R",G5="T"),1) -> 10.495117 | K5: =H5/I5/J5 -> 641.1553 | L5: S | M5: 4 | N5: 90.023753 | O5: 79.097387 | P5: =N5-O5 -> 10.926366 | Q5: =IFS(L5="S",21494/2048,L5="R",1) -> 10.495117 | R5: =IFS(L5="S",P5/M5/100*249945/Q5,L5="R",P5/M5/100*170255/Q5) -> 650.53836 | S5: 9.1.5.2 | T5: =R5/K5 -> 1.0146346 | U5: =IFS(L5="S",(R5-K5)*M5*J5/(249945/845),L5="R",(R5-K5)*M5*J5/(170255/845)) -> 1.3316936
B6: Grenade | C6: Electrified Snare | D6: ? | E6: ? | F6: Facet of Courage | G6: R | H6: 2494 | I6: 2 | J6: =IFS(G6="S",21494/2048,G6="C",(21494/2048)/(87875/9999)*2*1.3,OR(G6="R",G6="T"),1) -> 1 | K6: =H6/I6/J6 -> 1247 | L6: R | M6: 2 | N6: 100 | O6: 98.456057 | P6: =N6-O6 -> 1.543943 | Q6: =IFS(L6="S",21494/2048,L6="R",1) -> 1 | R6: =IFS(L6="S",P6/M6/100*249945/Q6,L6="R",P6/M6/100*170255/Q6) -> 1314.3201 | S6: 9.1.5.4 | T6: =R6/K6 -> 1.0539856 | U6: =IFS(L6="S",(R6-K6)*M6*J6/(249945/845),L6="R",(R6-K6)*M6*J6/(170255/845)) -> 0.66823841
B7: Grenade | C7: Firebolt | D7: 4283 | E7: 7441 ignition, 88 scorch start | F7: average - Ember of Ashes, with ignition | G7: S | H7: =4283*4+88*3+146*2+150*2+210*2+209*3+7441 -> 26476 | I7: 4 | J7: =IFS(G7="S",21494/2048,G7="C",(21494/2048)/(87875/9999)*2*1.3,OR(G7="R",G7="T"),1) -> 10.495117 | K7: =H7/I7/J7 -> 630.67423 | L7: S | M7: 4 | N7: 90.023753 | O7: 79.334917 | P7: =N7-O7 -> 10.688836 | Q7: =IFS(L7="S",21494/2048,L7="R",1) -> 10.495117 | R7: =IFS(L7="S",P7/M7/100*249945/Q7,L7="R",P7/M7/100*170255/Q7) -> 636.39621 | S7: 9.1.5.2 | T7: =R7/K7 -> 1.0090728 | U7: =IFS(L7="S",(R7-K7)*M7*J7/(249945/845),L7="R",(R7-K7)*M7*J7/(170255/845)) -> 0.81209231
B8: Grenade | C8: Flashbang | D8: 830 | E8: 7 impact | G8: R | H8: 5022 | I8: 6 | J8: =IFS(G8="S",21494/2048,G8="C",(21494/2048)/(87875/9999)*2*1.3,OR(G8="R",G8="T"),1) -> 1 | K8: =H8/I8/J8 -> 837 | L8: R | M8: 6 | N8: 100 | O8: 97.030879 | P8: =N8-O8 -> 2.969121 | Q8: =IFS(L8="S",21494/2048,L8="R",1) -> 1 | R8: =IFS(L8="S",P8/M8/100*249945/Q8,L8="R",P8/M8/100*170255/Q8) -> 842.51283 | S8: 9.5.0 | T8: =R8/K8 -> 1.0065864 | U8: =IFS(L8="S",(R8-K8)*M8*J8/(249945/845),L8="R",(R8-K8)*M8*J8/(170255/845)) -> 0.16416569
B9: Grenade | C9: Flux | D9: 19109 | E9: 67 impact | G9: S | H9: =67+19109 -> 19176 | I9: 1 | J9: =IFS(G9="S",21494/2048,G9="C",(21494/2048)/(87875/9999)*2*1.3,OR(G9="R",G9="T"),1) -> 10.495117 | K9: =H9/I9/J9 -> 1827.1354 | L9: S | M9: 3 | N9: 90.023753 | O9: 66.983373 | P9: =N9-O9 -> 23.04038 | Q9: =IFS(L9="S",21494/2048,L9="R",1) -> 10.495117 | R9: =IFS(L9="S",P9/M9/100*249945/Q9,L9="R",P9/M9/100*170255/Q9) -> 1829.0499 | S9: 9.1.5.2 | T9: =R9/K9 -> 1.0010478 | U9: =IFS(L9="S",(R9-K9)*M9*J9/(249945/845),L9="R",(R9-K9)*M9*J9/(170255/845)) -> 0.20378377
B10: Grenade | C10: Freezing Singularity | D10: 685 | E10: 172 tick, 237/3781 shatter, 5647 suppress | F10: Facet of Courage, Facet of Ruin | G10: S | H10: =685+35+172*16+122+3781+237+5647 -> 13259 | I10: 1 | J10: =IFS(G10="S",21494/2048,G10="C",(21494/2048)/(87875/9999)*2*1.3,OR(G10="R",G10="T"),1) -> 10.495117 | K10: =H10/I10/J10 -> 1263.3494 | L10: S | M10: 1 | N10: 90.023753 | O10: 84.679335 | P10: =N10-O10 -> 5.344418 | Q10: =IFS(L10="S",21494/2048,L10="R",1) -> 10.495117 | R10: =IFS(L10="S",P10/M10/100*249945/Q10,L10="R",P10/M10/100*170255/Q10) -> 1272.7924 | S10: 9.1.5.2 | T10: =R10/K10 -> 1.0074746 | U10: =IFS(L10="S",(R10-K10)*M10*J10/(249945/845),L10="R",(R10-K10)*M10*J10/(170255/845)) -> 0.33505054
B11: Grenade | C11: Fusion | D11: 8124 | E11: 63 impact, 7624 2nd explosion, 150 scorch start, 7441 ignition | F11: average - Ember of Ashes, Touch of Flame, with ignition | G11: S | H11: =63*2+7624*2+8124*2+7441+150*4 -> 39663 | I11: 2 | J11: =IFS(G11="S",21494/2048,G11="C",(21494/2048)/(87875/9999)*2*1.3,OR(G11="R",G11="T"),1) -> 10.495117 | K11: =H11/I11/J11 -> 1889.593 | L11: S | M11: 2 | N11: 90.023753 | O11: 73.990499 | P11: =N11-O11 -> 16.033254 | Q11: =IFS(L11="S",21494/2048,L11="R",1) -> 10.495117 | R11: =IFS(L11="S",P11/M11/100*249945/Q11,L11="R",P11/M11/100*170255/Q11) -> 1909.1886 | S11: 9.1.5.2 | T11: =R11/K11 -> 1.0103703 | U11: =IFS(L11="S",(R11-K11)*M11*J11/(249945/845),L11="R",(R11-K11)*M11*J11/(170255/845)) -> 1.3905564
B12: Grenade | C12: Fusion | D12: 8124 | E12: 63 impact, 150 scorch start, 7441 ignition | F12: average - Ember of Ashes, with ignition | G12: S | H12: =63*2+8124*2+7441+150*4 -> 24415 | I12: 2 | J12: =IFS(G12="S",21494/2048,G12="C",(21494/2048)/(87875/9999)*2*1.3,OR(G12="R",G12="T"),1) -> 10.495117 | K12: =H12/I12/J12 -> 1163.16 | L12: S | M12: 2 | N12: 90.023753 | O12: 80.166271 | P12: =N12-O12 -> 9.857482 | Q12: =IFS(L12="S",21494/2048,L12="R",1) -> 10.495117 | R12: =IFS(L12="S",P12/M12/100*249945/Q12,L12="R",P12/M12/100*170255/Q12) -> 1173.7974 | S12: 9.1.5.2 | T12: =R12/K12 -> 1.0091453 | U12: =IFS(L12="S",(R12-K12)*M12*J12/(249945/845),L12="R",(R12-K12)*M12*J12/(170255/845)) -> 0.75486391
B13: Grenade | C13: Glacier | D13: 166 | E13: 23 Fissures | F13: average - Whisper of Fissures | G13: R | H13: 5368 | I13: 4 | J13: =IFS(G13="S",21494/2048,G13="C",(21494/2048)/(87875/9999)*2*1.3,OR(G13="R",G13="T"),1) -> 1 | K13: =H13/I13/J13 -> 1342 | L13: R | M13: 4 | N13: 100 | O13: 97.030879 | P13: =N13-O13 -> 2.969121 | Q13: =IFS(L13="S",21494/2048,L13="R",1) -> 1 | R13: =IFS(L13="S",P13/M13/100*249945/Q13,L13="R",P13/M13/100*170255/Q13) -> 1263.7692 | S13: 9.1.5.2 | T13: =R13/K13 -> 0.94170584 | U13: =IFS(L13="S",(R13-K13)*M13*J13/(249945/845),L13="R",(R13-K13)*M13*J13/(170255/845)) -> -1.553082
B14: Grenade | C14: Glacier | D14: 166 | E14: 24 Fissures | F14: average - Whisper of Fissures, Touch of Winter | G14: R | H14: 3990 | I14: 3 | J14: =IFS(G14="S",21494/2048,G14="C",(21494/2048)/(87875/9999)*2*1.3,OR(G14="R",G14="T"),1) -> 1 | K14: =H14/I14/J14 -> 1330 | L14: R | M14: 3 | N14: 100 | O14: 97.743468 | P14: =N14-O14 -> 2.256532 | Q14: =IFS(L14="S",21494/2048,L14="R",1) -> 1 | R14: =IFS(L14="S",P14/M14/100*249945/Q14,L14="R",P14/M14/100*170255/Q14) -> 1280.6195 | S14: 9.1.5.2 | T14: =R14/K14 -> 0.96287182 | U14: =IFS(L14="S",(R14-K14)*M14*J14/(249945/845),L14="R",(R14-K14)*M14*J14/(170255/845)) -> -0.73524724
B15: Grenade | C15: Hailfire Spike | D15: 591 | E15: 24 impact, 148 tick, 237/3781 shatter, 461 2nd tick, 7090 ignition | F15: Facet of Courage, Facet of Ruin | G15: S | H15: =24+591+148*15+3781+237+650+34+42+507*2+461*14+112+152+171+209+7090 -> 22781 | I15: 1 | J15: =IFS(G15="S",21494/2048,G15="C",(21494/2048)/(87875/9999)*2*1.3,OR(G15="R",G15="T"),1) -> 10.495117 | K15: =H15/I15/J15 -> 2170.6285 | L15: S | M15: 1 | N15: 90.023753 | O15: 80.87886 | P15: =N15-O15 -> 9.144893 | Q15: =IFS(L15="S",21494/2048,L15="R",1) -> 10.495117 | R15: =IFS(L15="S",P15/M15/100*249945/Q15,L15="R",P15/M15/100*170255/Q15) -> 2177.8892 | S15: 9.1.5.2 | T15: =R15/K15 -> 1.003345 | U15: =IFS(L15="S",(R15-K15)*M15*J15/(249945/845),L15="R",(R15-K15)*M15*J15/(170255/845)) -> 0.25762217
B16: Grenade | C16: Incendiary | D16: 1125 | E16: 7 impact, 709 ignition, 20 scorch | F16: average - Ember of Ashes, with ignition | G16: R | H16: =6048 -> 6048 | I16: 4 | J16: =IFS(G16="S",21494/2048,G16="C",(21494/2048)/(87875/9999)*2*1.3,OR(G16="R",G16="T"),1) -> 1 | K16: =H16/I16/J16 -> 1512 | L16: R | M16: 4 | N16: 100 | O16: 96.437055 | P16: =N16-O16 -> 3.562945 | Q16: =IFS(L16="S",21494/2048,L16="R",1) -> 1 | R16: =IFS(L16="S",P16/M16/100*249945/Q16,L16="R",P16/M16/100*170255/Q16) -> 1516.523 | S16: 9.1.5.2 | T16: =R16/K16 -> 1.0029914 | U16: =IFS(L16="S",(R16-K16)*M16*J16/(249945/845),L16="R",(R16-K16)*M16*J16/(170255/845)) -> 0.089793241
B17: Grenade | C17: Lightning | D17: 373 | F17: average - stuck to ground | G17: R | H17: 4476 | I17: 3 | J17: =IFS(G17="S",21494/2048,G17="C",(21494/2048)/(87875/9999)*2*1.3,OR(G17="R",G17="T"),1) -> 1 | K17: =H17/I17/J17 -> 1492 | L17: R | M17: 3 | N17: 100 | O17: 97.149644 | P17: =N17-O17 -> 2.850356 | Q17: =IFS(L17="S",21494/2048,L17="R",1) -> 1 | R17: =IFS(L17="S",P17/M17/100*249945/Q17,L17="R",P17/M17/100*170255/Q17) -> 1617.6245 | S17: 9.1.5.4 | T17: =R17/K17 -> 1.0841988 | U17: =IFS(L17="S",(R17-K17)*M17*J17/(249945/845),L17="R",(R17-K17)*M17*J17/(170255/845)) -> 1.8704778
B18: Grenade | C18: Lightning | D18: 373 | F18: average - stuck to ground, Spark of Magnitude | G18: R | H18: 5602 | I18: 3 | J18: =IFS(G18="S",21494/2048,G18="C",(21494/2048)/(87875/9999)*2*1.3,OR(G18="R",G18="T"),1) -> 1 | K18: =H18/I18/J18 -> 1867.3333 | L18: R | M18: 3 | N18: 100 | O18: 96.31829 | P18: =N18-O18 -> 3.68171 | Q18: =IFS(L18="S",21494/2048,L18="R",1) -> 1 | R18: =IFS(L18="S",P18/M18/100*249945/Q18,L18="R",P18/M18/100*170255/Q18) -> 2089.4318 | S18: 9.1.5.4 | T18: =R18/K18 -> 1.1189388 | U18: =IFS(L18="S",(R18-K18)*M18*J18/(249945/845),L18="R",(R18-K18)*M18*J18/(170255/845)) -> 3.3069195
B19: Grenade | C19: Magnetic | D19: 5394 | E19: 73 impact, 5395 2nd explosion | F19: average | G19: S | H19: =73+5394+5395 -> 10862 | I19: 1 | J19: =IFS(G19="S",21494/2048,G19="C",(21494/2048)/(87875/9999)*2*1.3,OR(G19="R",G19="T"),1) -> 10.495117 | K19: =H19/I19/J19 -> 1034.9575 | L19: S | M19: 3 | N19: 90.023753 | O19: 76.95962 | P19: =N19-O19 -> 13.064133 | Q19: =IFS(L19="S",21494/2048,L19="R",1) -> 10.495117 | R19: =IFS(L19="S",P19/M19/100*249945/Q19,L19="R",P19/M19/100*170255/Q19) -> 1037.0901 | S19: 9.1.5.2 | T19: =R19/K19 -> 1.0020606 | U19: =IFS(L19="S",(R19-K19)*M19*J19/(249945/845),L19="R",(R19-K19)*M19*J19/(170255/845)) -> 0.22700757
B20: Grenade | C20: Magnetic | D20: 4083 | F20: average - Chaos Accelerant | G20: S | H20: =9*4083 -> 36747 | I20: 1 | J20: =IFS(G20="S",21494/2048,G20="C",(21494/2048)/(87875/9999)*2*1.3,OR(G20="R",G20="T"),1) -> 10.495117 | K20: =H20/I20/J20 -> 3501.3425 | L20: S | M20: 1 | N20: 90.023753 | O20: 75.296912 | P20: =N20-O20 -> 14.726841 | Q20: =IFS(L20="S",21494/2048,L20="R",1) -> 10.495117 | R20: =IFS(L20="S",P20/M20/100*249945/Q20,L20="R",P20/M20/100*170255/Q20) -> 3507.2503 | S20: 9.1.5.2 | T20: =R20/K20 -> 1.0016873 | U20: =IFS(L20="S",(R20-K20)*M20*J20/(249945/845),L20="R",(R20-K20)*M20*J20/(170255/845)) -> 0.20961537
B21: Grenade | C21: Pulse | D21: 2738 | E21: 1711/35 impact | F21: average | G21: S | H21: =1711+35+2738*5 -> 15436 | I21: 1 | J21: =IFS(G21="S",21494/2048,G21="C",(21494/2048)/(87875/9999)*2*1.3,OR(G21="R",G21="T"),1) -> 10.495117 | K21: =H21/I21/J21 -> 1470.7792 | L21: S | M21: 1 | N21: 90.023753 | O21: 83.847981 | P21: =N21-O21 -> 6.175772 | Q21: =IFS(L21="S",21494/2048,L21="R",1) -> 10.495117 | R21: =IFS(L21="S",P21/M21/100*249945/Q21,L21="R",P21/M21/100*170255/Q21) -> 1470.7824 | S21: 9.1.5.5 | T21: =R21/K21 -> 1.0000022 | U21: =IFS(L21="S",(R21-K21)*M21*J21/(249945/845),L21="R",(R21-K21)*M21*J21/(170255/845)) -> 0.00011266464
B22: Grenade | C22: Pulse | D22: 2738 | E22: 1711/35 impact | F22: average - Spark of Magnitude | G22: S | H22: =35+1711+2738*7 -> 20912 | I22: 1 | J22: =IFS(G22="S",21494/2048,G22="C",(21494/2048)/(87875/9999)*2*1.3,OR(G22="R",G22="T"),1) -> 10.495117 | K22: =H22/I22/J22 -> 1992.5456 | L22: S | M22: 2 | N22: 90.023753 | O22: 73.27791 | P22: =N22-O22 -> 16.745843 | Q22: =IFS(L22="S",21494/2048,L22="R",1) -> 10.495117 | R22: =IFS(L22="S",P22/M22/100*249945/Q22,L22="R",P22/M22/100*170255/Q22) -> 1994.0414 | S22: 9.1.5.2 | T22: =R22/K22 -> 1.0007507 | U22: =IFS(L22="S",(R22-K22)*M22*J22/(249945/845),L22="R",(R22-K22)*M22*J22/(170255/845)) -> 0.10614618
B23: Grenade | C23: Pulse | D23: 3261 | E23: 1631/33 impact, 2668 1st pulse | F23: average - Spark of Magnitude, Touch of Thunder | G23: S | H23: =1631+33+2668+2845+3087+3231+3261*3 -> 23278 | I23: 1 | J23: =IFS(G23="S",21494/2048,G23="C",(21494/2048)/(87875/9999)*2*1.3,OR(G23="R",G23="T"),1) -> 10.495117 | K23: =H23/I23/J23 -> 2217.9838 | L23: S | M23: 1 | N23: 90.023753 | O23: 80.64133 | P23: =N23-O23 -> 9.382423 | Q23: =IFS(L23="S",21494/2048,L23="R",1) -> 10.495117 | R23: =IFS(L23="S",P23/M23/100*249945/Q23,L23="R",P23/M23/100*170255/Q23) -> 2234.4579 | S23: 9.1.5.2 | T23: =R23/K23 -> 1.0074275 | U23: =IFS(L23="S",(R23-K23)*M23*J23/(249945/845),L23="R",(R23-K23)*M23*J23/(170255/845)) -> 0.58452102
B24: Grenade | C24: Scatter | D24: 1282 | E24: 76 impact, 575/769 secondary | F24: average | G24: C | H24: 13991 | I24: 6 | J24: 2 | K24: =H24/I24/J24 -> 1165.9167 | L24: S | M24: 1 | N24: 90.023753 | O24: 85.273159 | P24: =N24-O24 -> 4.750594 | Q24: =IFS(L24="S",21494/2048,L24="R",1) -> 10.495117 | R24: =IFS(L24="S",P24/M24/100*249945/Q24,L24="R",P24/M24/100*170255/Q24) -> 1131.3711 | S24: 9.1.5.2 | T24: =R24/K24 -> 0.97037046 | U24: =IFS(L24="S",(R24-K24)*M24*J24/(249945/845),L24="R",(R24-K24)*M24*J24/(170255/845)) -> -0.23357949
B25: Grenade | C25: Scatter | D25: 1885 | E25: 76 impact | F25: average - Chaos Accelerant | G25: C | H25: 28177 | I25: 6 | J25: 2 | K25: =H25/I25/J25 -> 2348.0833 | L25: S | M25: 2 | N25: 90.023753 | O25: 71.377672 | P25: =N25-O25 -> 18.646081 | Q25: =IFS(L25="S",21494/2048,L25="R",1) -> 10.495117 | R25: =IFS(L25="S",P25/M25/100*249945/Q25,L25="R",P25/M25/100*170255/Q25) -> 2220.3157 | S25: 9.1.5.2 | T25: =R25/K25 -> 0.94558642 | U25: =IFS(L25="S",(R25-K25)*M25*J25/(249945/845),L25="R",(R25-K25)*M25*J25/(170255/845)) -> -1.7277984
B26: Grenade | C26: Shackle | D26: 2977 | E26: 2083/30 impact | G26: S | H26: =2083+30+2977 -> 5090 | I26: 1 | J26: =IFS(G26="S",21494/2048,G26="C",(21494/2048)/(87875/9999)*2*1.3,OR(G26="R",G26="T"),1) -> 10.495117 | K26: =H26/I26/J26 -> 484.98744 | L26: S | M26: 3 | N26: 90.023753 | O26: 83.847981 | P26: =N26-O26 -> 6.175772 | Q26: =IFS(L26="S",21494/2048,L26="R",1) -> 10.495117 | R26: =IFS(L26="S",P26/M26/100*249945/Q26,L26="R",P26/M26/100*170255/Q26) -> 490.26079 | S26: 9.1.5.2 | T26: =R26/K26 -> 1.0108732 | U26: =IFS(L26="S",(R26-K26)*M26*J26/(249945/845),L26="R",(R26-K26)*M26*J26/(170255/845)) -> 0.56131613
B27: Grenade | C27: Skip | D27: 985 | E27: 66 impact, 263 secondary | F27: average | G27: S | H27: =66+263*4+985*4 -> 5058 | I27: 1 | J27: =IFS(G27="S",21494/2048,G27="C",(21494/2048)/(87875/9999)*2*1.3,OR(G27="R",G27="T"),1) -> 10.495117 | K27: =H27/I27/J27 -> 481.9384 | L27: S | M27: 3 | N27: 90.023753 | O27: 83.372922 | P27: =N27-O27 -> 6.650831 | Q27: =IFS(L27="S",21494/2048,L27="R",1) -> 10.495117 | R27: =IFS(L27="S",P27/M27/100*249945/Q27,L27="R",P27/M27/100*170255/Q27) -> 527.97313 | S27: 9.1.5.2 | T27: =R27/K27 -> 1.0955199 | U27: =IFS(L27="S",(R27-K27)*M27*J27/(249945/845),L27="R",(R27-K27)*M27*J27/(170255/845)) -> 4.9001161
B28: Grenade | C28: Solar | D28: 856 | E28: 685/35 impact, 69 scorch start | F28: average - Ember of Ashes, Touch of Flame | G28: R | H28: 6519 | I28: 4 | J28: =IFS(G28="S",21494/2048,G28="C",(21494/2048)/(87875/9999)*2*1.3,OR(G28="R",G28="T"),1) -> 1 | K28: =H28/I28/J28 -> 1629.75 | L28: R | M28: 4 | N28: 100 | O28: 96.199525 | P28: =N28-O28 -> 3.800475 | Q28: =IFS(L28="S",21494/2048,L28="R",1) -> 1 | R28: =IFS(L28="S",P28/M28/100*249945/Q28,L28="R",P28/M28/100*170255/Q28) -> 1617.6247 | S28: 9.1.5.4 | T28: =R28/K28 -> 0.99256001 | U28: =IFS(L28="S",(R28-K28)*M28*J28/(249945/845),L28="R",(R28-K28)*M28*J28/(170255/845)) -> -0.24071886
B29: Grenade | C29: Solar | D29: 856 | E29: 685/35 impact, 69 scorch start, 1369 glob, 7441 ignition | F29: average - Ember of Ashes, Touch of Flame, Sunbracers | G29: R | H29: 11115 | I29: 4 | J29: =IFS(G29="S",21494/2048,G29="C",(21494/2048)/(87875/9999)*2*1.3,OR(G29="R",G29="T"),1) -> 1 | K29: =H29/I29/J29 -> 2778.75 | L29: R | M29: 4 | N29: 100 | O29: 93.467933 | P29: =N29-O29 -> 6.532067 | Q29: =IFS(L29="S",21494/2048,L29="R",1) -> 1 | R29: =IFS(L29="S",P29/M29/100*249945/Q29,L29="R",P29/M29/100*170255/Q29) -> 2780.2927 | S29: 9.1.5.4 | T29: =R29/K29 -> 1.0005552 | U29: =IFS(L29="S",(R29-K29)*M29*J29/(249945/845),L29="R",(R29-K29)*M29*J29/(170255/845)) -> 0.030625925
B30: Grenade | C30: Solar | D30: 856 | E30: 685/35 impact, 71 constant scorch | F30: Ember of Ashes | G30: S | H30: =685+35+69+71*6+856*12+65+54+43+32+30+171+160+145+134+123+112+101+90+79+68+57+47+36 -> 13034 | I30: 1 | J30: =IFS(G30="S",21494/2048,G30="C",(21494/2048)/(87875/9999)*2*1.3,OR(G30="R",G30="T"),1) -> 10.495117 | K30: =H30/I30/J30 -> 1241.9109 | L30: S | M30: 1 | N30: 90.023753 | O30: 83.966746 | P30: =N30-O30 -> 6.057007 | Q30: =IFS(L30="S",21494/2048,L30="R",1) -> 10.495117 | R30: =IFS(L30="S",P30/M30/100*249945/Q30,L30="R",P30/M30/100*170255/Q30) -> 1442.4981 | S30: 9.1.5.5 | T30: =R30/K30 -> 1.161515 | U30: =IFS(L30="S",(R30-K30)*M30*J30/(249945/845),L30="R",(R30-K30)*M30*J30/(170255/845)) -> 7.1170949
B31: Grenade | C31: Storm | D31: 5607 | E31: 3958 secondary | F31: average | G31: S | H31: =5607+3958 -> 9565 | I31: 1 | J31: =IFS(G31="S",21494/2048,G31="C",(21494/2048)/(87875/9999)*2*1.3,OR(G31="R",G31="T"),1) -> 10.495117 | K31: =H31/I31/J31 -> 911.3762 | L31: S | M31: 2 | N31: 90.023753 | O31: 80.047506 | P31: =N31-O31 -> 9.976247 | Q31: =IFS(L31="S",21494/2048,L31="R",1) -> 10.495117 | R31: =IFS(L31="S",P31/M31/100*249945/Q31,L31="R",P31/M31/100*170255/Q31) -> 1187.9396 | S31: 9.1.5.2 | T31: =R31/K31 -> 1.3034569 | U31: =IFS(L31="S",(R31-K31)*M31*J31/(249945/845),L31="R",(R31-K31)*M31*J31/(170255/845)) -> 19.625659
B32: Grenade | C32: Storm | D32: 5607 | E32: 3958 secondary | F32: average - Spark of Magnitude | G32: S | H32: =5607+3958*2 -> 13523 | I32: 1 | J32: =IFS(G32="S",21494/2048,G32="C",(21494/2048)/(87875/9999)*2*1.3,OR(G32="R",G32="T"),1) -> 10.495117 | K32: =H32/I32/J32 -> 1288.504 | L32: S | M32: 2 | N32: 90.023753 | O32: 79.097387 | P32: =N32-O32 -> 10.926366 | Q32: =IFS(L32="S",21494/2048,L32="R",1) -> 10.495117 | R32: =IFS(L32="S",P32/M32/100*249945/Q32,L32="R",P32/M32/100*170255/Q32) -> 1301.0767 | S32: 9.1.5.2 | T32: =R32/K32 -> 1.0097577 | U32: =IFS(L32="S",(R32-K32)*M32*J32/(249945/845),L32="R",(R32-K32)*M32*J32/(170255/845)) -> 0.89219687
B33: Grenade | C33: Storm | D33: 5342 | E33: 611-1368 secondaries | F33: average - Spark of Magnitude, Touch of Thunder | G33: S | H33: =5342+1081+1368+1353+1050+1273+1237+1075+854+862+611+632+632+940 -> 18310 | I33: 1 | J33: =IFS(G33="S",21494/2048,G33="C",(21494/2048)/(87875/9999)*2*1.3,OR(G33="R",G33="T"),1) -> 10.495117 | K33: =H33/I33/J33 -> 1744.6208 | L33: S | M33: 1 | N33: 90.023753 | O33: 80.522565 | P33: =N33-O33 -> 9.501188 | Q33: =IFS(L33="S",21494/2048,L33="R",1) -> 10.495117 | R33: =IFS(L33="S",P33/M33/100*249945/Q33,L33="R",P33/M33/100*170255/Q33) -> 2262.7422 | S33: 9.1.5.2 | T33: =R33/K33 -> 1.2969822 | U33: =IFS(L33="S",(R33-K33)*M33*J33/(249945/845),L33="R",(R33-K33)*M33*J33/(170255/845)) -> 18.38362
B34: Grenade | C34: Suppressor | D34: 1037 | E34: 7 impact | G34: R | H34: 6264 | I34: 6 | J34: =IFS(G34="S",21494/2048,G34="C",(21494/2048)/(87875/9999)*2*1.3,OR(G34="R",G34="T"),1) -> 1 | K34: =H34/I34/J34 -> 1044 | L34: R | M34: 6 | N34: 100 | O34: 96.199525 | P34: =N34-O34 -> 3.800475 | Q34: =IFS(L34="S",21494/2048,L34="R",1) -> 1 | R34: =IFS(L34="S",P34/M34/100*249945/Q34,L34="R",P34/M34/100*170255/Q34) -> 1078.4165 | S34: 9.5.0 | T34: =R34/K34 -> 1.0329659 | U34: =IFS(L34="S",(R34-K34)*M34*J34/(249945/845),L34="R",(R34-K34)*M34*J34/(170255/845)) -> 1.0248827
B35: Grenade | C35: Swarm | D35: 629 | E35: 79 impact, 127 scorch start, 7441 ignition | F35: average - with ignition | G35: S | H35: =79*3+50+98*3+590*11+55+286+357+103+629*4+46+570+441+137+170*3+590*6+629*3+475+178+348+190+229+7441 -> 26380 | I35: 3 | J35: =IFS(G35="S",21494/2048,G35="C",(21494/2048)/(87875/9999)*2*1.3,OR(G35="R",G35="T"),1) -> 10.495117 | K35: =H35/I35/J35 -> 837.84994 | L35: S | M35: 3 | N35: 90.023753 | O35: 78.859857 | P35: =N35-O35 -> 11.163896 | Q35: =IFS(L35="S",21494/2048,L35="R",1) -> 10.495117 | R35: =IFS(L35="S",P35/M35/100*249945/Q35,L35="R",P35/M35/100*170255/Q35) -> 886.2407 | S35: 9.1.5.2 | T35: =R35/K35 -> 1.0577559 | U35: =IFS(L35="S",(R35-K35)*M35*J35/(249945/845),L35="R",(R35-K35)*M35*J35/(170255/845)) -> 5.1509007
B36: Grenade | C36: Swarm | D36: 629 | E36: 79 impact, 127 scorch start, 7441 ignition | F36: average - Ember of Ashes, with ignition | G36: S | H36: =79*2+540+629+54+590*2+21+461+242+127+190*5+7441+1+191+274+629+590 -> 13488 | I36: 2 | J36: =IFS(G36="S",21494/2048,G36="C",(21494/2048)/(87875/9999)*2*1.3,OR(G36="R",G36="T"),1) -> 10.495117 | K36: =H36/I36/J36 -> 642.58454 | L36: S | M36: 2 | N36: 90.023753 | O36: 81.710214 | P36: =N36-O36 -> 8.313539 | Q36: =IFS(L36="S",21494/2048,L36="R",1) -> 10.495117 | R36: =IFS(L36="S",P36/M36/100*249945/Q36,L36="R",P36/M36/100*170255/Q36) -> 989.94964 | S36: 9.1.5.2 | T36: =R36/K36 -> 1.540575 | U36: =IFS(L36="S",(R36-K36)*M36*J36/(249945/845),L36="R",(R36-K36)*M36*J36/(170255/845)) -> 24.649933
B37: Grenade | C37: Thermite | D37: 258 | E37: 709 ignition | F37: average - Ember of Ashes, with ignition | G37: R | H37: 27531 | I37: 4 | J37: =IFS(G37="S",21494/2048,G37="C",(21494/2048)/(87875/9999)*2*1.3,OR(G37="R",G37="T"),1) -> 1 | K37: =H37/I37/J37 -> 6882.75 | L37: R | M37: 4 | N37: 100 | O37: 83.729216 | P37: =N37-O37 -> 16.270784 | Q37: =IFS(L37="S",21494/2048,L37="R",1) -> 1 | R37: =IFS(L37="S",P37/M37/100*249945/Q37,L37="R",P37/M37/100*170255/Q37) -> 6925.4558 | S37: 9.1.5.4 | T37: =R37/K37 -> 1.0062048 | U37: =IFS(L37="S",(R37-K37)*M37*J37/(249945/845),L37="R",(R37-K37)*M37*J37/(170255/845)) -> 0.84782055
B38: Grenade | C38: Threadling | D38: 3095 | E38: 10 impact | F38: bar excludes impact | G38: S | H38: =3095*3 -> 9285 | I38: 1 | J38: =IFS(G38="S",21494/2048,G38="C",(21494/2048)/(87875/9999)*2*1.3,OR(G38="R",G38="T"),1) -> 10.495117 | K38: =H38/I38/J38 -> 884.69712 | L38: S | M38: 2 | N38: 90.023753 | O38: 82.541568 | P38: =N38-O38 -> 7.482185 | Q38: =IFS(L38="S",21494/2048,L38="R",1) -> 10.495117 | R38: =IFS(L38="S",P38/M38/100*249945/Q38,L38="R",P38/M38/100*170255/Q38) -> 890.95467 | S38: 9.1.5.2 | T38: =R38/K38 -> 1.0070731 | U38: =IFS(L38="S",(R38-K38)*M38*J38/(249945/845),L38="R",(R38-K38)*M38*J38/(170255/845)) -> 0.44405156
B39: Grenade | C39: Threadling | D39: 4116 | E39: 10 impact | F39: bar excludes impact, Thread of Evolution | G39: S | H39: =4116*3 -> 12348 | I39: 1 | J39: =IFS(G39="S",21494/2048,G39="C",(21494/2048)/(87875/9999)*2*1.3,OR(G39="R",G39="T"),1) -> 10.495117 | K39: =H39/I39/J39 -> 1176.5471 | L39: S | M39: 2 | N39: 90.023753 | O39: 80.047506 | P39: =N39-O39 -> 9.976247 | Q39: =IFS(L39="S",21494/2048,L39="R",1) -> 10.495117 | R39: =IFS(L39="S",P39/M39/100*249945/Q39,L39="R",P39/M39/100*170255/Q39) -> 1187.9396 | S39: 9.1.5.2 | T39: =R39/K39 -> 1.009683 | U39: =IFS(L39="S",(R39-K39)*M39*J39/(249945/845),L39="R",(R39-K39)*M39*J39/(170255/845)) -> 0.80843916
B40: Grenade | C40: Tripmine | D40: 10055 | E40: 126 impact, 143 scorch start, 7090 ignition | F40: average - Ember of Ashes, Wish-Dragon Teeth, with ignition | G40: S | H40: =126*2+143*4+10055*2+7090 -> 28024 | I40: 2 | J40: =IFS(G40="S",21494/2048,G40="C",(21494/2048)/(87875/9999)*2*1.3,OR(G40="R",G40="T"),1) -> 10.495117 | K40: =H40/I40/J40 -> 1335.0971 | L40: S | M40: 2 | N40: 90.023753 | O40: 78.741093 | P40: =N40-O40 -> 11.28266 | Q40: =IFS(L40="S",21494/2048,L40="R",1) -> 10.495117 | R40: =IFS(L40="S",P40/M40/100*249945/Q40,L40="R",P40/M40/100*170255/Q40) -> 1343.5031 | S40: 9.1.5.2 | T40: =R40/K40 -> 1.0062962 | U40: =IFS(L40="S",(R40-K40)*M40*J40/(249945/845),L40="R",(R40-K40)*M40*J40/(170255/845)) -> 0.59651377
B41: Grenade | C41: Tripmine | D41: 9235 | E41: 132 impact, 150 scorch start, 7441 ignition | F41: average - Ember of Ashes, with ignition | G41: S | H41: =132*2+9235*2+150*4+7441 -> 26775 | I41: 2 | J41: =IFS(G41="S",21494/2048,G41="C",(21494/2048)/(87875/9999)*2*1.3,OR(G41="R",G41="T"),1) -> 10.495117 | K41: =H41/I41/J41 -> 1275.5932 | L41: S | M41: 2 | N41: 90.023753 | O41: 79.216152 | P41: =N41-O41 -> 10.807601 | Q41: =IFS(L41="S",21494/2048,L41="R",1) -> 10.495117 | R41: =IFS(L41="S",P41/M41/100*249945/Q41,L41="R",P41/M41/100*170255/Q41) -> 1286.9346 | S41: 9.1.5.2 | T41: =R41/K41 -> 1.0088911 | U41: =IFS(L41="S",(R41-K41)*M41*J41/(249945/845),L41="R",(R41-K41)*M41*J41/(170255/845)) -> 0.80481418
B42: Grenade | C42: Void Spike | D42: 959 | E42: 69 impact | F42: Echo of Remnants | G42: S | H42: =26*959 -> 24934 | I42: 1 | J42: =IFS(G42="S",21494/2048,G42="C",(21494/2048)/(87875/9999)*2*1.3,OR(G42="R",G42="T"),1) -> 10.495117 | K42: =H42/I42/J42 -> 2375.7715 | L42: S | M42: 1 | N42: 90.023753 | O42: 80.047506 | P42: =N42-O42 -> 9.976247 | Q42: =IFS(L42="S",21494/2048,L42="R",1) -> 10.495117 | R42: =IFS(L42="S",P42/M42/100*249945/Q42,L42="R",P42/M42/100*170255/Q42) -> 2375.8792 | S42: 9.1.5.2 | T42: =R42/K42 -> 1.0000453 | U42: =IFS(L42="S",(R42-K42)*M42*J42/(249945/845),L42="R",(R42-K42)*M42*J42/(170255/845)) -> 0.0038221477
B43: Grenade | C43: Void Wall | D43: 115 | F43: Echo of Remnants | G43: T | H43: =6674*1.5 -> 10011 | I43: 3 | J43: =IFS(G43="S",21494/2048,G43="C",(21494/2048)/(87875/9999)*2*1.3,OR(G43="R",G43="T"),1) -> 1 | K43: =H43/I43/J43 -> 3337 | L43: T | M43: 3 | N43: 99.408284 | O43: 94.201183 | P43: =N43-O43 -> 5.207101 | Q43: 1 | R43: =P43/M43/100*182596/Q43 -> 3169.3194 | S43: 9.1.5.4 | T43: =R43/K43 -> 0.94975109 | U43: =(R43-K43)*M43*J43/(182596/845) -> -2.3279282
B44: Grenade | C44: Vortex | D44: 774 | E44: 1935/39 impact, 239 last explosion | F44: Echo of Remnants | G44: S | H44: =1935+39+774*19+239 -> 16919 | I44: 1 | J44: =IFS(G44="S",21494/2048,G44="C",(21494/2048)/(87875/9999)*2*1.3,OR(G44="R",G44="T"),1) -> 10.495117 | K44: =H44/I44/J44 -> 1612.083 | L44: S | M44: 1 | N44: 90.023753 | O44: 83.254157 | P44: =N44-O44 -> 6.769596 | Q44: =IFS(L44="S",21494/2048,L44="R",1) -> 10.495117 | R44: =IFS(L44="S",P44/M44/100*249945/Q44,L44="R",P44/M44/100*170255/Q44) -> 1612.2037 | S44: 9.1.5.2 | T44: =R44/K44 -> 1.0000749 | U44: =IFS(L44="S",(R44-K44)*M44*J44/(249945/845),L44="R",(R44-K44)*M44*J44/(170255/845)) -> 0.0042824632
B45: Grenade | C45: Vortex | D45: 774 | E45: 1935/39 impact, 199 last explosion | F45: Echo of Remnants, Chaos Accelerant | G45: S | H45: =1935+39+774*25+199 -> 21523 | I45: 1 | J45: =IFS(G45="S",21494/2048,G45="C",(21494/2048)/(87875/9999)*2*1.3,OR(G45="R",G45="T"),1) -> 10.495117 | K45: =H45/I45/J45 -> 2050.7632 | L45: S | M45: 1 | N45: 90.023753 | O45: 81.353919 | P45: =N45-O45 -> 8.669834 | Q45: =IFS(L45="S",21494/2048,L45="R",1) -> 10.495117 | R45: =IFS(L45="S",P45/M45/100*249945/Q45,L45="R",P45/M45/100*170255/Q45) -> 2064.7522 | S45: 9.1.5.2 | T45: =R45/K45 -> 1.0068214 | U45: =IFS(L45="S",(R45-K45)*M45*J45/(249945/845),L45="R",(R45-K45)*M45*J45/(170255/845)) -> 0.49634928
B46: Grenade | C46: Vortex | D46: 774 | E46: 1935/39 impact, 488 last explosion | G46: S | H46: =1935+39+774*12+488 -> 11750 | I46: 1 | J46: =IFS(G46="S",21494/2048,G46="C",(21494/2048)/(87875/9999)*2*1.3,OR(G46="R",G46="T"),1) -> 10.495117 | K46: =H46/I46/J46 -> 1119.5683 | L46: S | M46: 1 | N46: 90.023753 | O46: 85.273159 | P46: =N46-O46 -> 4.750594 | Q46: =IFS(L46="S",21494/2048,L46="R",1) -> 10.495117 | R46: =IFS(L46="S",P46/M46/100*249945/Q46,L46="R",P46/M46/100*170255/Q46) -> 1131.3711 | S46: 9.1.5.2 | T46: =R46/K46 -> 1.0105423 | U46: =IFS(L46="S",(R46-K46)*M46*J46/(249945/845),L46="R",(R46-K46)*M46*J46/(170255/845)) -> 0.41878008
B47: Melee | C47: Arcane Needle | D47: 4762 | E47: 407 unravel | F47: average - with unravel | G47: S | H47: =8*4762+407*21 -> 46643 | I47: 8 | J47: =IFS(G47="S",21494/2048,G47="C",(21494/2048)/(87875/9999)*2*1.3,OR(G47="R",G47="T"),1) -> 10.495117 | K47: =H47/I47/J47 -> 555.53215 | L47: S | M47: 8 | N47: 90.023753 | O47: 71.377672 | P47: =N47-O47 -> 18.646081 | Q47: =IFS(L47="S",21494/2048,L47="R",1) -> 10.495117 | R47: =IFS(L47="S",P47/M47/100*249945/Q47,L47="R",P47/M47/100*170255/Q47) -> 555.07893 | S47: 9.1.5.2 | T47: =R47/K47 -> 0.99918417 | U47: =IFS(L47="S",(R47-K47)*M47*J47/(249945/845),L47="R",(R47-K47)*M47*J47/(170255/845)) -> -0.12864692
B48: Melee | C48: Ball Lightning | D48: 1456 | E48: 628 secondary | G48: S | H48: =1456+628 -> 2084 | I48: 1 | J48: =IFS(G48="S",21494/2048,G48="C",(21494/2048)/(87875/9999)*2*1.3,OR(G48="R",G48="T"),1) -> 10.495117 | K48: =H48/I48/J48 -> 198.56853 | L48: S | M48: 5 | N48: 90.023753 | O48: 85.748219 | P48: =N48-O48 -> 4.275534 | Q48: =IFS(L48="S",21494/2048,L48="R",1) -> 10.495117 | R48: =IFS(L48="S",P48/M48/100*249945/Q48,L48="R",P48/M48/100*170255/Q48) -> 203.64677 | S48: 9.1.5.2 | T48: =R48/K48 -> 1.0255742 | U48: =IFS(L48="S",(R48-K48)*M48*J48/(249945/845),L48="R",(R48-K48)*M48*J48/(170255/845)) -> 0.90091228
B49: Melee | C49: Ballistic Slam | D49: ~5650 | F49: average - max typical Catapult Lift height | G49: S | H49: =6001+5641+5678+5296 -> 22616 | I49: 4 | J49: =IFS(G49="S",21494/2048,G49="C",(21494/2048)/(87875/9999)*2*1.3,OR(G49="R",G49="T"),1) -> 10.495117 | K49: =H49/I49/J49 -> 538.72671 | L49: S | M49: 4 | N49: 90.023753 | O49: 82.660333 | P49: =N49-O49 -> 7.36342 | Q49: =IFS(L49="S",21494/2048,L49="R",1) -> 10.495117 | R49: =IFS(L49="S",P49/M49/100*249945/Q49,L49="R",P49/M49/100*170255/Q49) -> 438.40626 | S49: 9.1.5.5 | T49: =R49/K49 -> 0.81378228 | U49: =IFS(L49="S",(R49-K49)*M49*J49/(249945/845),L49="R",(R49-K49)*M49*J49/(170255/845)) -> -14.238002
B50: Melee | C50: Base | D50: 946 | E50: 342/1359 poison min/max | F50: Necrotic Grip | G50: S | H50: =946+342+375+408+442+475+508+541+575+608+641+674+707+740+824+957+1090+1224+1359 -> 13436 | I50: 1 | J50: =IFS(G50="S",21494/2048,G50="C",(21494/2048)/(87875/9999)*2*1.3,OR(G50="R",G50="T"),1) -> 10.495117 | K50: =H50/I50/J50 -> 1280.2144 | L50: S | M50: 1 | N50: 90.023753 | O50: 84.441805 | P50: =N50-O50 -> 5.581948 | Q50: =IFS(L50="S",21494/2048,L50="R",1) -> 10.495117 | R50: =IFS(L50="S",P50/M50/100*249945/Q50,L50="R",P50/M50/100*170255/Q50) -> 1329.361 | S50: 9.1.5.2 | T50: =R50/K50 -> 1.0383894 | U50: =IFS(L50="S",(R50-K50)*M50*J50/(249945/845),L50="R",(R50-K50)*M50*J50/(170255/845)) -> 1.7437874
B51: Melee | C51: Base | D51: 2079 | F51: titan | G51: S | H51: 2079 | I51: 1 | J51: =IFS(G51="S",21494/2048,G51="C",(21494/2048)/(87875/9999)*2*1.3,OR(G51="R",G51="T"),1) -> 10.495117 | K51: =H51/I51/J51 -> 198.09212 | L51: S | M51: 7 | N51: 90.023753 | O51: 84.204276 | P51: =N51-O51 -> 5.819477 | Q51: =IFS(L51="S",21494/2048,L51="R",1) -> 10.495117 | R51: =IFS(L51="S",P51/M51/100*249945/Q51,L51="R",P51/M51/100*170255/Q51) -> 197.98992 | S51: 9.1.5.2 | T51: =R51/K51 -> 0.99948408 | U51: =IFS(L51="S",(R51-K51)*M51*J51/(249945/845),L51="R",(R51-K51)*M51*J51/(170255/845)) -> -0.025383342
B52: Melee | C52: Base | D52: 946 | F52: warlock | G52: S | H52: 946 | I52: 1 | J52: =IFS(G52="S",21494/2048,G52="C",(21494/2048)/(87875/9999)*2*1.3,OR(G52="R",G52="T"),1) -> 10.495117 | K52: =H52/I52/J52 -> 90.137155 | L52: S | M52: 20 | N52: 90.023753 | O52: 82.422803 | P52: =N52-O52 -> 7.60095 | Q52: =IFS(L52="S",21494/2048,L52="R",1) -> 10.495117 | R52: =IFS(L52="S",P52/M52/100*249945/Q52,L52="R",P52/M52/100*170255/Q52) -> 90.509682 | S52: 9.1.5.2 | T52: =R52/K52 -> 1.0041329 | U52: =IFS(L52="S",(R52-K52)*M52*J52/(249945/845),L52="R",(R52-K52)*M52*J52/(170255/845)) -> 0.26435549
B53: Melee | C53: Celestial Fire | D53: 1772 | E53: 112 scorch start, 7090 ignition | F53: average - Ember of Ashes, with ignition | G53: S | H53: =1772*9+7090+112*2+139+200*2+218 -> 24019 | I53: 3 | J53: =IFS(G53="S",21494/2048,G53="C",(21494/2048)/(87875/9999)*2*1.3,OR(G53="R",G53="T"),1) -> 10.495117 | K53: =H53/I53/J53 -> 762.86269 | L53: S | M53: 3 | N53: 90.023753 | O53: 80.4038 | P53: =N53-O53 -> 9.619953 | Q53: =IFS(L53="S",21494/2048,L53="R",1) -> 10.495117 | R53: =IFS(L53="S",P53/M53/100*249945/Q53,L53="R",P53/M53/100*170255/Q53) -> 763.6755 | S53: 9.1.5.2 | T53: =R53/K53 -> 1.0010655 | U53: =IFS(L53="S",(R53-K53)*M53*J53/(249945/845),L53="R",(R53-K53)*M53*J53/(170255/845)) -> 0.086518391
B54: Melee | C54: Consecration | D54: 383 | E54: 4467 2nd wave, 103 scorch start, 7090 ignition | G54: S | H54: =383+103+4467+7090 -> 12043 | I54: 1 | J54: =IFS(G54="S",21494/2048,G54="C",(21494/2048)/(87875/9999)*2*1.3,OR(G54="R",G54="T"),1) -> 10.495117 | K54: =H54/I54/J54 -> 1147.486 | L54: S | M54: 3 | N54: 90.023753 | O54: 75.534442 | P54: =N54-O54 -> 14.489311 | Q54: =IFS(L54="S",21494/2048,L54="R",1) -> 10.495117 | R54: =IFS(L54="S",P54/M54/100*249945/Q54,L54="R",P54/M54/100*170255/Q54) -> 1150.2272 | S54: 9.1.5.2 | T54: =R54/K54 -> 1.0023889 | U54: =IFS(L54="S",(R54-K54)*M54*J54/(249945/845),L54="R",(R54-K54)*M54*J54/(170255/845)) -> 0.29178651
B55: Melee | C55: Disorienting Blow | D55: 5120 | E55: 946 secondary | G55: S | H55: =5120+946 -> 6066 | I55: 1 | J55: =IFS(G55="S",21494/2048,G55="C",(21494/2048)/(87875/9999)*2*1.3,OR(G55="R",G55="T"),1) -> 10.495117 | K55: =H55/I55/J55 -> 577.98307 | L55: S | M55: 3 | N55: 90.023753 | O55: 82.660333 | P55: =N55-O55 -> 7.36342 | Q55: =IFS(L55="S",21494/2048,L55="R",1) -> 10.495117 | R55: =IFS(L55="S",P55/M55/100*249945/Q55,L55="R",P55/M55/100*170255/Q55) -> 584.54167 | S55: 9.1.5.2 | T55: =R55/K55 -> 1.0113474 | U55: =IFS(L55="S",(R55-K55)*M55*J55/(249945/845),L55="R",(R55-K55)*M55*J55/(170255/845)) -> 0.69812399
B56: Melee | C56: Flechette Storm | D56: 1406 | E56: 25 secondary, 407 unravel | F56: average - with unravel | G56: S | H56: =1406*4*5+25*4*5+407*5 -> 30655 | I56: 5 | J56: =IFS(G56="S",21494/2048,G56="C",(21494/2048)/(87875/9999)*2*1.3,OR(G56="R",G56="T"),1) -> 10.495117 | K56: =H56/I56/J56 -> 584.17642 | L56: S | M56: 5 | N56: 90.023753 | O56: 77.315914 | P56: =N56-O56 -> 12.707839 | Q56: =IFS(L56="S",21494/2048,L56="R",1) -> 10.495117 | R56: =IFS(L56="S",P56/M56/100*249945/Q56,L56="R",P56/M56/100*170255/Q56) -> 605.28354 | S56: 9.1.5.2 | T56: =R56/K56 -> 1.0361314 | U56: =IFS(L56="S",(R56-K56)*M56*J56/(249945/845),L56="R",(R56-K56)*M56*J56/(170255/845)) -> 3.7445395
B57: Melee | C57: Frenzied Blade | D57: 5376 | E57: 10 secondary? | G57: S | H57: =5376*5 -> 26880 | I57: 5 | J57: =IFS(G57="S",21494/2048,G57="C",(21494/2048)/(87875/9999)*2*1.3,OR(G57="R",G57="T"),1) -> 10.495117 | K57: =H57/I57/J57 -> 512.23821 | L57: S | M57: 5 | N57: 90.023753 | O57: 79.216152 | P57: =N57-O57 -> 10.807601 | Q57: =IFS(L57="S",21494/2048,L57="R",1) -> 10.495117 | R57: =IFS(L57="S",P57/M57/100*249945/Q57,L57="R",P57/M57/100*170255/Q57) -> 514.77383 | S57: 9.1.5.2 | T57: =R57/K57 -> 1.0049501 | U57: =IFS(L57="S",(R57-K57)*M57*J57/(249945/845),L57="R",(R57-K57)*M57*J57/(170255/845)) -> 0.44983608
B58: Melee | C58: Glaive - adaptive | D58: 1191 | E58: 2127 heavy | F58: lights | G58: S | H58: 1191 | I58: 1 | J58: =IFS(G58="S",21494/2048,G58="C",(21494/2048)/(87875/9999)*2*1.3,OR(G58="R",G58="T"),1) -> 10.495117 | K58: =H58/I58/J58 -> 113.48134 | L58: S | M58: 16 | N58: 90.023753 | O58: 82.304038 | P58: =N58-O58 -> 7.719715 | Q58: =IFS(L58="S",21494/2048,L58="R",1) -> 10.495117 | R58: =IFS(L58="S",P58/M58/100*249945/Q58,L58="R",P58/M58/100*170255/Q58) -> 114.90487 | S58: 9.1.5.2 | T58: =R58/K58 -> 1.0125442 | U58: =IFS(L58="S",(R58-K58)*M58*J58/(249945/845),L58="R",(R58-K58)*M58*J58/(170255/845)) -> 0.80813859
B59: Melee | C59: Glaive - Vexcalibur | D59: 1429 | E59: 2552 heavy | F59: lights, Perpetual Loophole | G59: S | H59: 1429 | I59: 1 | J59: =IFS(G59="S",21494/2048,G59="C",(21494/2048)/(87875/9999)*2*1.3,OR(G59="R",G59="T"),1) -> 10.495117 | K59: =H59/I59/J59 -> 136.15856 | L59: S | M59: 14 | N59: 90.023753 | O59: 81.947743 | P59: =N59-O59 -> 8.07601 | Q59: =IFS(L59="S",21494/2048,L59="R",1) -> 10.495117 | R59: =IFS(L59="S",P59/M59/100*249945/Q59,L59="R",P59/M59/100*170255/Q59) -> 137.38078 | S59: 9.1.5.2 | T59: =R59/K59 -> 1.0089765 | U59: =IFS(L59="S",(R59-K59)*M59*J59/(249945/845),L59="R",(R59-K59)*M59*J59/(170255/845)) -> 0.60712476
B60: Melee | C60: Glaive - Winterbite | D60: 1436 | E60: 3781 shatter, 2565 heavy | F60: lights, with shatter damage | G60: S | H60: =1436*12+3781*2 -> 24794 | I60: 12 | J60: =IFS(G60="S",21494/2048,G60="C",(21494/2048)/(87875/9999)*2*1.3,OR(G60="R",G60="T"),1) -> 10.495117 | K60: =H60/I60/J60 -> 196.86933 | L60: S | M60: 12 | N60: 90.023753 | O60: 80.047506 | P60: =N60-O60 -> 9.976247 | Q60: =IFS(L60="S",21494/2048,L60="R",1) -> 10.495117 | R60: =IFS(L60="S",P60/M60/100*249945/Q60,L60="R",P60/M60/100*170255/Q60) -> 197.98993 | S60: 9.1.5.2 | T60: =R60/K60 -> 1.0056921 | U60: =IFS(L60="S",(R60-K60)*M60*J60/(249945/845),L60="R",(R60-K60)*M60*J60/(170255/845)) -> 0.47712627
B61: Melee | C61: Grapple | D61: 4083 | E61: 407 unravel | F61: average - with unravel | G61: S | H61: =4083*10+407*13 -> 46121 | I61: 5 | J61: =IFS(G61="S",21494/2048,G61="C",(21494/2048)/(87875/9999)*2*1.3,OR(G61="R",G61="T"),1) -> 10.495117 | K61: =H61/I61/J61 -> 878.90395 | L61: S | M61: 5 | N61: 90.023753 | O61: 71.496437 | P61: =N61-O61 -> 18.527316 | Q61: =IFS(L61="S",21494/2048,L61="R",1) -> 10.495117 | R61: =IFS(L61="S",P61/M61/100*249945/Q61,L61="R",P61/M61/100*170255/Q61) -> 882.46942 | S61: 9.1.5.2 | T61: =R61/K61 -> 1.0040567 | U61: =IFS(L61="S",(R61-K61)*M61*J61/(249945/845),L61="R",(R61-K61)*M61*J61/(170255/845)) -> 0.63253708
B62: Melee | C62: Hammer Strike | D62: 4608 | E62: 3072 secondary, 143 scorch start, 7090 ignition | F62: average - Ember of Ashes | G62: S | H62: =4608*2+3072*2+143*4+218+7090 -> 23240 | I62: 2 | J62: =IFS(G62="S",21494/2048,G62="C",(21494/2048)/(87875/9999)*2*1.3,OR(G62="R",G62="T"),1) -> 10.495117 | K62: =H62/I62/J62 -> 1107.1815 | L62: S | M62: 2 | N62: 90.023753 | O62: 82.422803 | P62: =N62-O62 -> 7.60095 | Q62: =IFS(L62="S",21494/2048,L62="R",1) -> 10.495117 | R62: =IFS(L62="S",P62/M62/100*249945/Q62,L62="R",P62/M62/100*170255/Q62) -> 905.09682 | S62: 9.1.5.2 | T62: =R62/K62 -> 0.81747825 | U62: =IFS(L62="S",(R62-K62)*M62*J62/(249945/845),L62="R",(R62-K62)*M62*J62/(170255/845)) -> -14.340458
B63: Melee | C63: Howl of the Storm | D63: 158 | E63: 23 Fissures | F63: average - Whisper of Fissures | G63: R | H63: 9713 | I63: 4 | J63: 1 | K63: =H63/I63/J63 -> 2428.25 | L63: R | M63: 4 | N63: 100 | O63: 94.774347 | P63: =N63-O63 -> 5.225653 | Q63: =IFS(L63="S",21494/2048,L63="R",1) -> 1 | R63: =IFS(L63="S",P63/M63/100*249945/Q63,L63="R",P63/M63/100*170255/Q63) -> 2224.2339 | S63: 9.1.5.5 | T63: =R63/K63 -> 0.91598224 | U63: =IFS(L63="S",(R63-K63)*M63*J63/(249945/845),L63="R",(R63-K63)*M63*J63/(170255/845)) -> -4.0502452
B64: Melee | C64: Howl of the Storm | D64: 418 | E64: 23 Fissures | F64: average - Whisper of Fissures, Biotic Enhancements | G64: R | H64: 31521 | I64: 6 | J64: 1 | K64: =H64/I64/J64 -> 5253.5 | L64: R | M64: 6 | N64: 100 | O64: 81.472684 | P64: =N64-O64 -> 18.527316 | Q64: =IFS(L64="S",21494/2048,L64="R",1) -> 1 | R64: =IFS(L64="S",P64/M64/100*249945/Q64,L64="R",P64/M64/100*170255/Q64) -> 5257.2803 | S64: 9.1.5.5 | T64: =R64/K64 -> 1.0007196 | U64: =IFS(L64="S",(R64-K64)*M64*J64/(249945/845),L64="R",(R64-K64)*M64*J64/(170255/845)) -> 0.11257331
B65: Melee | C65: Incinerator Snap | D65: 937 | E65: 218 scorch, 7090 ignition | F65: Ember of Ashes | G65: S | H65: =937*5+218+7090 -> 11993 | I65: 1 | J65: =IFS(G65="S",21494/2048,G65="C",(21494/2048)/(87875/9999)*2*1.3,OR(G65="R",G65="T"),1) -> 10.495117 | K65: =H65/I65/J65 -> 1142.7219 | L65: S | M65: 3 | N65: 90.023753 | O65: 75.534442 | P65: =N65-O65 -> 14.489311 | Q65: =IFS(L65="S",21494/2048,L65="R",1) -> 10.495117 | R65: =IFS(L65="S",P65/M65/100*249945/Q65,L65="R",P65/M65/100*170255/Q65) -> 1150.2272 | S65: 9.1.5.2 | T65: =R65/K65 -> 1.006568 | U65: =IFS(L65="S",(R65-K65)*M65*J65/(249945/845),L65="R",(R65-K65)*M65*J65/(170255/845)) -> 0.79889808
B66: Melee | C66: Knife Trick | D66: 2338 | E66: 1798 body, 200 scorch start, 7090 ignition | F66: average - precision, Ember of Ashes, with ignition | G66: S | H66: =2338*6+200*3+7090 -> 21718 | I66: 2 | J66: =IFS(G66="S",21494/2048,G66="C",(21494/2048)/(87875/9999)*2*1.3,OR(G66="R",G66="T"),1) -> 10.495117 | K66: =H66/I66/J66 -> 1034.6716 | L66: S | M66: 2 | N66: 90.023753 | O66: 81.235154 | P66: =N66-O66 -> 8.788599 | Q66: =IFS(L66="S",21494/2048,L66="R",1) -> 10.495117 | R66: =IFS(L66="S",P66/M66/100*249945/Q66,L66="R",P66/M66/100*170255/Q66) -> 1046.5183 | S66: 9.5.0 | T66: =R66/K66 -> 1.0114497 | U66: =IFS(L66="S",(R66-K66)*M66*J66/(249945/845),L66="R",(R66-K66)*M66*J66/(170255/845)) -> 0.84066849
B67: Melee | C67: Lightning Surge | D67: 6655 | E67: 2662/1331/1040 secondary | G67: S | H67: =6655+2662+1331+1040 -> 11688 | I67: 1 | J67: =IFS(G67="S",21494/2048,G67="C",(21494/2048)/(87875/9999)*2*1.3,OR(G67="R",G67="T"),1) -> 10.495117 | K67: =H67/I67/J67 -> 1113.6607 | L67: S | M67: 3 | N67: 90.023753 | O67: 75.890736 | P67: =N67-O67 -> 14.133017 | Q67: =IFS(L67="S",21494/2048,L67="R",1) -> 10.495117 | R67: =IFS(L67="S",P67/M67/100*249945/Q67,L67="R",P67/M67/100*170255/Q67) -> 1121.943 | S67: 9.1.5.2 | T67: =R67/K67 -> 1.007437 | U67: =IFS(L67="S",(R67-K67)*M67*J67/(249945/845),L67="R",(R67-K67)*M67*J67/(170255/845)) -> 0.88159432
B68: Melee | C68: Lightweight Knife | D68: 4281 | E68: 2854 body | F68: precision | G68: S | H68: 4281 | I68: 1 | J68: =IFS(G68="S",21494/2048,G68="C",(21494/2048)/(87875/9999)*2*1.3,OR(G68="R",G68="T"),1) -> 10.495117 | K68: =H68/I68/J68 -> 407.90397 | L68: S | M68: 4 | N68: 90.023753 | O68: 83.135392 | P68: =N68-O68 -> 6.888361 | Q68: =IFS(L68="S",21494/2048,L68="R",1) -> 10.495117 | R68: =IFS(L68="S",P68/M68/100*249945/Q68,L68="R",P68/M68/100*170255/Q68) -> 410.122 | S68: 9.5.0 | T68: =R68/K68 -> 1.0054376 | U68: =IFS(L68="S",(R68-K68)*M68*J68/(249945/845),L68="R",(R68-K68)*M68*J68/(170255/845)) -> 0.31479424
B69: Melee | C69: Monte Carlo | D69: 30492 | F69: Bayonet Locked, titan | G69: S | H69: 30492 | I69: 1 | J69: =IFS(G69="S",21494/2048,G69="C",(21494/2048)/(87875/9999)*2*1.3,OR(G69="R",G69="T"),1) -> 10.495117 | K69: =H69/I69/J69 -> 2905.3511 | L69: S | M69: 1 | N69: 90.023753 | O69: 80.285036 | P69: =N69-O69 -> 9.738717 | Q69: =IFS(L69="S",21494/2048,L69="R",1) -> 10.495117 | R69: =IFS(L69="S",P69/M69/100*249945/Q69,L69="R",P69/M69/100*170255/Q69) -> 2319.3106 | S69: 9.1.5.2 | T69: =R69/K69 -> 0.79828926 | U69: =IFS(L69="S",(R69-K69)*M69*J69/(249945/845),L69="R",(R69-K69)*M69*J69/(170255/845)) -> -20.79348
B70: Melee | C70: Monte Carlo | D70: 14553 | F70: Bayonet Locked, warlock | G70: S | H70: 14553 | I70: 1 | J70: =IFS(G70="S",21494/2048,G70="C",(21494/2048)/(87875/9999)*2*1.3,OR(G70="R",G70="T"),1) -> 10.495117 | K70: =H70/I70/J70 -> 1386.6448 | L70: S | M70: 1 | N70: 90.023753 | O70: 84.204276 | P70: =N70-O70 -> 5.819477 | Q70: =IFS(L70="S",21494/2048,L70="R",1) -> 10.495117 | R70: =IFS(L70="S",P70/M70/100*249945/Q70,L70="R",P70/M70/100*170255/Q70) -> 1385.9294 | S70: 9.1.5.2 | T70: =R70/K70 -> 0.99948408 | U70: =IFS(L70="S",(R70-K70)*M70*J70/(249945/845),L70="R",(R70-K70)*M70*J70/(170255/845)) -> -0.025383342
B71: Melee | C71: Penumbral Blast | D71: 1286 | E71: 3781 shatter, 237 Fissures | F71: average - Facet of Ruin | G71: S | H71: =1286*2+3781*2+237 -> 10371 | I71: 2 | J71: =IFS(G71="S",21494/2048,G71="C",(21494/2048)/(87875/9999)*2*1.3,OR(G71="R",G71="T"),1) -> 10.495117 | K71: =H71/I71/J71 -> 494.08691 | L71: S | M71: 4 | N71: 90.023753 | O71: 81.710214 | P71: =N71-O71 -> 8.313539 | Q71: =IFS(L71="S",21494/2048,L71="R",1) -> 10.495117 | R71: =IFS(L71="S",P71/M71/100*249945/Q71,L71="R",P71/M71/100*170255/Q71) -> 494.97482 | S71: 9.1.5.2 | T71: =R71/K71 -> 1.0017971 | U71: =IFS(L71="S",(R71-K71)*M71*J71/(249945/845),L71="R",(R71-K71)*M71*J71/(170255/845)) -> 0.1260174
B72: Melee | C72: Pocket Singularity | D72: 4466 | E72: 984 volatile | F72: average - with volatile damage | G72: S | H72: =4466+4466+984 -> 9916 | I72: 2 | J72: =IFS(G72="S",21494/2048,G72="C",(21494/2048)/(87875/9999)*2*1.3,OR(G72="R",G72="T"),1) -> 10.495117 | K72: =H72/I72/J72 -> 472.41016 | L72: S | M72: 6 | N72: 90.023753 | O72: 78.147268 | P72: =N72-O72 -> 11.876485 | Q72: =IFS(L72="S",21494/2048,L72="R",1) -> 10.495117 | R72: =IFS(L72="S",P72/M72/100*249945/Q72,L72="R",P72/M72/100*170255/Q72) -> 471.40462 | S72: 9.1.5.2 | T72: =R72/K72 -> 0.99787147 | U72: =IFS(L72="S",(R72-K72)*M72*J72/(249945/845),L72="R",(R72-K72)*M72*J72/(170255/845)) -> -0.21406723
B73: Melee | C73: Proximity Explosive Knife | D73: 2783 | E73: 2552 explosion, 2141 body | F73: precision | G73: S | H73: =2783+2552 -> 5335 | I73: 1 | J73: =IFS(G73="S",21494/2048,G73="C",(21494/2048)/(87875/9999)*2*1.3,OR(G73="R",G73="T"),1) -> 10.495117 | K73: =H73/I73/J73 -> 508.33163 | L73: S | M73: 3 | N73: 90.023753 | O73: 83.491686 | P73: =N73-O73 -> 6.532067 | Q73: =IFS(L73="S",21494/2048,L73="R",1) -> 10.495117 | R73: =IFS(L73="S",P73/M73/100*249945/Q73,L73="R",P73/M73/100*170255/Q73) -> 518.5451 | S73: 9.5.0 | T73: =R73/K73 -> 1.0200921 | U73: =IFS(L73="S",(R73-K73)*M73*J73/(249945/845),L73="R",(R73-K73)*M73*J73/(170255/845)) -> 1.0871622
B74: Melee | C74: Seismic Strike | D74: 5631 | E74: 2048 secondary | G74: S | H74: =5631+2048 -> 7679 | I74: 1 | J74: =IFS(G74="S",21494/2048,G74="C",(21494/2048)/(87875/9999)*2*1.3,OR(G74="R",G74="T"),1) -> 10.495117 | K74: =H74/I74/J74 -> 731.67358 | L74: S | M74: 2 | N74: 90.023753 | O74: 85.035629 | P74: =N74-O74 -> 4.988124 | Q74: =IFS(L74="S",21494/2048,L74="R",1) -> 10.495117 | R74: =IFS(L74="S",P74/M74/100*249945/Q74,L74="R",P74/M74/100*170255/Q74) -> 593.96986 | S74: 9.1.5.2 | T74: =R74/K74 -> 0.81179623 | U74: =IFS(L74="S",(R74-K74)*M74*J74/(249945/845),L74="R",(R74-K74)*M74*J74/(170255/845)) -> -9.7718149
B75: Melee | C75: Shield Bash | D75: 5631 | E75: 2048 secondary | G75: S | H75: =5631+2048 -> 7679 | I75: 1 | J75: =IFS(G75="S",21494/2048,G75="C",(21494/2048)/(87875/9999)*2*1.3,OR(G75="R",G75="T"),1) -> 10.495117 | K75: =H75/I75/J75 -> 731.67358 | L75: S | M75: 2 | N75: 90.023753 | O75: 85.035629 | P75: =N75-O75 -> 4.988124 | Q75: =IFS(L75="S",21494/2048,L75="R",1) -> 10.495117 | R75: =IFS(L75="S",P75/M75/100*249945/Q75,L75="R",P75/M75/100*170255/Q75) -> 593.96986 | S75: 9.1.5.2 | T75: =R75/K75 -> 0.81179623 | U75: =IFS(L75="S",(R75-K75)*M75*J75/(249945/845),L75="R",(R75-K75)*M75*J75/(170255/845)) -> -9.7718149
B76: Melee | C76: Shield Throw | D76: 2464 | G76: S | H76: 2464 | I76: 1 | J76: =IFS(G76="S",21494/2048,G76="C",(21494/2048)/(87875/9999)*2*1.3,OR(G76="R",G76="T"),1) -> 10.495117 | K76: =H76/I76/J76 -> 234.77584 | L76: S | M76: 3 | N76: 90.023753 | O76: 87.648456 | P76: =N76-O76 -> 2.375297 | Q76: =IFS(L76="S",21494/2048,L76="R",1) -> 10.495117 | R76: =IFS(L76="S",P76/M76/100*249945/Q76,L76="R",P76/M76/100*170255/Q76) -> 188.56185 | S76: 9.1.5.2 | T76: =R76/K76 -> 0.80315694 | U76: =IFS(L76="S",(R76-K76)*M76*J76/(249945/845),L76="R",(R76-K76)*M76*J76/(170255/845)) -> -4.9191983
B77: Melee | C77: Shiver Strike | D77: 1985 | E77: 3781 shatter, 851 explosion, 237 Fissures | F77: Whisper of Fissures, with auto shatter | G77: S | H77: =1985+3781+237+851 -> 6854 | I77: 1 | J77: =IFS(G77="S",21494/2048,G77="C",(21494/2048)/(87875/9999)*2*1.3,OR(G77="R",G77="T"),1) -> 10.495117 | K77: =H77/I77/J77 -> 653.0656 | L77: S | M77: 2 | N77: 90.023753 | O77: 85.510689 | P77: =N77-O77 -> 4.513064 | Q77: =IFS(L77="S",21494/2048,L77="R",1) -> 10.495117 | R77: =IFS(L77="S",P77/M77/100*249945/Q77,L77="R",P77/M77/100*170255/Q77) -> 537.40123 | S77: 9.1.5.2 | T77: =R77/K77 -> 0.82289012 | U77: =IFS(L77="S",(R77-K77)*M77*J77/(249945/845),L77="R",(R77-K77)*M77*J77/(170255/845)) -> -8.2078447
B78: Melee | C78: Snare Bomb | D78: 185 | E78: 739 explosion, 71/136 tick min/max | F78: excludes weaken [ticks include] | G78: S | H78: =185+739+148+71+81+90+99+108+118+127+136 -> 1902 | I78: 1 | J78: =IFS(G78="S",21494/2048,G78="C",(21494/2048)/(87875/9999)*2*1.3,OR(G78="R",G78="T"),1) -> 10.495117 | K78: =H78/I78/J78 -> 181.22713 | L78: S | M78: 2 | N78: =89.786223-0.23753 -> 89.548693 | O78: 87.767221 | P78: =N78-O78 -> 1.781472 | Q78: =IFS(L78="S",21494/2048,L78="R",1) -> 10.495117 | R78: =IFS(L78="S",P78/M78/100*249945/Q78,L78="R",P78/M78/100*170255/Q78) -> 212.13199 | S78: 9.1.5.2 | T78: =R78/K78 -> 1.1705311 | U78: =IFS(L78="S",(R78-K78)*M78*J78/(249945/845),L78="R",(R78-K78)*M78*J78/(170255/845)) -> 2.1930891
B79: Melee | C79: Tempest Strike | D79: 5223 | E79: 1040 jolt | F79: includes jolt | G79: S | H79: =5223+1040 -> 6263 | I79: 1 | J79: =IFS(G79="S",21494/2048,G79="C",(21494/2048)/(87875/9999)*2*1.3,OR(G79="R",G79="T"),1) -> 10.495117 | K79: =H79/I79/J79 -> 596.7537 | L79: S | M79: 3 | N79: 90.023753 | O79: 82.422803 | P79: =N79-O79 -> 7.60095 | Q79: =IFS(L79="S",21494/2048,L79="R",1) -> 10.495117 | R79: =IFS(L79="S",P79/M79/100*249945/Q79,L79="R",P79/M79/100*170255/Q79) -> 603.39788 | S79: 9.1.5.2 | T79: =R79/K79 -> 1.0111339 | U79: =IFS(L79="S",(R79-K79)*M79*J79/(249945/845),L79="R",(R79-K79)*M79*J79/(170255/845)) -> 0.70723293
B80: Melee | C80: Threaded Spike | D80: 3730 | G80: S | H80: 3730 | I80: 1 | J80: =IFS(G80="S",21494/2048,G80="C",(21494/2048)/(87875/9999)*2*1.3,OR(G80="R",G80="T"),1) -> 10.495117 | K80: =H80/I80/J80 -> 355.40337 | L80: S | M80: 2 | N80: 87.054632 | O80: 83.966746 | P80: =N80-O80 -> 3.087886 | Q80: =IFS(L80="S",21494/2048,L80="R",1) -> 10.495117 | R80: =IFS(L80="S",P80/M80/100*249945/Q80,L80="R",P80/M80/100*170255/Q80) -> 367.69559 | S80: 9.1.5.2 | T80: =R80/K80 -> 1.0345867 | U80: =IFS(L80="S",(R80-K80)*M80*J80/(249945/845),L80="R",(R80-K80)*M80*J80/(170255/845)) -> 0.87228822
B81: Melee | C81: Throwing Hammer | D81: 3882 | E81: 2089/2001/1928 return | F81: Forgemaster, Perfect Recall, melee range | G81: S | H81: =3882+2089+2001+1928 -> 9900 | I81: 1 | J81: =IFS(G81="S",21494/2048,G81="C",(21494/2048)/(87875/9999)*2*1.3,OR(G81="R",G81="T"),1) -> 10.495117 | K81: =H81/I81/J81 -> 943.2958 | L81: S | M81: 2 | N81: 82.304038 | O81: 76.128266 | P81: =N81-O81 -> 6.175772 | Q81: =IFS(L81="S",21494/2048,L81="R",1) -> 10.495117 | R81: =IFS(L81="S",P81/M81/100*249945/Q81,L81="R",P81/M81/100*170255/Q81) -> 735.39118 | S81: 9.1.5.2 | T81: =R81/K81 -> 0.77959764 | U81: =IFS(L81="S",(R81-K81)*M81*J81/(249945/845),L81="R",(R81-K81)*M81*J81/(170255/845)) -> -14.753453
B82: Melee | C82: Throwing Hammer | D82: 3882 | G82: S | H82: 3882 | I82: 1 | J82: =IFS(G82="S",21494/2048,G82="C",(21494/2048)/(87875/9999)*2*1.3,OR(G82="R",G82="T"),1) -> 10.495117 | K82: =H82/I82/J82 -> 369.88629 | L82: S | M82: 6 | N82: 90.023753 | O82: 82.541568 | P82: =N82-O82 -> 7.482185 | Q82: =IFS(L82="S",21494/2048,L82="R",1) -> 10.495117 | R82: =IFS(L82="S",P82/M82/100*249945/Q82,L82="R",P82/M82/100*170255/Q82) -> 296.98489 | S82: 9.1.5.2 | T82: =R82/K82 -> 0.80290861 | U82: =IFS(L82="S",(R82-K82)*M82*J82/(249945/845),L82="R",(R82-K82)*M82*J82/(170255/845)) -> -15.51982
B83: Melee | C83: Thunderclap | D83: 14743 | F83: fully charged | G83: S | H83: 14743 | I83: 1 | J83: =IFS(G83="S",21494/2048,G83="C",(21494/2048)/(87875/9999)*2*1.3,OR(G83="R",G83="T"),1) -> 10.495117 | K83: =H83/I83/J83 -> 1404.7485 | L83: S | M83: 2 | N83: 90.023753 | O83: 80.522565 | P83: =N83-O83 -> 9.501188 | Q83: =IFS(L83="S",21494/2048,L83="R",1) -> 10.495117 | R83: =IFS(L83="S",P83/M83/100*249945/Q83,L83="R",P83/M83/100*170255/Q83) -> 1131.3711 | S83: 9.1.5.2 | T83: =R83/K83 -> 0.8053905 | U83: =IFS(L83="S",(R83-K83)*M83*J83/(249945/845),L83="R",(R83-K83)*M83*J83/(170255/845)) -> -19.399572
B84: Melee | C84: Thunderclap | D84: 7372 | F84: uncharged | G84: S | H84: 7372 | I84: 1 | J84: =IFS(G84="S",21494/2048,G84="C",(21494/2048)/(87875/9999)*2*1.3,OR(G84="R",G84="T"),1) -> 10.495117 | K84: =H84/I84/J84 -> 702.42189 | L84: S | M84: 3 | N84: 90.023753 | O84: 82.897862 | P84: =N84-O84 -> 7.125891 | Q84: =IFS(L84="S",21494/2048,L84="R",1) -> 10.495117 | R84: =IFS(L84="S",P84/M84/100*249945/Q84,L84="R",P84/M84/100*170255/Q84) -> 565.68555 | S84: 9.1.5.2 | T84: =R84/K84 -> 0.80533588 | U84: =IFS(L84="S",(R84-K84)*M84*J84/(249945/845),L84="R",(R84-K84)*M84*J84/(170255/845)) -> -14.55475
B85: Melee | C85: Weighted Throwing Knife | D85: 5994 | E85: 3996 body | F85: precision | G85: S | H85: 5994 | I85: 1 | J85: =IFS(G85="S",21494/2048,G85="C",(21494/2048)/(87875/9999)*2*1.3,OR(G85="R",G85="T"),1) -> 10.495117 | K85: =H85/I85/J85 -> 571.12273 | L85: S | M85: 3 | N85: 90.023753 | O85: 82.779097 | P85: =N85-O85 -> 7.244656 | Q85: =IFS(L85="S",21494/2048,L85="R",1) -> 10.495117 | R85: =IFS(L85="S",P85/M85/100*249945/Q85,L85="R",P85/M85/100*170255/Q85) -> 575.11365 | S85: 9.5.0 | T85: =R85/K85 -> 1.0069878 | U85: =IFS(L85="S",(R85-K85)*M85*J85/(249945/845),L85="R",(R85-K85)*M85*J85/(170255/845)) -> 0.42480884
B86: Melee | C86: Withering Blade | D86: 3108 | E86: 3781 shatter | F86: average - Facet of Ruin | G86: S | H86: =3108*2+3781 -> 9997 | I86: 2 | J86: =IFS(G86="S",21494/2048,G86="C",(21494/2048)/(87875/9999)*2*1.3,OR(G86="R",G86="T"),1) -> 10.495117 | K86: =H86/I86/J86 -> 476.2691 | L86: S | M86: 4 | N86: 90.023753 | O86: 81.947743 | P86: =N86-O86 -> 8.07601 | Q86: =IFS(L86="S",21494/2048,L86="R",1) -> 10.495117 | R86: =IFS(L86="S",P86/M86/100*249945/Q86,L86="R",P86/M86/100*170255/Q86) -> 480.83273 | S86: 9.1.5.2 | T86: =R86/K86 -> 1.009582 | U86: =IFS(L86="S",(R86-K86)*M86*J86/(249945/845),L86="R",(R86-K86)*M86*J86/(170255/845)) -> 0.64769369
B87: Miscellaneous | C87: Arc Soul | D87: 571 | F87: burst | G87: S | H87: =3*571 -> 1713 | I87: 1 | J87: =IFS(G87="S",21494/2048,G87="C",(21494/2048)/(87875/9999)*2*1.3,OR(G87="R",G87="T"),1) -> 10.495117 | K87: =H87/I87/J87 -> 163.21876 | L87: S | M87: 6 | N87: 90.023753 | O87: 85.866983 | P87: =N87-O87 -> 4.15677 | Q87: =IFS(L87="S",21494/2048,L87="R",1) -> 10.495117 | R87: =IFS(L87="S",P87/M87/100*249945/Q87,L87="R",P87/M87/100*170255/Q87) -> 164.99163 | S87: 9.1.5.2 | T87: =R87/K87 -> 1.0108619 | U87: =IFS(L87="S",(R87-K87)*M87*J87/(249945/845),L87="R",(R87-K87)*M87*J87/(170255/845)) -> 0.3774221
B88: Miscellaneous | C88: Arc Soul | D88: 571 | F88: burst, Amplified | G88: S | H88: =571*5 -> 2855 | I88: 1 | J88: =IFS(G88="S",21494/2048,G88="C",(21494/2048)/(87875/9999)*2*1.3,OR(G88="R",G88="T"),1) -> 10.495117 | K88: =H88/I88/J88 -> 272.03126 | L88: S | M88: 7 | N88: 90.023753 | O88: 81.710214 | P88: =N88-O88 -> 8.313539 | Q88: =IFS(L88="S",21494/2048,L88="R",1) -> 10.495117 | R88: =IFS(L88="S",P88/M88/100*249945/Q88,L88="R",P88/M88/100*170255/Q88) -> 282.84276 | S88: 9.1.5.2 | T88: =R88/K88 -> 1.0397436 | U88: =IFS(L88="S",(R88-K88)*M88*J88/(249945/845),L88="R",(R88-K88)*M88*J88/(170255/845)) -> 2.6852404
B89: Miscellaneous | C89: Bolt Charge | D89: 4253 | E89: 2836 secondary | G89: S | H89: =4253+2836 -> 7089 | I89: 1 | J89: =IFS(G89="S",21494/2048,G89="C",(21494/2048)/(87875/9999)*2*1.3,OR(G89="R",G89="T"),1) -> 10.495117 | K89: =H89/I89/J89 -> 675.45696 | L89: / | M89: / | N89: / | O89: / | P89: / | Q89: / | R89: / | S89: / | T89: / | U89: /
B90: Miscellaneous | C90: Child of the Old Gods | D90: 405 | E90: 466 max | F90: includes weaken | G90: S | H90: =405*13+466 -> 5731 | I90: 1 | J90: =IFS(G90="S",21494/2048,G90="C",(21494/2048)/(87875/9999)*2*1.3,OR(G90="R",G90="T"),1) -> 10.495117 | K90: =H90/I90/J90 -> 546.06346 | L90: S | M90: 1 | N90: 89.904988 | O90: 87.529691 | P90: =N90-O90 -> 2.375297 | Q90: =IFS(L90="S",21494/2048,L90="R",1) -> 10.495117 | R90: =IFS(L90="S",P90/M90/100*249945/Q90,L90="R",P90/M90/100*170255/Q90) -> 565.68555 | S90: 9.5.0 | T90: =R90/K90 -> 1.0359337 | U90: =IFS(L90="S",(R90-K90)*M90*J90/(249945/845),L90="R",(R90-K90)*M90*J90/(170255/845)) -> 0.69621714
B91: Miscellaneous | C91: Child of the Old Gods | D91: 414 | E91: 593 max | F91: Briarbinds, includes weaken | G91: S | H91: =414+422+431+439+448+456+465+473+482+490+499+507+593+524+527*7 -> 10332 | I91: 1 | J91: =IFS(G91="S",21494/2048,G91="C",(21494/2048)/(87875/9999)*2*1.3,OR(G91="R",G91="T"),1) -> 10.495117 | K91: =H91/I91/J91 -> 984.4578 | L91: S | M91: 1 | N91: 89.904988 | O91: 85.748219 | P91: =N91-O91 -> 4.156769 | Q91: =IFS(L91="S",21494/2048,L91="R",1) -> 10.495117 | R91: =IFS(L91="S",P91/M91/100*249945/Q91,L91="R",P91/M91/100*170255/Q91) -> 989.94953 | S91: 9.5.0 | T91: =R91/K91 -> 1.0055784 | U91: =IFS(L91="S",(R91-K91)*M91*J91/(249945/845),L91="R",(R91-K91)*M91*J91/(170255/845)) -> 0.19485348
B92: Miscellaneous | C92: Exodus Rockets | D92: 5671 | F92: volley | G92: S | H92: =6*5671 -> 34026 | I92: 1 | J92: =IFS(G92="S",21494/2048,G92="C",(21494/2048)/(87875/9999)*2*1.3,OR(G92="R",G92="T"),1) -> 10.495117 | K92: =H92/I92/J92 -> 3242.0791 | L92: S | M92: 1 | N92: 75.534442 | O92: 64.608071 | P92: =N92-O92 -> 10.926371 | Q92: =IFS(L92="S",21494/2048,L92="R",1) -> 10.495117 | R92: =IFS(L92="S",P92/M92/100*249945/Q92,L92="R",P92/M92/100*170255/Q92) -> 2602.1547 | S92: 9.1.5.2 | T92: =R92/K92 -> 0.80261914 | U92: =IFS(L92="S",(R92-K92)*M92*J92/(249945/845),L92="R",(R92-K92)*M92*J92/(170255/845)) -> -22.705349
B93: Miscellaneous | C93: Gunpowder Gamble | D93: 10632 | E93: 29 impact | F93: direct stick | G93: S | H93: =29+10632 -> 10661 | I93: 1 | J93: =IFS(G93="S",21494/2048,G93="C",(21494/2048)/(87875/9999)*2*1.3,OR(G93="R",G93="T"),1) -> 10.495117 | K93: =H93/I93/J93 -> 1015.8057 | L93: S | M93: 1 | N93: 90.023753 | O93: 85.629454 | P93: =N93-O93 -> 4.394299 | Q93: =IFS(L93="S",21494/2048,L93="R",1) -> 10.495117 | R93: =IFS(L93="S",P93/M93/100*249945/Q93,L93="R",P93/M93/100*170255/Q93) -> 1046.5182 | S93: 9.1.5.2 | T93: =R93/K93 -> 1.0302346 | U93: =IFS(L93="S",(R93-K93)*M93*J93/(249945/845),L93="R",(R93-K93)*M93*J93/(170255/845)) -> 1.0897173
B94: Miscellaneous | C94: Gunpowder Gamble | D94: 15947 | E94: 67 impact, 851 submunition | F94: midair detonation, 3 submunitions hit | G94: S | H94: =67+15947+851*3 -> 18567 | I94: 1 | J94: =IFS(G94="S",21494/2048,G94="C",(21494/2048)/(87875/9999)*2*1.3,OR(G94="R",G94="T"),1) -> 10.495117 | K94: =H94/I94/J94 -> 1769.1084 | L94: S | M94: 1 | N94: 90.023753 | O94: 82.541568 | P94: =N94-O94 -> 7.482185 | Q94: =IFS(L94="S",21494/2048,L94="R",1) -> 10.495117 | R94: =IFS(L94="S",P94/M94/100*249945/Q94,L94="R",P94/M94/100*170255/Q94) -> 1781.9093 | S94: 9.5.0 | T94: =R94/K94 -> 1.0072358 | U94: =IFS(L94="S",(R94-K94)*M94*J94/(249945/845),L94="R",(R94-K94)*M94*J94/(170255/845)) -> 0.45419379
B95: Miscellaneous | C95: Hellion | D95: 2269 | E95: 84 scorch start, 7090 ignition | F95: average | G95: S | H95: =2269*3+84*2+139*2+200*3+2251+10+7090 -> 17204 | I95: 4 | J95: =IFS(G95="S",21494/2048,G95="C",(21494/2048)/(87875/9999)*2*1.3,OR(G95="R",G95="T"),1) -> 10.495117 | K95: =H95/I95/J95 -> 409.80962 | L95: S | M95: 4 | N95: 90.023753 | O95: 83.016627 | P95: =N95-O95 -> 7.007126 | Q95: =IFS(L95="S",21494/2048,L95="R",1) -> 10.495117 | R95: =IFS(L95="S",P95/M95/100*249945/Q95,L95="R",P95/M95/100*170255/Q95) -> 417.19308 | S95: 9.1.5.2 | T95: =R95/K95 -> 1.0180168 | U95: =IFS(L95="S",(R95-K95)*M95*J95/(249945/845),L95="R",(R95-K95)*M95*J95/(170255/845)) -> 1.047899
B96: Miscellaneous | C96: Hellion | D96: 2722 | E96: 182 secondary, 84 scorch start | F96: average - Consul's Pitch, max range | G96: C | H96: 18468 | I96: 15 | J96: 2 | K96: =H96/I96/J96 -> 615.6 | L96: S | M96: 6 | N96: 90.023753 | O96: 75.653207 | P96: =N96-O96 -> 14.370546 | Q96: =IFS(L96="S",21494/2048,L96="R",1) -> 10.495117 | R96: =IFS(L96="S",P96/M96/100*249945/Q96,L96="R",P96/M96/100*170255/Q96) -> 570.39956 | S96: 9.1.5.2 | T96: =R96/K96 -> 0.92657498 | U96: =IFS(L96="S",(R96-K96)*M96*J96/(249945/845),L96="R",(R96-K96)*M96*J96/(170255/845)) -> -1.8337334
B97: Miscellaneous | C97: Hellion | D97: 2269 | E97: 103 scorch start, 7090 ignition | F97: average - Ember of Ashes | G97: S | H97: =2269*3+103*2+181*2+7090 -> 14465 | I97: 3 | J97: =IFS(G97="S",21494/2048,G97="C",(21494/2048)/(87875/9999)*2*1.3,OR(G97="R",G97="T"),1) -> 10.495117 | K97: =H97/I97/J97 -> 459.41999 | L97: S | M97: 3 | N97: 90.023753 | O97: 84.204276 | P97: =N97-O97 -> 5.819477 | Q97: =IFS(L97="S",21494/2048,L97="R",1) -> 10.495117 | R97: =IFS(L97="S",P97/M97/100*249945/Q97,L97="R",P97/M97/100*170255/Q97) -> 461.97648 | S97: 9.1.5.2 | T97: =R97/K97 -> 1.0055646 | U97: =IFS(L97="S",(R97-K97)*M97*J97/(249945/845),L97="R",(R97-K97)*M97*J97/(170255/845)) -> 0.27212211
B98: Miscellaneous | C98: Ignition | D98: 7090 | G98: S | H98: 7090 | I98: 1 | J98: =IFS(G98="S",21494/2048,G98="C",(21494/2048)/(87875/9999)*2*1.3,OR(G98="R",G98="T"),1) -> 10.495117 | K98: =H98/I98/J98 -> 675.55225 | L98: / | M98: / | N98: / | O98: / | P98: / | Q98: / | R98: / | S98: / | T98: / | U98: /
B99: Miscellaneous | C99: Ionic Sentry | D99: 1903 | E99: 4253/2836 Bolt Charge | F99: average - includes Bolt Charge, Spark of Frequency | G99: S | H99: =1903*14+4253*2+2836*2 -> 40820 | I99: 14 | J99: =IFS(G99="S",21494/2048,G99="C",(21494/2048)/(87875/9999)*2*1.3,OR(G99="R",G99="T"),1) -> 10.495117 | K99: =H99/I99/J99 -> 277.81627 | L99: S | M99: 14 | N99: 90.023753 | O99: 73.634204 | P99: =N99-O99 -> 16.389549 | Q99: =IFS(L99="S",21494/2048,L99="R",1) -> 10.495117 | R99: =IFS(L99="S",P99/M99/100*249945/Q99,L99="R",P99/M99/100*170255/Q99) -> 278.80216 | S99: 9.1.5.5 | T99: =R99/K99 -> 1.0035487 | U99: =IFS(L99="S",(R99-K99)*M99*J99/(249945/845),L99="R",(R99-K99)*M99*J99/(170255/845)) -> 0.48972862
B100: Miscellaneous | C100: Jolt | D100: 1040 | G100: S | H100: 1040 | I100: 1 | J100: =IFS(G100="S",21494/2048,G100="C",(21494/2048)/(87875/9999)*2*1.3,OR(G100="R",G100="T"),1) -> 10.495117 | K100: =H100/I100/J100 -> 99.093701 | L100: / | M100: / | N100: / | O100: / | P100: / | Q100: / | R100: / | S100: / | T100: / | U100: /
...

Sheet Scaling (pre-EoF)
A1: Icon | B1: Type | C1: Subtype | D1: Modifiers | E1: # | F1: 1W | G1: 0.01 | H1: 1P | I1: 5W | J1: 0.05 | K1: 5P | L1: 1A | M1: 5A | N1: Ratio
B2: Grenade | C2: Void Spike | D2: Echo of Remnants | E2: 1 | F2: 115544 | G2: =(99.64497-98.461538)/E2 -> 1.183432 | H2: =G2/100*9781797 -> 115760.92 | I2: =111100/E2/5 -> 22220 | J2: =(99.64497-98.461538)/E2/5 -> 0.2366864 | K2: =J2/100*9781797 -> 23152.183 | L2: =IF(ABS(H2-F2)>11576/E2,H2,F2) -> 115544 | M2: =IF(ABS(K2-I2)>11576/E2/5,K2,I2) -> 22220 | N2: =IFERROR(ROUND(M2/L2,2),"") -> 0.19
B3: Miscellaneous | C3: Bleak Watcher | D3: Whisper of Durance, Whisper of Fissures | E3: 1 | F3: 156317 | G3: =99.64497-97.988166 -> 1.656804 | H3: =G3/100*9781797 -> 162065.2 | I3: =185998/5 -> 37199.6 | J3: =(99.64497-97.869822)/5 -> 0.3550296 | K3: =J3/100*9781797 -> 34728.275 | L3: =IF(ABS(H3-F3)>11576/E3,H3,F3) -> 156317 | M3: =IF(ABS(K3-I3)>11576/E3/5,K3,I3) -> 34728.275 | N3: =IFERROR(ROUND(M3/L3,2),"") -> 0.22
B4: Grenade | C4: Void Wall | D4: Echo of Remnants | E4: 1 | F4: 158141 | G4: =(99.64497-97.988166)/E4 -> 1.656804 | H4: =G4/100*9781797 -> 162065.2 | I4: =182502/E4/5 -> 36500.4 | J4: =(99.64497-97.751479)/E4/5 -> 0.3786982 | K4: =J4/100*9781797 -> 37043.489 | L4: =IF(ABS(H4-F4)>11576/E4,H4,F4) -> 158141 | M4: =IF(ABS(K4-I4)>11576/E4/5,K4,I4) -> 36500.4 | N4: =IFERROR(ROUND(M4/L4,2),"") -> 0.23
B5: Grenade | C5: Hailfire Spike | D5: Facet of Ruin, Facet of Courage | E5: 2 | F5: =272464/E5 -> 136232 | G5: =(99.64497-96.804734)/E5 -> 1.420118 | H5: =G5/100*9781797 -> 138913.06 | I5: =320102/E5/5 -> 32010.2 | J5: =(99.64497-96.213018)/E5/5 -> 0.3431952 | K5: =J5/100*9781797 -> 33570.658 | L5: =IF(ABS(H5-F5)>11576/E5,H5,F5) -> 136232 | M5: =IF(ABS(K5-I5)>11576/E5/5,K5,I5) -> 33570.658 | N5: =IFERROR(ROUND(M5/L5,2),"") -> 0.25
B6: Grenade launcher (drum) | C6: Compressed wave frame | D6: Compressed wave frame | E6: 7 | F6: =362054/1.25/E6 -> 41377.6 | G6: =(99.64497-95.976331)/1.25/E6 -> 0.41927303 | H6: =G6/100*9781797 -> 41012.437 | I6: =155166/1.25/E6/5 -> 3546.6514 | J6: =(99.64497-94.911243)/1.25/E6/5 -> 0.10819947 | K6: =J6/100*9781797 -> 10583.853 | L6: =IF(ABS(H6-F6)>11576/E6,H6,F6) -> 41377.6 | M6: =IF(ABS(K6-I6)>11576/E6/5,K6,I6) -> 10583.853 | N6: =IFERROR(ROUND(M6/L6,2),"") -> 0.26
B7: Melee | C7: Base | D7: Necrotic Grip | E7: 1 | F7: 68301 | G7: =(99.64497-98.934911)/E7 -> 0.710059 | H7: =G7/100*9781797 -> 69456.53 | I7: =96919/E7/5 -> 19383.8 | J7: =(99.64497-98.698225)/E7/5 -> 0.189349 | K7: =J7/100*9781797 -> 18521.735 | L7: =IF(ABS(H7-F7)>11576/E7,H7,F7) -> 68301 | M7: =IF(ABS(K7-I7)>11576/E7/5,K7,I7) -> 19383.8 | N7: =IFERROR(ROUND(M7/L7,2),"") -> 0.28
B8: Grenade launcher (breech) | C8: Area denial frame | E8: 1 | F8: =68337/1.25 -> 54669.6 | G8: =(99.64497-98.934911)/1.25/E8 -> 0.5680472 | H8: =G8/100*9781797 -> 55565.224 | I8: =97676/1.25/E8/5 -> 15628.16 | J8: =(99.64497-98.579882)/1.25/E8/5 -> 0.17041408 | K8: =J8/100*9781797 -> 16669.559 | L8: =IF(ABS(H8-F8)>11576/E8,H8,F8) -> 54669.6 | M8: =IF(ABS(K8-I8)>11576/E8/5,K8,I8) -> 15628.16 | N8: =IFERROR(ROUND(M8/L8,2),"") -> 0.29
B9: Melee | C9: Consecration | D9: Facet of Ruin | E9: 3 | F9: =274737/E9 -> 91579 | G9: =(100-96.674584)/E9 -> 1.108472 | H9: =G9/100*8440119 -> 93556.356 | I9: =461027/E9/5 -> 30735.133 | J9: =(99.64497-94.536817)/5/E9 -> 0.34054353 | K9: =J9/100*8440119 -> 28742.279 | L9: =IF(ABS(H9-F9)>11576/E9,H9,F9) -> 91579 | M9: =IF(ABS(K9-I9)>11576/E9/5,K9,I9) -> 28742.279 | N9: =IFERROR(ROUND(M9/L9,2),"") -> 0.31
B10: Grenade | C10: Vortex | D10: Echo of Remnants | E10: 1 | F10: 78370 | G10: =(99.64497-98.816568)/E10 -> 0.828402 | H10: =G10/100*9781797 -> 81032.602 | I10: =115085/E10/5 -> 23017 | J10: =(99.64497-98.343195)/E10/5 -> 0.260355 | K10: =J10/100*9781797 -> 25467.398 | L10: =IF(ABS(H10-F10)>11576/E10,H10,F10) -> 78370 | M10: =IF(ABS(K10-I10)>11576/E10/5,K10,I10) -> 25467.398 | N10: =IFERROR(ROUND(M10/L10,2),"") -> 0.32
B11: Super | C11: Silence and Squall | D11: Whisper of Fissures, Whisper of Durance | E11: 1 | F11: 419361 | G11: =99.408284-95.029586 -> 4.378698 | H11: =G11/100*9781797 -> 428315.35 | I11: =670154/5 -> 134030.8 | J11: =(99.64497-92.662722)/5 -> 1.3964496 | K11: =J11/100*9781797 -> 136597.87 | L11: =IF(ABS(H11-F11)>11576/E11,H11,F11) -> 419361 | M11: =IF(ABS(K11-I11)>11576/E11/5,K11,I11) -> 136597.87 | N11: =IFERROR(ROUND(M11/L11,2),"") -> 0.33
B12: Grenade | C12: Solar | D12: Ember of Ashes | E12: 4 | F12: =176928/E12 -> 44232 | G12: =(99.64497-97.751479)/E12 -> 0.47337275 | H12: =G12/100*9781797 -> 46304.361 | I12: =303998/E12/5 -> 15199.9 | J12: =(99.64497-96.568047)/E12/5 -> 0.15384615 | K12: =J12/100*9781797 -> 15048.918 | L12: =IF(ABS(H12-F12)>11576/E12,H12,F12) -> 44232 | M12: =IF(ABS(K12-I12)>11576/E12/5,K12,I12) -> 15199.9 | N12: =IFERROR(ROUND(M12/L12,2),"") -> 0.34
B13: Grenade launcher (breech) | C13: Witherhoard | D13: Direct impact | E13: 1 | F13: =124357/1.25/E13 -> 99485.6 | G13: =(99.64497-98.343195)/1.25/E13 -> 1.04142 | H13: =G13/100*9781797 -> 101869.59 | I13: =230936/1.25/E13/5 -> 36949.76 | J13: =(99.64497-96.923077)/1.25/E13/5 -> 0.43550288 | K13: =J13/100*9781797 -> 42600.008 | L13: =IF(ABS(H13-F13)>11576/E13,H13,F13) -> 99485.6 | M13: =IF(ABS(K13-I13)>11576/E13/5,K13,I13) -> 42600.008 | N13: =IFERROR(ROUND(M13/L13,2),"") -> 0.43
B14: Grenade launcher (breech) | C14: Wave frame | E14: 5 | F14: =140080/1.25/E14 -> 22412.8 | G14: =(99.64497-98.224852)/1.25/E14 -> 0.22721888 | H14: =G14/100*9781797 -> 22226.09 | I14: =336192/1.25/E14/5 -> 10758.144 | J14: =(99.64497-95.976331)/1.25/E14/5 -> 0.11739645 | K14: =J14/100*9781797 -> 11483.482 | L14: =IF(ABS(H14-F14)>11576/E14,H14,F14) -> 22412.8 | M14: =IF(ABS(K14-I14)>11576/E14/5,K14,I14) -> 11483.482 | N14: =IFERROR(ROUND(M14/L14,2),"") -> 0.51
B15: Rocket launcher | C15: Dragon's Breath | D15: Composite Propellant x5, Ember of Ashes | E15: 1 | F15: =500922/2 -> 250461 | G15: =(100-95.976331)/E15 -> 4.023669 | H15: =G15/100*6306021 -> 253733.41 | I15: =1326226/2/5/E15 -> 132622.6 | J15: =(100-89.349112)/E15/5 -> 2.1301776 | K15: =J15/100*6306021 -> 134329.45 | L15: =IF(ABS(H15-F15)>11576/E15,H15,F15) -> 250461 | M15: =IF(ABS(K15-I15)>11576/E15/5,K15,I15) -> 132622.6 | N15: =IFERROR(ROUND(M15/L15,2),"") -> 0.53
B16: Grenade | C16: Freezing Singularity | D16: Facet of Ruin, Facet of Courage | E16: 1 | F16: 82054 | G16: =(99.64497-98.816568)/E16 -> 0.828402 | H16: =G16/100*9781797 -> 81032.602 | I16: =191752/E16/5 -> 38350.4 | J16: =(99.64497-97.39645)/E16/5 -> 0.449704 | K16: =J16/100*9781797 -> 43989.132 | L16: =IF(ABS(H16-F16)>11576/E16,H16,F16) -> 82054 | M16: =IF(ABS(K16-I16)>11576/E16/5,K16,I16) -> 43989.132 | N16: =IFERROR(ROUND(M16/L16,2),"") -> 0.54
B17: Super | C17: Nova Bomb - Vortex | E17: 1 | F17: 473037 | G17: =(99.64497-94.792899)/E17 -> 4.852071 | H17: =G17/100*9781797 -> 474619.74 | I17: =1281574/E17/5 -> 256314.8 | J17: =(99.64497-86.508876)/E17/5 -> 2.6272188 | K17: =J17/100*9781797 -> 256989.21 | L17: =IF(ABS(H17-F17)>11576/E17,H17,F17) -> 473037 | M17: =IF(ABS(K17-I17)>11576/E17/5,K17,I17) -> 256314.8 | N17: =IFERROR(ROUND(M17/L17,2),"") -> 0.54
B18: Super | C18: Gathering Storm | E18: 1 | F18: =413684 -> 413684 | G18: =(99.526627-95.384615)/E18 -> 4.142012 | H18: =G18/100*9781797 -> 405163.21 | I18: =929805/E18/5 -> 185961 | J18: =(99.64497-88.16568)/E18/5 -> 2.295858 | K18: =J18/100*9781797 -> 224576.17 | L18: =IF(ABS(H18-F18)>11576/E18,H18,F18) -> 413684 | M18: =IF(ABS(K18-I18)>11576/E18/5,K18,I18) -> 224576.17 | N18: =IFERROR(ROUND(M18/L18,2),"") -> 0.54
B19: Shotgun | C19: Conditional Finality | D19: Facet of Ruin | E19: 4 | F19: =135880/E19 -> 33970 | G19: =(100-98.337292)/E19 -> 0.415677 | H19: =G19/100*8440119 -> 35083.633 | I19: =415620/E19/5 -> 20781 | J19: =(99.64497-94.893112)/5/E19 -> 0.2375929 | K19: =J19/100*8440119 -> 20053.124 | L19: =IF(ABS(H19-F19)>11576/E19,H19,F19) -> 33970 | M19: =IF(ABS(K19-I19)>11576/E19/5,K19,I19) -> 20053.124 | N19: =IFERROR(ROUND(M19/L19,2),"") -> 0.59
B20: Grenade launcher (breech) | C20: Alethonym | E20: 8 | F20: =472461/1.25/E20 -> 47246.1 | G20: =(99.64497-94.911243)/1.25/E20 -> 0.4733727 | H20: =G20/100*9781797 -> 46304.357 | I20: =2270198/1.25/E20/5 -> 45403.96 | J20: =(99.64497-84.142012)/1.25/E20/5 -> 0.31005916 | K20: =J20/100*9781797 -> 30329.358 | L20: =IF(ABS(H20-F20)>11576/E20,H20,F20) -> 47246.1 | M20: =IF(ABS(K20-I20)>11576/E20/5,K20,I20) -> 30329.358 | N20: =IFERROR(ROUND(M20/L20,2),"") -> 0.64
B21: Miscellaneous | C21: Hellion | D21: Ember of Ashes | E21: 1 | F21: =356662 -> 356662 | G21: =99.64497-95.976331 -> 3.668639 | H21: =G21/100*9781797 -> 358858.82 | I21: =1174881/5 -> 234976.2 | J21: =(99.64497-87.573964)/5 -> 2.4142012 | K21: =J21/100*9781797 -> 236152.26 | L21: =IF(ABS(H21-F21)>11576/E21,H21,F21) -> 356662 | M21: =IF(ABS(K21-I21)>11576/E21/5,K21,I21) -> 234976.2 | N21: =IFERROR(ROUND(M21/L21,2),"") -> 0.66
B22: Super | C22: Song of Flame | D22: Wisp/snap cycling | E22: 1 | F22: 796985 | G22: =(99.64497-91.47929)/E22 -> 8.16568 | H22: =G22/100*9781797 -> 798750.24 | I22: =2710159/5 -> 542031.8 | J22: =(99.64497-71.715976)/5 -> 5.5857988 | K22: =J22/100*9781797 -> 546391.5 | L22: =IF(ABS(H22-F22)>11576/E22,H22,F22) -> 796985 | M22: =IF(ABS(K22-I22)>11576/E22/5,K22,I22) -> 546391.5 | N22: =IFERROR(ROUND(M22/L22,2),"") -> 0.69
B23: Sniper rifle | C23: The Supremacy | D23: e. Kinetic Tremors | E23: 2 | F23: =68861/E23 -> 34430.5 | G23: =(99.64497-98.934911)/E23 -> 0.3550295 | H23: =G23/100*9781797 -> 34728.265 | I23: =243613/5/E23 -> 24361.3 | J23: =(99.64497-97.159763)/5/E23 -> 0.2485207 | K23: =J23/100*9781797 -> 24309.79 | L23: =IF(ABS(H23-F23)>11576/E23,H23,F23) -> 34430.5 | M23: =IF(ABS(K23-I23)>11576/E23/5,K23,I23) -> 24361.3 | N23: =IFERROR(ROUND(M23/L23,2),"") -> 0.71
B24: Grenade | C24: Thermite | D24: Ember of Ashes, includes ignition | E24: 4 | F24: =361025/E24 -> 90256.25 | G24: =(99.64497-95.621302)/E24 -> 1.005917 | H24: =G24/100*9781797 -> 98396.759 | I24: =1390735/E24/5 -> 69536.75 | J24: =(99.64497-84.970414)/E24/5 -> 0.7337278 | K24: =J24/100*9781797 -> 71771.764 | L24: =IF(ABS(H24-F24)>11576/E24,H24,F24) -> 98396.759 | M24: =IF(ABS(K24-I24)>11576/E24/5,K24,I24) -> 71771.764 | N24: =IFERROR(ROUND(M24/L24,2),"") -> 0.73
B25: Rocket launcher | C25: Deathbringer | E25: 3 | F25: =979906/2/E25 -> 163317.67 | G25: =(100-92.426036)/E25 -> 2.5246547 | H25: =G25/100*6306021 -> 159205.25 | I25: =3285290/2/5/E25 -> 109509.67 | J25: =(100-71.360947)/E25/5 -> 1.9092702 | K25: =J25/100*6306021 -> 120398.98 | L25: =IF(ABS(H25-F25)>11576/E25,H25,F25) -> 159205.25 | M25: =IF(ABS(K25-I25)>11576/E25/5,K25,I25) -> 120398.98 | N25: =IFERROR(ROUND(M25/L25,2),"") -> 0.76
B26: Super | C26: Winter's Wrath | D26: Whisper of Fissures, light heavy cycle | E26: 1 | F26: 346397 | G26: =(99.64497-96.094675)/E26 -> 3.550295 | H26: =G26/100*9781797 -> 347282.65 | I26: =1236363/E26/5 -> 247272.6 | J26: =(99.64497-86.272189)/E26/5 -> 2.6745562 | K26: =J26/100*9781797 -> 261619.66 | L26: =IF(ABS(H26-F26)>11576/E26,H26,F26) -> 346397 | M26: =IF(ABS(K26-I26)>11576/E26/5,K26,I26) -> 261619.66 | N26: =IFERROR(ROUND(M26/L26,2),"") -> 0.76
B27: Fusion rifle | C27: One Thousand Voices | D27: Ember of Ashes | E27: 4 | F27: =559685/E27 -> 139921.25 | G27: =(99.64497-93.846154)/E27 -> 1.449704 | H27: =G27/100*9781797 -> 141807.1 | I27: =2099328/5/E27 -> 104966.4 | J27: =(99.64497-77.39645)/5/E27 -> 1.112426 | K27: =J27/100*9781797 -> 108815.25 | L27: =IF(ABS(H27-F27)>11576/E27,H27,F27) -> 139921.25 | M27: =IF(ABS(K27-I27)>11576/E27/5,K27,I27) -> 108815.25 | N27: =IFERROR(ROUND(M27/L27,2),"") -> 0.78
B28: Sword | C28: Wave sword frame | D28: 1H2L | E28: 3 | F28: =408132/E28 -> 136044 | G28: =(100-95.130641)/E28 -> 1.6231197 | H28: =G28/100*8440119 -> 136993.23 | I28: =1807779/E28/5 -> 120518.6 | J28: =(100-81.11639)/E28/5 -> 1.2589073 | K28: =J28/100*8440119 -> 106253.28 | L28: =IF(ABS(H28-F28)>11576/E28,H28,F28) -> 136044 | M28: =IF(ABS(K28-I28)>11576/E28/5,K28,I28) -> 106253.28 | N28: =IFERROR(ROUND(M28/L28,2),"") -> 0.78
B29: Grenade | C29: Glacier | D29: Whisper of Fissures, Touch of Winter | E29: 1 | F29: 86236 | G29: =(100-98.931116)/E29 -> 1.068884 | H29: =G29/100*8440119 -> 90215.082 | I29: =352309/5 -> 70461.8 | J29: =(100-95.724466)/E29/5 -> 0.8551068 | K29: =J29/100*8440119 -> 72172.031 | L29: =IF(ABS(H29-F29)>11576/E29,H29,F29) -> 86236 | M29: =IF(ABS(K29-I29)>11576/E29/5,K29,I29) -> 70461.8 | N29: =IFERROR(ROUND(M29/L29,2),"") -> 0.82
B30: Sniper rifle | C30: Critical Anomaly | D30: Chill Clip, Whisper of Fissures | E30: 2 | F30: =99694/E30 -> 49847 | G30: =(99.64497-98.579882)/E30 -> 0.532544 | H30: =G30/100*9781797 -> 52092.373 | I30: =412128/5/E30 -> 41212.8 | J30: =(99.64497-95.502959)/5/E30 -> 0.4142011 | K30: =J30/100*9781797 -> 40516.311 | L30: =IF(ABS(H30-F30)>11576/E30,H30,F30) -> 49847 | M30: =IF(ABS(K30-I30)>11576/E30/5,K30,I30) -> 41212.8 | N30: =IFERROR(ROUND(M30/L30,2),"") -> 0.83
B31: Rocket launcher | C31: Two-Tailed Fox | D31: Ember of Ashes | E31: 2 | F31: =298230/E31 -> 149115 | G31: =(99.64497-96.568047)/E31 -> 1.5384615 | H31: =G31/100*9781797 -> 150489.18 | I31: =1248194/5/E31 -> 124819.4 | J31: =(99.64497-86.982249)/5/E31 -> 1.2662721 | K31: =J31/100*9781797 -> 123864.17 | L31: =IF(ABS(H31-F31)>11576/E31,H31,F31) -> 149115 | M31: =IF(ABS(K31-I31)>11576/E31/5,K31,I31) -> 124819.4 | N31: =IFERROR(ROUND(M31/L31,2),"") -> 0.84
B32: Grenade | C32: Solar | D32: Ember of Ashes, Touch of Flame | E32: 4 | F32: =463086/E32 -> 115771.5 | G32: =(99.64497-94.911243)/E32 -> 1.1834318 | H32: =G32/100*9781797 -> 115760.89 | I32: =1935053/E32/5 -> 96752.65 | J32: =(99.64497-79.881657)/E32/5 -> 0.98816565 | K32: =J32/100*9781797 -> 96660.358 | L32: =IF(ABS(H32-F32)>11576/E32,H32,F32) -> 115771.5 | M32: =IF(ABS(K32-I32)>11576/E32/5,K32,I32) -> 96752.65 | N32: =IFERROR(ROUND(M32/L32,2),"") -> 0.84
B33: Grenade | C33: Pulse | D33: Spark of Shock, Spark of Magnitude | E33: 1 | F33: 127279 | G33: =(99.64497-98.343195)/E33 -> 1.301775 | H33: =G33/100*9781797 -> 127336.99 | I33: =525053/E33/5 -> 105010.6 | J33: =(99.64497-94.08284)/E33/5 -> 1.112426 | K33: =J33/100*9781797 -> 108815.25 | L33: =IF(ABS(H33-F33)>11576/E33,H33,F33) -> 127279 | M33: =IF(ABS(K33-I33)>11576/E33/5,K33,I33) -> 108815.25 | N33: =IFERROR(ROUND(M33/L33,2),"") -> 0.85
B34: Grenade | C34: Swarm | D34: Ember of Ashes, includes ignition | E34: 4 | F34: =78587/E34 -> 19646.75 | G34: =(99.64497-98.343195)/E34 -> 0.32544375 | H34: =G34/100*9781797 -> 31834.247 | I34: =410223/E34/5 -> 20511.15 | J34: =(99.64497-94.08284)/E34/5 -> 0.2781065 | K34: =J34/100*9781797 -> 27203.813 | L34: =IF(ABS(H34-F34)>11576/E34,H34,F34) -> 31834.247 | M34: =IF(ABS(K34-I34)>11576/E34/5,K34,I34) -> 27203.813 | N34: =IFERROR(ROUND(M34/L34,2),"") -> 0.85
B35: Sword | C35: Ergo Sum | D35: Caster frame, 1H2L, The Perfect Fifth, Transcendent | E35: 3 | F35: =538058/E35 -> 179352.67 | G35: =(100-93.349169)/E35 -> 2.2169437 | H35: =G35/100*8440119 -> 187112.68 | I35: =2304868/5/E35 -> 153657.87 | J35: =(100-71.496437)/E35/5 -> 1.9002375 | K35: =J35/100*8440119 -> 160382.31 | L35: =IF(ABS(H35-F35)>11576/E35,H35,F35) -> 187112.68 | M35: =IF(ABS(K35-I35)>11576/E35/5,K35,I35) -> 160382.31 | N35: =IFERROR(ROUND(M35/L35,2),"") -> 0.86
B36: Grenade | C36: Tripmine | D36: Ember of Ashes, Young Ahamkara's Spine, includes ignition | E36: 2 | F36: =123990/E36 -> 61995 | G36: =(99.64497-98.343195)/E36 -> 0.6508875 | H36: =G36/100*9781797 -> 63668.494 | I36: =498121/E36/5 -> 49812.1 | J36: =(99.64497-94.08284)/E36/5 -> 0.556213 | K36: =J36/100*9781797 -> 54407.627 | L36: =IF(ABS(H36-F36)>11576/E36,H36,F36) -> 61995 | M36: =IF(ABS(K36-I36)>11576/E36/5,K36,I36) -> 54407.627 | N36: =IFERROR(ROUND(M36/L36,2),"") -> 0.88
B37: Super | C37: Thundercrash | E37: 1 | F37: 535983 | G37: =(99.526627-94.08284)/E37 -> 5.443787 | H37: =G37/100*9781797 -> 532500.19 | I37: =2343162/E37/5 -> 468632.4 | J37: =(99.64497-75.147929)/E37/5 -> 4.8994082 | K37: =J37/100*9781797 -> 479250.16 | L37: =IF(ABS(H37-F37)>11576/E37,H37,F37) -> 535983 | M37: =IF(ABS(K37-I37)>11576/E37/5,K37,I37) -> 479250.16 | N37: =IFERROR(ROUND(M37/L37,2),"") -> 0.89
B38: Rocket launcher | C38: The Wardcliff Coil | E38: 1 | F38: 111120 | G38: =(99.64497-98.461538)/E38 -> 1.183432 | H38: =G38/100*9781797 -> 115760.92 | I38: =548200/5 -> 109640 | J38: =(99.64497-94.43787)/5/E38 -> 1.04142 | K38: =J38/100*9781797 -> 101869.59 | L38: =IF(ABS(H38-F38)>11576/E38,H38,F38) -> 111120 | M38: =IF(ABS(K38-I38)>11576/E38/5,K38,I38) -> 101869.59 | N38: =IFERROR(ROUND(M38/L38,2),"") -> 0.92
